Fund_Name,EOM_Date,Instrument_ID,Instrument_Type,Position,Fund_Price,Market_Value,Realized_PL
Applebead,2022-08-31,ACGL,Equities,184611.9567,45.7200,8440458.6605,-45146.6672
Applebead,2022-08-31,ANSS,Equities,272170.7705,248.3000,67580002.3037,-155192.2077
Applebead,2022-08-31,ARE,Equities,194106.2859,147.7100,28671439.4911,74118.2839
Applebead,2022-08-31,AVY,Equities,152964.1927,180.5200,27613096.0657,-18090.6195
Applebead,2022-08-31,AXP,Equities,310148.0873,149.8300,46469487.9144,204368.4078
Applebead,2022-08-31,AZO,Equities,269005.9941,2119.2100,570080192.6579,1461803.7568
Applebead,2022-08-31,BBY,Equities,126591.0560,67.4500,8538566.7289,13778.0532
Applebead,2022-08-31,BK,Equities,198325.9878,40.1100,7954855.3696,4534.3584
Applebead,2022-08-31,BR,Equities,103382.6958,167.9100,17358988.4440,-58223.6676
Applebead,2022-08-31,CAG,Equities,135030.4598,33.1100,4470858.5227,9079.8679
Applebead,2022-08-31,COP,Equities,270060.9195,104.1700,28132245.9864,-148288.4801
Applebead,2022-08-31,CPB,Equities,147689.5654,48.9400,7227927.3288,-1030.0145
Applebead,2022-08-31,CPRT,Equities,122371.3542,29.9100,3660127.2029,19193.8698
Applebead,2022-08-31,CRL,Equities,272170.7705,205.2500,55863050.6357,129146.1222
Applebead,2022-08-31,CSCO,Equities,133975.5343,43.3000,5801140.6349,25530.6985
Applebead,2022-08-31,DAL,Equities,32702.6895,31.0000,1013783.3737,-5540.6691
Applebead,2022-08-31,DGX,Equities,201490.7642,122.8300,24749110.5634,-43036.4606
Applebead,2022-08-31,DRI,Equities,175117.6275,119.6500,20952824.1305,-135727.9301
Applebead,2022-08-31,EBAY,Equities,166678.2238,43.4100,7235501.6937,41044.9697
Applebead,2022-08-31,ENPH,Equities,91778.5156,286.4400,26289038.0137,102467.8025
Applebead,2022-08-31,EW,Equities,224699.1244,90.1000,20245391.1125,-26932.4356
Applebead,2022-08-31,EXR,Equities,184611.9567,189.9100,35059656.6975,-59986.1547
Applebead,2022-08-31,FOXA,Equities,171952.8511,33.9400,5836079.7664,-3794.1717
Applebead,2022-08-31,GOOG,Equities,84394.0374,109.1500,9211609.1768,26392.9888
Applebead,2022-08-31,GWW,Equities,29537.9131,548.9100,16213655.8646,13911.6720
Applebead,2022-08-31,HAL,Equities,49581.4969,29.6300,1469099.7544,-3064.1959
Applebead,2022-08-31,HOLX,Equities,285884.8015,67.5600,19314377.1909,77174.5879
Applebead,2022-08-31,IEX,Equities,302763.6090,198.8900,60216654.1927,31865.4537
Applebead,2022-08-31,IFF,Equities,226808.9754,106.5500,24166496.3266,-65592.6154
Applebead,2022-08-31,LEN,Equities,299598.8326,76.3000,22859390.9268,-4566.7713
Applebead,2022-08-31,LLY,Equities,56965.9752,298.0400,16978139.2520,-47609.9649
Applebead,2022-08-31,LYB,Equities,54856.1243,78.7200,4318274.1031,24054.9112
Applebead,2022-08-31,LYV,Equities,25318.2112,90.3600,2287753.5645,-2241.7828
Applebead,2022-08-31,MCO,Equities,170897.9256,281.7400,48148781.5681,-159872.4376
Applebead,2022-08-31,META,Equities,297488.9817,162.9300,48469879.7817,36895.6106
Applebead,2022-08-31,MHK,Equities,198325.9878,110.3600,21887256.0106,101115.4759
Applebead,2022-08-31,MMC,Equities,123426.2796,159.0800,19634652.5627,47009.2766
Applebead,2022-08-31,NWL,Equities,95998.2175,17.1200,1643489.4834,-530.4816
Applebead,2022-08-31,ODFL,Equities,105492.5467,270.1700,28500921.3386,-83124.7988
Applebead,2022-08-31,PEP,Equities,29537.9131,167.7500,4954984.9179,6912.2495
Applebead,2022-08-31,PNR,Equities,315422.7146,43.7400,13796589.5364,-36896.4340
Applebead,2022-08-31,PTC,Equities,25318.2112,114.8900,2908809.2853,10051.5922
Applebead,2022-08-31,QRVO,Equities,277445.3978,89.7800,24909047.8134,259694.4929
Applebead,2022-08-31,REGN,Equities,174062.7020,581.0600,101140873.6442,-209115.9839
Applebead,2022-08-31,ROK,Equities,254237.0375,232.9500,59224517.8896,158798.4810
Applebead,2022-08-31,SEDG,Equities,166678.2238,275.9700,45998189.4128,-404995.0276
Applebead,2022-08-31,SLB,Equities,179337.3294,37.4600,6717976.3582,13771.1441
Applebead,2022-08-31,SO,Equities,254237.0375,74.0000,18813540.7763,18023.0816
Applebead,2022-08-31,STT,Equities,105492.5467,65.9700,6959343.3050,-24098.0615
Applebead,2022-08-31,SYY,Equities,173007.7766,80.1100,13859652.9808,2625.8408
Applebead,2022-08-31,TEL,Equities,10549.2547,123.9500,1307580.1162,2893.9041
Applebead,2022-08-31,TFC,Equities,148744.4908,44.2100,6575993.9396,-43624.1640
Applebead,2022-08-31,TJX,Equities,37977.3168,61.3600,2330288.1593,1116.3134
Applebead,2022-08-31,TPR,Equities,233138.5282,33.6700,7849774.2438,-52629.7287
Applebead,2022-08-31,WAT,Equities,137140.3107,298.6000,40950096.7732,227596.6593
Applebead,2022-08-31,WYNN,Equities,73844.7827,60.2900,4452101.9479,-67780.3922
Applebead,2022-08-31,XYL,Equities,59075.8261,90.2800,5333365.5844,21682.7998
Applebead,2022-09-30,ACGL,Equities,187971.8943,45.5400,8560240.0671,3023.9439
Applebead,2022-09-30,ANSS,Equities,266972.3087,221.7000,59187760.8473,-691395.4082
Applebead,2022-09-30,ARE,Equities,194397.4453,136.1200,26461380.2589,16872.6889
Applebead,2022-09-30,AVY,Equities,151327.4758,160.6100,24304705.8939,-162935.1636
Applebead,2022-09-30,AXP,Equities,310458.2353,132.9800,41284736.1367,26129.9764
Applebead,2022-09-30,AZO,Equities,272422.3702,2141.9300,583509647.3551,-388100.3277
Applebead,2022-09-30,BBY,Equities,124996.0087,61.1800,7647255.8134,-50004.7330
Applebead,2022-09-30,BK,Equities,201102.5516,37.2100,7483025.9451,40260.1755
Applebead,2022-09-30,BR,Equities,101852.6319,142.1800,14481407.1974,-196842.7204
Applebead,2022-09-30,CAG,Equities,136299.7461,31.4300,4283901.0194,10662.0051
Applebead,2022-09-30,COP,Equities,263201.3722,98.7200,25983239.4601,-186922.6654
Applebead,2022-09-30,CPB,Equities,148236.0168,45.7700,6784762.4869,8661.2546
Applebead,2022-09-30,CPRT,Equities,125344.9781,26.6000,3334176.4165,49213.4756
Applebead,2022-09-30,CRL,Equities,264958.2450,196.8000,52143782.6233,-304729.1989
Applebead,2022-09-30,CSCO,Equities,136534.4670,38.7300,5287979.9068,58471.6123
Applebead,2022-09-30,DAL,Equities,32584.9598,28.0000,912378.8741,-1765.9452
Applebead,2022-09-30,DGX,Equities,198407.9555,120.2700,23862524.8058,-39459.9513
Applebead,2022-09-30,DRI,Equities,170161.7986,122.1800,20790368.5582,62691.2351
Applebead,2022-09-30,EBAY,Equities,167811.6357,36.2100,6076459.3283,40802.8292
Applebead,2022-09-30,ENPH,Equities,92182.3411,277.4700,25577834.1814,18111.5723
Applebead,2022-09-30,EW,Equities,220227.6119,82.6300,18197407.5687,-167010.9947
Applebead,2022-09-30,EXR,Equities,180236.6533,166.3300,29978762.5483,-515848.2678
Applebead,2022-09-30,FOXA,Equities,166914.6326,30.4600,5084219.7079,-87665.0025
Applebead,2022-09-30,GOOG,Equities,85769.6602,96.1500,8246752.8243,89415.4826
Applebead,2022-09-30,GWW,Equities,29393.1773,483.8700,14222476.6994,-47068.0737
Applebead,2022-09-30,HAL,Equities,50399.5916,24.3100,1225214.0728,21761.3190
Applebead,2022-09-30,HOLX,Equities,290287.4275,64.5200,18729344.8202,66919.9143
Applebead,2022-09-30,IEX,Equities,309939.1065,197.5400,61225371.1033,48434.6083
Applebead,2022-09-30,IFF,Equities,232819.4132,88.3200,20562610.5761,547851.4098
Applebead,2022-09-30,LEN,Equities,295734.0077,73.4400,21718705.5220,-55266.9966
Applebead,2022-09-30,LLY,Equities,55484.8599,319.9300,17751271.2137,162108.0757
Applebead,2022-09-30,LYB,Equities,56414.0382,71.4000,4027962.3280,57019.6498
Applebead,2022-09-30,LYV,Equities,25578.9888,76.0400,1945026.3069,18671.6744
Applebead,2022-09-30,MCO,Equities,166967.2733,240.7300,40194031.7122,-805980.2520
Applebead,2022-09-30,META,Equities,290884.7263,135.6800,39467239.6598,-899829.7973
Applebead,2022-09-30,MHK,Equities,201657.8644,91.1900,18389180.6517,319360.3716
Applebead,2022-09-30,MMC,Equities,125413.4427,147.1700,18457096.3661,118335.5627
Applebead,2022-09-30,NWL,Equities,93607.8619,13.3200,1246856.7201,-45416.7567
Applebead,2022-09-30,ODFL,Equities,108319.7469,247.9100,26853548.4636,314667.3880
Applebead,2022-09-30,PEP,Equities,29697.4178,160.0400,4752774.7452,6148.9074
Applebead,2022-09-30,PNR,Equities,310691.3739,39.9400,12409013.4726,-89895.4737
Applebead,2022-09-30,PTC,Equities,26057.5030,104.6000,2725614.8109,38036.5614
Applebead,2022-09-30,QRVO,Equities,283909.8756,79.4100,22545283.2180,335183.1723
Applebead,2022-09-30,REGN,Equities,173000.9196,688.8700,119175143.4519,572353.8471
Applebead,2022-09-30,ROK,Equities,259092.9649,211.4900,54795571.1538,521041.0118
Applebead,2022-09-30,SEDG,Equities,164711.4207,231.4600,38124105.4412,-437712.0167
Applebead,2022-09-30,SLB,Equities,177543.9561,35.4200,6288606.9242,-18292.4076
Applebead,2022-09-30,SO,Equities,246737.0449,65.2900,16109461.6622,-326624.6780
Applebead,2022-09-30,STT,Equities,103361.5972,59.3000,6129342.7166,-71067.1639
Applebead,2022-09-30,SYY,Equities,173907.4170,68.9000,11982221.0317,50424.8466
Applebead,2022-09-30,TEL,Equities,10492.2887,108.3800,1137154.2486,-4434.8012
Applebead,2022-09-30,TFC,Equities,148342.8807,41.0900,6095408.9681,-6265.1180
Applebead,2022-09-30,TJX,Equities,38395.0673,61.1400,2347474.4143,459.5255
Applebead,2022-09-30,TPR,Equities,231040.2814,27.8100,6425230.2265,-61478.6299
Applebead,2022-09-30,WAT,Equities,140143.6835,269.5300,37772927.0132,436540.2371
Applebead,2022-09-30,WYNN,Equities,73025.1056,62.7200,4580134.6228,9959.0766
Applebead,2022-09-30,XYL,Equities,60794.9327,86.5700,5263017.3226,31889.4263
Applebead,2022-10-31,ACGL,Equities,190076.4706,57.5000,10929397.0607,-125853.6631
Applebead,2022-10-31,ANSS,Equities,271299.8240,221.1600,60000669.0733,11684.2912
Applebead,2022-10-31,ARE,Equities,191718.7786,141.0900,27049602.4711,66564.8686
Applebead,2022-10-31,AVY,Equities,154891.5415,167.3700,25924197.3050,-120465.4203
Applebead,2022-10-31,AXP,Equities,306395.2954,146.8900,45006404.9421,282577.4730
Applebead,2022-10-31,AZO,Equities,275327.6349,2532.8800,697371859.9201,-5679066.2423
Applebead,2022-10-31,BBY,Equities,129933.0599,66.0800,8585976.5985,-120957.7540
Applebead,2022-10-31,BK,Equities,203522.1287,41.0400,8352548.1599,-46334.9005
Applebead,2022-10-31,BR,Equities,103041.5329,147.8400,15233660.2177,-33645.8983
Applebead,2022-10-31,CAG,Equities,133531.6217,35.3500,4720342.8256,54255.2387
Applebead,2022-10-31,COP,Equities,276191.3024,121.6300,33593148.1101,-1487996.5077
Applebead,2022-10-31,CPB,Equities,150953.5048,51.7900,7817882.0114,-81796.3889
Applebead,2022-10-31,CPRT,Equities,125124.7096,28.7600,3598586.6488,2378.8991
Applebead,2022-10-31,CRL,Equities,272823.9803,212.2500,57906889.8193,-607628.0493
Applebead,2022-10-31,CSCO,Equities,134725.7973,44.4000,5981825.3995,51275.7864
Applebead,2022-10-31,DAL,Equities,31943.9871,33.8600,1081623.4024,18780.5005
Applebead,2022-10-31,DGX,Equities,203324.3301,141.5700,28784625.4161,-523593.8998
Applebead,2022-10-31,DRI,Equities,170862.2692,139.7200,23872876.2461,-61431.2637
Applebead,2022-10-31,EBAY,Equities,170661.8333,39.1900,6688237.2476,-42467.9446
Applebead,2022-10-31,ENPH,Equities,90108.1466,307.0000,27663201.0166,306254.8110
Applebead,2022-10-31,EW,Equities,229530.1556,72.4300,16624869.1716,474429.7314
Applebead,2022-10-31,EXR,Equities,189079.5661,170.8800,32309916.2476,-201176.2645
Applebead,2022-10-31,FOXA,Equities,174067.8712,28.6700,4990525.8664,64021.4855
Applebead,2022-10-31,GOOG,Equities,85837.1754,94.6600,8125347.0223,502.9885
Applebead,2022-10-31,GWW,Equities,29112.5671,578.0000,16827063.7978,132069.1785
Applebead,2022-10-31,HAL,Equities,48758.4441,35.9600,1753353.6496,95596.8447
Applebead,2022-10-31,HOLX,Equities,279595.3359,67.8000,18956563.7733,175350.3019
Applebead,2022-10-31,IEX,Equities,305972.9032,220.4100,67439487.6051,453535.3448
Applebead,2022-10-31,IFF,Equities,222658.3711,94.9100,21132506.0038,334806.3371
Applebead,2022-10-31,LEN,Equities,292767.9792,79.8800,23386306.1793,95506.1159
Applebead,2022-10-31,LLY,Equities,55781.0829,358.2600,19984130.7694,-56771.1516
Applebead,2022-10-31,LYB,Equities,56392.0958,72.5100,4088990.8634,121.7806
Applebead,2022-10-31,LYV,Equities,25325.8067,79.6100,2016187.4689,4519.3007
Applebead,2022-10-31,MCO,Equities,168830.0607,262.2800,44280748.3292,-200715.3412
Applebead,2022-10-31,META,Equities,292520.9157,93.1600,27251248.5034,347853.8663
Applebead,2022-10-31,MHK,Equities,200567.0714,94.7500,19003730.0184,19416.1142
Applebead,2022-10-31,MMC,Equities,120019.7143,159.7900,19177950.1491,340344.2633
Applebead,2022-10-31,NWL,Equities,96948.5998,13.2500,1284568.9479,1169.2583
Applebead,2022-10-31,ODFL,Equities,105070.5765,273.6500,28752563.2595,418168.2354
Applebead,2022-10-31,PEP,Equities,28997.3693,178.0000,5161531.7289,62864.3589
Applebead,2022-10-31,PNR,Equities,309997.4439,42.4400,13156291.5193,8674.1247
Applebead,2022-10-31,PTC,Equities,24746.0196,117.8300,2915823.4932,86754.6230
Applebead,2022-10-31,QRVO,Equities,280885.7207,86.0800,24178642.8397,100855.5638
Applebead,2022-10-31,REGN,Equities,170163.6975,748.7500,127410068.5098,849464.2797
Applebead,2022-10-31,ROK,Equities,259474.3205,251.0000,65128054.4430,-75336.7901
Applebead,2022-10-31,SEDG,Equities,163511.3375,230.0300,37612512.9685,-8580.5950
Applebead,2022-10-31,SLB,Equities,175302.2395,51.3300,8998263.9514,178328.5569
Applebead,2022-10-31,SO,Equities,257694.6612,62.8700,16201263.3514,132587.1574
Applebead,2022-10-31,STT,Equities,104743.5496,72.1600,7558294.5396,-88859.5369
Applebead,2022-10-31,SYY,Equities,175845.1041,84.8900,14927490.8873,-154918.0834
Applebead,2022-10-31,TEL,Equities,10511.2774,120.0400,1261773.7333,-1107.0388
Applebead,2022-10-31,TFC,Equities,148209.0107,42.2700,6264794.8807,789.8332
Applebead,2022-10-31,TJX,Equities,37848.1939,70.9600,2685707.8413,26851.4821
Applebead,2022-10-31,TPR,Equities,235143.5195,30.9900,7287097.6700,-65241.4857
Applebead,2022-10-31,WAT,Equities,139485.4100,299.1700,41729850.1117,97556.1314
Applebead,2022-10-31,WYNN,Equities,71777.1288,63.5900,4564307.6182,5428.6992
Applebead,2022-10-31,XYL,Equities,58869.0608,101.5000,5975209.6665,143766.3397
Applebead,2022-11-30,ACGL,Equities,188821.1093,59.9100,11312272.6591,15127.1037
Applebead,2022-11-30,ANSS,Equities,264495.5547,254.3000,67261219.5671,1127467.4166
Applebead,2022-11-30,ARE,Equities,194086.8753,151.1000,29326526.8543,-118523.2392
Applebead,2022-11-30,AVY,Equities,150348.5050,190.8400,28692508.6946,533125.3360
Applebead,2022-11-30,AXP,Equities,318087.8783,155.9300,49599442.8626,-528504.7466
Applebead,2022-11-30,AZO,Equities,265831.7233,2579.0000,685580014.4515,2189757.2127
Applebead,2022-11-30,BBY,Equities,127553.1481,82.3900,10509103.8679,194081.8116
Applebead,2022-11-30,BK,Equities,202312.3401,44.7300,9049430.9739,22320.5983
Applebead,2022-11-30,BR,Equities,102410.8984,146.9000,15044160.9770,-2963.9819
Applebead,2022-11-30,CAG,Equities,138244.1847,36.9200,5103975.2992,-36993.6199
Applebead,2022-11-30,COP,Equities,265010.7803,119.6100,31697939.4347,-112923.2729
Applebead,2022-11-30,CPB,Equities,143761.0229,52.5400,7553204.1444,26971.8069
Applebead,2022-11-30,CPRT,Equities,120866.1865,33.2800,4022426.6868,96242.6226
Applebead,2022-11-30,CRL,Equities,269830.1018,228.5700,61675066.3749,244300.4836
Applebead,2022-11-30,CSCO,Equities,137257.9349,48.5900,6669363.0560,-53048.2827
Applebead,2022-11-30,DAL,Equities,33445.0405,35.3000,1180609.9305,-10807.5848
Applebead,2022-11-30,DGX,Equities,201631.8077,149.6400,30172183.7055,68293.2796
Applebead,2022-11-30,DRI,Equities,173418.9865,143.4700,24880421.9953,-47938.4505
Applebead,2022-11-30,EBAY,Equities,167778.3000,44.9200,7536601.2379,82613.2282
Applebead,2022-11-30,ENPH,Equities,90300.8815,320.5900,28949559.6055,-13096.3353
Applebead,2022-11-30,EW,Equities,230024.4937,77.2500,17769392.1379,-11913.5476
Applebead,2022-11-30,EXR,Equities,187399.5972,154.7500,29000087.6744,-135489.4842
Applebead,2022-11-30,FOXA,Equities,174807.2684,32.2200,5632290.1888,-13124.3014
Applebead,2022-11-30,GOOG,Equities,85356.1294,101.4500,8659379.3252,16331.5121
Applebead,2022-11-30,GWW,Equities,30270.4533,598.2500,18109298.6967,-117235.9770
Applebead,2022-11-30,HAL,Equities,49759.9903,37.4100,1861521.2383,-7261.2102
Applebead,2022-11-30,HOLX,Equities,288629.2956,76.1600,21982007.1543,-377619.5166
Applebead,2022-11-30,IEX,Equities,294588.9916,235.4600,69363923.9505,856639.3553
Applebead,2022-11-30,IFF,Equities,230347.1954,102.8900,23700422.9341,-306784.0882
Applebead,2022-11-30,LEN,Equities,295734.0077,86.9400,25711114.6253,-104700.8040
Applebead,2022-11-30,LLY,Equities,57045.7276,368.1300,21000243.6928,-62410.2135
Applebead,2022-11-30,LYB,Equities,55503.4265,81.7300,4536295.0514,40967.6507
Applebead,2022-11-30,LYV,Equities,25277.7021,72.7600,1839205.6024,-1647.5826
Applebead,2022-11-30,MCO,Equities,171188.4521,296.0600,50682053.1309,-398332.3030
Applebead,2022-11-30,META,Equities,298827.6821,118.1000,35291549.2532,-786453.7715
Applebead,2022-11-30,MHK,Equities,194795.7852,101.3300,19738656.9133,189875.3174
Applebead,2022-11-30,MMC,Equities,126092.2873,171.3600,21607174.3456,-351298.3456
Applebead,2022-11-30,NWL,Equities,97841.3833,12.6600,1238671.9121,2633.7111
Applebead,2022-11-30,ODFL,Equities,106558.0214,301.5600,32133636.9361,-207572.9370
Applebead,2022-11-30,PEP,Equities,30045.9652,181.8500,5463858.7675,-20185.4713
Applebead,2022-11-30,PNR,Equities,306149.2868,45.2300,13847132.2414,53681.7918
Applebead,2022-11-30,PTC,Equities,25166.3019,127.2100,3201405.2695,-19711.2402
Applebead,2022-11-30,QRVO,Equities,271979.7235,99.2500,26993987.5526,586459.9202
Applebead,2022-11-30,REGN,Equities,173993.0770,751.7000,130790595.9461,-56483.3468
Applebead,2022-11-30,ROK,Equities,258101.4405,260.9900,67361894.9528,68575.3561
Applebead,2022-11-30,SEDG,Equities,171045.1932,298.8600,51118566.4484,-2592776.4441
Applebead,2022-11-30,SLB,Equities,182601.2688,50.8600,9287100.5293,17152.7189
Applebead,2022-11-30,SO,Equities,260440.4212,65.6300,17092704.8455,-37891.4881
Applebead,2022-11-30,STT,Equities,106020.0094,77.6900,8236694.5319,-35294.1139
Applebead,2022-11-30,SYY,Equities,174616.7489,84.8400,14814484.9758,-307.0888
Applebead,2022-11-30,TEL,Equities,10705.3836,124.4100,1331856.7784,-4241.2223
Applebead,2022-11-30,TFC,Equities,150380.6802,44.7000,6722016.4062,-26385.7852
Applebead,2022-11-30,TJX,Equities,37548.1731,79.1100,2970435.9761,12225.8477
Applebead,2022-11-30,TPR,Equities,232345.8572,36.9400,8582855.9644,83230.4546
Applebead,2022-11-30,WAT,Equities,139279.6995,346.6000,48274343.8608,48784.2370
Applebead,2022-11-30,WYNN,Equities,75011.5302,83.2500,6244709.8931,-317941.6656
Applebead,2022-11-30,XYL,Equities,57362.6272,111.6300,6403390.0729,76300.8602
Applebead,2022-12-31,ACGL,Equities,182248.9237,62.7800,11441587.4272,94310.8642
Applebead,2022-12-31,ANSS,Equities,277777.4883,241.5900,67108263.4045,844066.8802
Applebead,2022-12-31,ARE,Equities,198434.8561,142.6500,28306732.2199,183702.1890
Applebead,2022-12-31,AVY,Equities,149338.9413,179.3700,26786925.9064,-57898.4766
Applebead,2022-12-31,AXP,Equities,318398.0264,146.1900,46546607.4769,15104.2118
Applebead,2022-12-31,AZO,Equities,265670.3197,2466.1800,655190829.1046,-91047.7687
Applebead,2022-12-31,BBY,Equities,123666.8026,78.3200,9685583.9821,-79087.1293
Applebead,2022-12-31,BK,Equities,196779.0451,44.3600,8729118.4392,-10236.5959
Applebead,2022-12-31,BR,Equities,102752.0613,132.8100,13646501.2625,24034.9260
Applebead,2022-12-31,CAG,Equities,133572.1308,37.6200,5024983.5605,16352.1887
Applebead,2022-12-31,COP,Equities,262310.1711,114.9700,30157800.3748,-62654.1333
Applebead,2022-12-31,CPB,Equities,151042.1185,55.5500,8390389.6825,-109580.4884
Applebead,2022-12-31,CPRT,Equities,123656.2534,30.4400,3764096.3528,39618.9496
Applebead,2022-12-31,CRL,Equities,279138.3422,217.9000,60824244.7605,496594.6226
Applebead,2022-12-31,CSCO,Equities,136494.2743,46.5600,6355173.4132,-7751.1545
Applebead,2022-12-31,DAL,Equities,32342.9599,32.7900,1060525.6548,-13831.1120
Applebead,2022-12-31,DGX,Equities,207192.9528,154.1800,31945009.4626,-126237.9936
Applebead,2022-12-31,DRI,Equities,175678.0039,135.0200,23720044.0879,95443.4849
Applebead,2022-12-31,EBAY,Equities,167161.5906,41.0000,6853625.2152,-12087.5048
Applebead,2022-12-31,ENPH,Equities,89805.2775,264.9600,23794806.3350,-137852.2482
Applebead,2022-12-31,EW,Equities,224002.5572,74.6100,16712830.7896,-79489.5623
Applebead,2022-12-31,EXR,Equities,187214.9853,143.0900,26788592.2455,-10762.8771
Applebead,2022-12-31,FOXA,Equities,168857.6998,30.1600,5092748.2254,-61280.5571
Applebead,2022-12-31,GOOG,Equities,84427.7950,88.7300,7491278.2472,-59042.0685
Applebead,2022-12-31,GWW,Equities,30181.8396,551.8100,16654640.8973,-20576.1102
Applebead,2022-12-31,HAL,Equities,48644.4067,38.9800,1896158.9713,8757.3319
Applebead,2022-12-31,HOLX,Equities,293946.7529,74.8100,21990156.5864,35892.8368
Applebead,2022-12-31,IEX,Equities,309575.7902,226.3700,70078671.6266,681149.9984
Applebead,2022-12-31,IFF,Equities,232002.9009,102.7400,23835978.0400,1241.7791
Applebead,2022-12-31,LEN,Equities,300617.4686,89.5800,26929312.8393,-64461.6848
Applebead,2022-12-31,LLY,Equities,57575.5111,362.9400,20896456.0154,13747.8836
Applebead,2022-12-31,LYB,Equities,55832.5633,79.8200,4456555.2018,3143.2559
Applebead,2022-12-31,LYV,Equities,25761.2799,69.7400,1796591.6603,7302.0253
Applebead,2022-12-31,MCO,Equities,171530.2480,276.5600,47438405.3755,33325.0955
Applebead,2022-12-31,META,Equities,303557.7569,120.3400,36530140.4635,-52976.8379
Applebead,2022-12-31,MHK,Equities,196957.5385,102.2200,20132999.5811,-9619.8020
Applebead,2022-12-31,MMC,Equities,123389.2517,163.7400,20203756.0800,-102985.6535
Applebead,2022-12-31,NWL,Equities,97284.5936,12.7700,1242324.2603,306.2343
Applebead,2022-12-31,ODFL,Equities,108235.3529,283.0900,30640346.0529,154901.5633
Applebead,2022-12-31,PEP,Equities,30276.3609,178.2000,5395247.5123,4204.7219
Applebead,2022-12-31,PNR,Equities,311637.6420,44.4500,13852293.1878,21404.5854
Applebead,2022-12-31,PTC,Equities,24857.4198,120.0400,2983884.6681,-11073.4260
Applebead,2022-12-31,QRVO,Equities,282633.6267,90.6400,25617911.9265,458650.5360
Applebead,2022-12-31,REGN,Equities,169885.1972,721.4900,122570470.9175,-620495.2390
Applebead,2022-12-31,ROK,Equities,257821.7797,254.4200,65595017.2030,-9186.8554
Applebead,2022-12-31,SEDG,Equities,161777.8840,283.2700,45826821.1972,-722386.7554
Applebead,2022-12-31,SLB,Equities,175678.8478,52.9200,9296924.6282,71300.9354
Applebead,2022-12-31,SO,Equities,249609.9234,69.2900,17295471.5948,198198.1097
Applebead,2022-12-31,STT,Equities,103773.0182,76.2600,7913730.3661,-16065.9874
Applebead,2022-12-31,SYY,Equities,174339.9364,74.9700,13070265.0354,-13660.6940
Applebead,2022-12-31,TEL,Equities,10675.8457,113.2500,1209039.5283,-1648.2155
Applebead,2022-12-31,TFC,Equities,146037.3411,41.0900,6000674.3457,-78397.2713
Applebead,2022-12-31,TJX,Equities,36902.5587,78.6700,2903124.2962,-1420.3516
Applebead,2022-12-31,TPR,Equities,234467.4178,37.5500,8804251.5380,-6470.7598
Applebead,2022-12-31,WAT,Equities,135247.7744,342.5800,46333182.5561,-81041.6952
Applebead,2022-12-31,WYNN,Equities,72899.5695,82.0700,5982867.6658,-12460.5686
Applebead,2022-12-31,XYL,Equities,58384.6390,109.8600,6414136.4383,9044.8044
Applebead,2023-01-31,ACGL,Equities,182248.9237,64.3500,11727718.2374,0.0000
Applebead,2023-01-31,ANSS,Equities,269176.8920,266.3600,71697956.9475,1065183.8575
Applebead,2023-01-31,ARE,Equities,192922.2376,157.4100,30367889.4145,406831.2468
Applebead,2023-01-31,AVY,Equities,154738.5773,187.7400,29050620.5084,-225974.7667
Applebead,2023-01-31,AXP,Equities,304317.3032,173.6900,52856872.3965,1936099.4347
Applebead,2023-01-31,AZO,Equities,276349.8577,2438.8500,673975850.4298,1459358.8628
Applebead,2023-01-31,BBY,Equities,125894.8052,86.6300,10906266.9759,-92573.5075
Applebead,2023-01-31,BK,Equities,195589.0891,49.6600,9712954.1668,31533.8321
Applebead,2023-01-31,BR,Equities,104096.0364,148.8800,15497817.8925,-107988.3948
Applebead,2023-01-31,CAG,Equities,132343.3536,36.4800,4827885.5397,-7004.0299
Applebead,2023-01-31,COP,Equities,268845.6454,118.7500,31925420.3892,-123520.4634
Applebead,2023-01-31,CPB,Equities,151972.5628,51.1700,7776436.0363,20376.7293
Applebead,2023-01-31,CPRT,Equities,120609.2067,33.3000,4016286.5817,43572.7681
Applebead,2023-01-31,CRL,Equities,271762.5143,243.2500,66106231.6031,934886.1837
Applebead,2023-01-31,CSCO,Equities,134725.7973,47.9400,6458754.7219,12202.4917
Applebead,2023-01-31,DAL,Equities,31996.3114,39.0200,1248496.0701,10798.1010
Applebead,2023-01-31,DGX,Equities,202034.7892,146.9900,29697093.6699,-185435.9801
Applebead,2023-01-31,DRI,Equities,179530.5917,145.6300,26145040.0714,-204379.7831
Applebead,2023-01-31,EBAY,Equities,163628.0123,48.9400,8007954.9206,140283.0603
Applebead,2023-01-31,ENPH,Equities,89190.3615,221.3800,19744962.2240,-133990.2083
Applebead,2023-01-31,EW,Equities,223755.3881,76.7000,17162038.2690,2582.9164
Applebead,2023-01-31,EXR,Equities,184224.2716,153.4500,28269214.4761,154918.9696
Applebead,2023-01-31,FOXA,Equities,172675.0531,33.7000,5819149.2886,-67567.1533
Applebead,2023-01-31,GOOG,Equities,84469.9920,99.8700,8436018.0994,-2350.3739
Applebead,2023-01-31,GWW,Equities,28976.6927,584.7800,16944990.3712,198668.4588
Applebead,2023-01-31,HAL,Equities,50821.0344,40.8300,2075022.8332,-20133.8064
Applebead,2023-01-31,HOLX,Equities,281024.7599,81.3700,22866984.7129,423841.3713
Applebead,2023-01-31,IEX,Equities,297162.4822,238.2300,70793018.1409,736109.1625
Applebead,2023-01-31,IFF,Equities,231095.6650,110.2100,25469053.2411,33885.2609
Applebead,2023-01-31,LEN,Equities,303613.4569,101.7500,30892669.2446,-182305.8896
Applebead,2023-01-31,LLY,Equities,57575.5111,341.4200,19657431.0155,0.0000
Applebead,2023-01-31,LYB,Equities,54543.4444,92.9600,5070358.5886,84695.1131
Applebead,2023-01-31,LYV,Equities,25984.0802,80.4900,2091458.6121,-11975.5139
Applebead,2023-01-31,MCO,Equities,169975.0768,320.3600,54453215.6150,340582.4760
Applebead,2023-01-31,META,Equities,295585.0522,148.9700,44033305.2227,1141292.6790
Applebead,2023-01-31,MHK,Equities,196382.3931,120.0600,23577670.1147,51302.9665
Applebead,2023-01-31,MMC,Equities,120784.9572,173.6600,20975515.6744,129173.0072
Applebead,2023-01-31,NWL,Equities,93367.8663,15.5800,1454671.3574,55030.0182
Applebead,2023-01-31,ODFL,Equities,108594.0276,332.4300,36099912.5818,-88485.0383
Applebead,2023-01-31,PEP,Equities,30359.0671,168.6900,5121271.0217,3932.6777
Applebead,2023-01-31,PNR,Equities,318135.3499,54.9700,17487900.1863,-341779.4366
Applebead,2023-01-31,PTC,Equities,24758.6787,134.8800,3339450.5881,7326.5840
Applebead,2023-01-31,QRVO,Equities,277445.3978,108.6600,30147216.9237,467459.4274
Applebead,2023-01-31,REGN,Equities,178779.8013,758.4700,135599115.8614,-1644612.2933
Applebead,2023-01-31,ROK,Equities,248592.9753,278.5800,69253031.0547,1114839.5790
Applebead,2023-01-31,SEDG,Equities,165711.4901,319.1300,52883507.8256,-705295.5703
Applebead,2023-01-31,SLB,Equities,182690.9374,56.4000,10303768.8709,-122010.3587
Applebead,2023-01-31,SO,Equities,255762.4597,65.6700,16795920.7313,111360.9072
Applebead,2023-01-31,STT,Equities,108499.0843,89.7800,9741047.7856,-319482.0678
Applebead,2023-01-31,SYY,Equities,169149.7032,76.4500,12931494.8058,38407.7264
Applebead,2023-01-31,TEL,Equities,10249.6558,125.4300,1285614.3315,25954.9642
Applebead,2023-01-31,TFC,Equities,152076.3674,47.1700,7173442.2514,-183586.4004
Applebead,2023-01-31,TJX,Equities,36868.3792,80.9000,2982651.8738,381.1024
Applebead,2023-01-31,TPR,Equities,239479.8961,44.9400,10762226.5328,-185211.0752
Applebead,2023-01-31,WAT,Equities,134493.5027,328.5800,44191875.1163,-52799.0196
Applebead,2023-01-31,WYNN,Equities,74693.9977,103.1300,7703191.9810,-188953.2915
Applebead,2023-01-31,XYL,Equities,58922.2290,103.3400,6089023.1446,17525.4346
Applebead,2023-02-28,ACGL,Equities,188987.2601,70.0000,13229108.2054,-190358.0039
Applebead,2023-02-28,ANSS,Equities,270183.9238,303.6100,82030541.1139,-187559.6822
Applebead,2023-02-28,ARE,Equities,196590.8464,146.6700,28833979.4363,197004.2928
Applebead,2023-02-28,AVY,Equities,148512.9347,181.3000,26925395.0592,-200465.6931
Applebead,2023-02-28,AXP,Equities,315389.5899,172.7600,54486705.5574,51486.1332
Applebead,2023-02-28,AZO,Equities,266827.0455,2486.5400,663476121.7214,2270714.5666
Applebead,2023-02-28,BBY,Equities,130211.5602,81.1500,10566668.1125,118279.0873
Applebead,2023-02-28,BK,Equities,195470.0935,49.9700,9767640.5746,184.4432
Applebead,2023-02-28,BR,Equities,105222.9077,139.3900,14667021.1096,53470.0472
Applebead,2023-02-28,CAG,Equities,134611.8653,35.7100,4806989.7111,8733.7701
Applebead,2023-02-28,COP,Equities,270790.0840,101.1400,27387709.0961,171207.8205
Applebead,2023-02-28,CPB,Equities,146537.5868,51.7500,7583320.1145,15761.4304
Applebead,2023-02-28,CPRT,Equities,122665.0454,35.2300,4321489.5497,-19838.8439
Applebead,2023-02-28,CRL,Equities,268169.8601,219.3400,58820377.1206,-429501.8060
Applebead,2023-02-28,CSCO,Equities,133493.2224,47.7000,6367626.7070,-1479.0899
Applebead,2023-02-28,DAL,Equities,32493.3923,38.2600,1243197.1879,1888.9073
Applebead,2023-02-28,DGX,Equities,203364.6283,136.9700,27854853.1355,66624.9361
Applebead,2023-02-28,DRI,Equities,171772.8808,140.7300,24173597.5173,-190063.9170
Applebead,2023-02-28,EBAY,Equities,166378.2030,45.3800,7550242.8505,48953.3943
Applebead,2023-02-28,ENPH,Equities,92586.1666,210.5300,19492165.6450,184222.4255
Applebead,2023-02-28,EW,Equities,222924.0014,80.4400,17932006.6695,15546.9324
Applebead,2023-02-28,EXR,Equities,180384.3429,160.0800,28875925.6106,127293.6364
Applebead,2023-02-28,FOXA,Equities,170766.3764,35.0200,5980238.5025,12597.2659
Applebead,2023-02-28,GOOG,Equities,85955.3270,90.3000,7761766.0318,71073.2825
Applebead,2023-02-28,GWW,Equities,30385.6512,664.8300,20201292.4725,-563935.6210
Applebead,2023-02-28,HAL,Equities,49874.0278,36.0400,1797459.9610,-22680.8079
Applebead,2023-02-28,HOLX,Equities,279881.2207,79.6400,22289740.4159,-9891.6141
Applebead,2023-02-28,IEX,Equities,296133.0860,223.6200,66221280.6816,-75197.3976
Applebead,2023-02-28,IFF,Equities,222363.5195,91.3300,20308460.2324,-824314.5401
Applebead,2023-02-28,LEN,Equities,296483.0047,96.1300,28500911.2451,-200365.7073
Applebead,2023-02-28,LLY,Equities,57905.9138,309.7500,17936356.8003,52319.2606
Applebead,2023-02-28,LYB,Equities,55459.5416,92.2800,5117806.5030,3114.7307
Applebead,2023-02-28,LYV,Equities,25396.6977,72.0600,1830086.0334,-24758.1724
Applebead,2023-02-28,MCO,Equities,167958.4813,288.7600,48499691.0639,-318622.0926
Applebead,2023-02-28,META,Equities,297310.4883,174.9400,52011496.8180,-224047.8768
Applebead,2023-02-28,MHK,Equities,200805.0626,102.8500,20652800.6905,380570.7128
Applebead,2023-02-28,MMC,Equities,122537.6104,160.9800,19726104.5240,111118.2110
Applebead,2023-02-28,NWL,Equities,97783.7843,14.5700,1424709.7377,22300.3859
Applebead,2023-02-28,ODFL,Equities,107591.8484,338.8300,36455345.9821,32069.7342
Applebead,2023-02-28,PEP,Equities,29995.7507,171.1700,5134372.6516,4505.1225
Applebead,2023-02-28,PNR,Equities,312047.6915,55.5200,17324887.8348,16741.0606
Applebead,2023-02-28,PTC,Equities,25571.3933,125.3300,3204862.7244,38807.1212
Applebead,2023-02-28,QRVO,Equities,277167.9524,100.8900,27963474.7167,-10778.7537
Applebead,2023-02-28,REGN,Equities,170529.2292,760.4200,129673836.4555,80443.0777
Applebead,2023-02-28,ROK,Equities,250550.6005,292.4900,73283545.1324,-136152.8319
Applebead,2023-02-28,SEDG,Equities,166911.5733,317.9200,53064527.3771,7260.5034
Applebead,2023-02-28,SLB,Equities,177364.6187,52.9200,9386135.6240,-92677.9451
Applebead,2023-02-28,SO,Equities,259779.4049,61.8300,16062160.6071,77125.3477
Applebead,2023-02-28,STT,Equities,104194.9884,87.1800,9083719.0855,-55953.2468
Applebead,2023-02-28,SYY,Equities,174928.1629,73.6000,12874712.7885,82343.0513
Applebead,2023-02-28,TEL,Equities,10838.3042,126.1300,1367035.3146,-2060.2694
Applebead,2023-02-28,TFC,Equities,146483.5746,45.3100,6637170.7637,-52012.9736
Applebead,2023-02-28,TJX,Equities,37468.4208,75.9800,2846850.6095,14761.0235
Applebead,2023-02-28,TPR,Equities,231763.0109,42.9100,9944950.7961,-78326.3856
Applebead,2023-02-28,WAT,Equities,135837.4777,310.8900,42230513.4553,118874.5927
Applebead,2023-02-28,WYNN,Equities,75912.4366,107.8400,8186397.1626,-28694.2364
Applebead,2023-02-28,XYL,Equities,57687.5442,102.3100,5902012.6502,-6358.6265
Applebead,2023-03-31,ACGL,Equities,183559.6686,67.8700,12458194.7045,-57803.8498
Applebead,2023-03-31,ANSS,Equities,279111.1251,332.8000,92888182.4335,-1302925.0255
Applebead,2023-03-31,ARE,Equities,192708.7206,124.2100,23936350.1915,-435962.7181
Applebead,2023-03-31,AVY,Equities,153576.0495,178.0600,27345751.3682,82022.4594
Applebead,2023-03-31,AXP,Equities,311915.9314,163.7800,51085591.2380,-155967.2701
Applebead,2023-03-31,AZO,Equities,269490.2048,2458.1500,662447347.0340,378035.4685
Applebead,2023-03-31,BBY,Equities,124831.4403,77.3400,9654463.5964,-102491.2837
Applebead,2023-03-31,BK,Equities,194458.6310,44.6200,8676744.1157,-27056.6229
Applebead,2023-03-31,BR,Equities,106236.0582,145.9000,15499840.8851,-32978.0461
Applebead,2023-03-31,CAG,Equities,133437.1003,36.8400,4915822.7763,6637.4222
Applebead,2023-03-31,COP,Equities,271087.1510,97.6900,26482503.7826,5124.4059
Applebead,2023-03-31,CPB,Equities,143701.9471,54.1800,7785771.4938,34453.0218
Applebead,2023-03-31,CPRT,Equities,119128.5133,37.6000,4479232.0990,41907.9058
Applebead,2023-03-31,CRL,Equities,270646.6141,201.8200,54621899.6656,216963.6514
Applebead,2023-03-31,CSCO,Equities,130438.5802,51.4900,6716282.4939,57885.4693
Applebead,2023-03-31,DAL,Equities,33036.2569,34.8500,1151313.5532,9255.8422
Applebead,2023-03-31,DGX,Equities,200745.2483,140.0600,28116379.4833,40469.4200
Applebead,2023-03-31,DRI,Equities,179075.2859,152.7000,27344796.1543,-437048.9432
Applebead,2023-03-31,EBAY,Equities,170511.8229,44.1200,7522981.6269,26041.8057
Applebead,2023-03-31,ENPH,Equities,89851.1668,210.2800,18893903.3527,-3418.7497
Applebead,2023-03-31,EW,Equities,221283.6978,82.7300,18306800.3151,18781.4763
Applebead,2023-03-31,EXR,Equities,182488.9192,160.0500,29207351.5182,315.6864
Applebead,2023-03-31,FOXA,Equities,173964.6995,34.0500,5923498.0166,15511.8667
Applebead,2023-03-31,GOOG,Equities,84832.8863,104.0000,8822620.1798,76887.1877
Applebead,2023-03-31,GWW,Equities,29118.4747,685.1000,19949067.0217,128428.3353
Applebead,2023-03-31,HAL,Equities,48634.4904,31.4800,1531013.7563,-28261.4533
Applebead,2023-03-31,HOLX,Equities,293660.8681,80.7000,23698432.0577,-73032.1314
Applebead,2023-03-31,IEX,Equities,310241.8701,229.6400,71243943.0579,-424674.4038
Applebead,2023-03-31,IFF,Equities,229938.9392,91.0100,20926742.8601,12120.6716
Applebead,2023-03-31,LEN,Equities,307208.6429,104.4400,32084870.6687,-445650.2675
Applebead,2023-03-31,LLY,Equities,58640.7749,341.8000,20043416.8548,-117761.4881
Applebead,2023-03-31,LYB,Equities,55349.8294,91.3800,5057867.4102,-493.7051
Applebead,2023-03-31,LYV,Equities,25789.1299,70.0000,1805239.0953,4042.0524
Applebead,2023-03-31,MCO,Equities,174982.3861,304.5500,53290885.6735,-554537.2795
Applebead,2023-03-31,META,Equities,289308.0347,211.9400,61315944.8666,1480453.9172
Applebead,2023-03-31,MHK,Equities,200666.2344,100.2200,20110770.0144,-1825.5907
Applebead,2023-03-31,MMC,Equities,126339.1398,165.3600,20891440.1612,-83253.4941
Applebead,2023-03-31,NWL,Equities,93703.8601,12.3400,1156305.6335,-45491.1553
Applebead,2023-03-31,ODFL,Equities,107264.8215,340.4100,36514017.8773,2583.5125
Applebead,2023-03-31,PEP,Equities,28929.4321,181.0400,5237384.3807,52622.8260
Applebead,2023-03-31,PNR,Equities,309492.7676,54.8600,16978773.2284,-8431.2492
Applebead,2023-03-31,PTC,Equities,25543.5433,128.2300,3275448.5554,403.8255
Applebead,2023-03-31,QRVO,Equities,276696.2952,101.5700,28104042.7049,1603.6344
Applebead,2023-03-31,REGN,Equities,178710.1762,821.6700,146840790.4609,-2505415.0174
Applebead,2023-03-31,ROK,Equities,252126.8701,291.0200,73373961.7382,11585.5818
Applebead,2023-03-31,SEDG,Equities,167544.9505,303.9500,50925287.7136,44241.4009
Applebead,2023-03-31,SLB,Equities,179140.0583,48.8300,8747409.0471,36307.7390
Applebead,2023-03-31,SO,Equities,250703.1427,68.2200,17102968.3947,289986.5785
Applebead,2023-03-31,STT,Equities,106979.9916,75.0400,8027778.5694,169049.6962
Applebead,2023-03-31,SYY,Equities,169772.5311,76.2300,12941760.0492,67796.5574
Applebead,2023-03-31,TEL,Equities,10587.2320,129.9200,1375493.1796,4757.8193
Applebead,2023-03-31,TFC,Equities,145189.4975,32.9100,4778186.3627,-80232.7784
Applebead,2023-03-31,TJX,Equities,37183.5909,77.7300,2890280.5196,2492.2614
Applebead,2023-03-31,TPR,Equities,239689.7208,42.8100,10261116.9484,3963.3550
Applebead,2023-03-31,WAT,Equities,133506.0925,309.6300,41337491.4085,-14687.7273
Applebead,2023-03-31,WYNN,Equities,72862.6471,111.3600,8113984.3779,53676.2956
Applebead,2023-03-31,XYL,Equities,57646.1912,104.3500,6015380.0467,421.8014
Applebead,2023-04-30,ACGL,Equities,188987.2601,75.0700,14187273.6140,-195393.2950
Applebead,2023-04-30,ANSS,Equities,273286.6706,313.9200,85790151.6388,-549828.5036
Applebead,2023-04-30,ARE,Equities,188671.3099,122.8100,23170723.5688,-28261.8752
Applebead,2023-04-30,AVY,Equities,155992.8837,173.6300,27085044.3990,53532.8785
Applebead,2023-04-30,AXP,Equities,313683.7755,160.7900,50437214.2556,26429.2693
Applebead,2023-04-30,AZO,Equities,260935.8142,2663.3100,694952963.4017,8775093.8887
Applebead,2023-04-30,BBY,Equities,125578.3276,73.6300,9246332.2595,13854.7581
Applebead,2023-04-30,BK,Equities,199059.7939,42.2000,8400323.3037,55674.0713
Applebead,2023-04-30,BR,Equities,106463.5001,144.7400,15409527.0026,1319.1632
Applebead,2023-04-30,CAG,Equities,135178.9933,37.5600,5077322.9871,-6270.8146
Applebead,2023-04-30,COP,Equities,266037.0118,101.3100,26952209.6674,91407.5194
Applebead,2023-04-30,CPB,Equities,146877.2728,53.8700,7912278.6832,4921.7548
Applebead,2023-04-30,CPRT,Equities,122824.1282,39.5200,4854009.5452,-35477.9030
Applebead,2023-04-30,CRL,Equities,276852.1077,190.1200,52635122.7170,363021.3736
Applebead,2023-04-30,CSCO,Equities,137847.4272,46.8900,6463665.8630,170403.4821
Applebead,2023-04-30,DAL,Equities,32359.3112,34.2400,1107982.8166,-2064.6843
Applebead,2023-04-30,DGX,Equities,198669.8935,138.1000,27436312.2889,-20338.4777
Applebead,2023-04-30,DRI,Equities,174960.0216,150.7200,26369974.4611,-40741.1160
Applebead,2023-04-30,EBAY,Equities,162727.9499,46.1600,7511522.1657,79395.5051
Applebead,2023-04-30,ENPH,Equities,92375.0760,164.2000,15167987.4742,581508.6750
Applebead,2023-04-30,EW,Equities,223395.8695,87.9800,19654368.6006,-55444.5090
Applebead,2023-04-30,EXR,Equities,180993.5624,149.3500,27031388.5373,-80001.5914
Applebead,2023-04-30,FOXA,Equities,167120.9760,33.2600,5558443.6613,-27032.7077
Applebead,2023-04-30,GOOG,Equities,83583.8546,108.2200,9045444.7439,26354.5700
Applebead,2023-04-30,GWW,Equities,30385.6512,691.8200,21021401.1978,-42577.1294
Applebead,2023-04-30,HAL,Equities,49685.6181,32.5800,1618757.4373,-5781.2025
Applebead,2023-04-30,HOLX,Equities,277737.0847,86.0100,23888166.6533,422776.4505
Applebead,2023-04-30,IEX,Equities,294316.5043,205.0800,60358428.7024,-1955634.9243
Applebead,2023-04-30,IFF,Equities,226219.2720,95.9600,21708001.3452,92061.7631
Applebead,2023-04-30,LEN,Equities,303733.2965,112.4700,34160883.8554,139535.1603
Applebead,2023-04-30,LLY,Equities,56692.5385,393.9900,22336293.2555,508392.2761
Applebead,2023-04-30,LYB,Equities,53846.7716,92.0800,4958210.7281,5260.7023
Applebead,2023-04-30,LYV,Equities,25713.1753,67.7800,1742839.0218,-843.0964
Applebead,2023-04-30,MCO,Equities,167873.0324,311.6200,52312594.3410,251315.6535
Applebead,2023-04-30,META,Equities,294603.3385,240.3200,70799074.3172,-751403.6197
Applebead,2023-04-30,MHK,Equities,194339.6354,105.9000,20580567.3908,179675.4119
Applebead,2023-04-30,MMC,Equities,122340.1284,179.5300,21963723.2452,283329.9619
Applebead,2023-04-30,NWL,Equities,96574.2068,12.0500,1163719.1918,4162.0027
Applebead,2023-04-30,ODFL,Equities,103456.5405,319.9800,33104023.8409,-389015.8976
Applebead,2023-04-30,PEP,Equities,29602.8965,189.5700,5611821.0860,-28723.2574
Applebead,2023-04-30,PNR,Equities,317662.2159,57.8900,18389465.6767,-123767.1419
Applebead,2023-04-30,PTC,Equities,25108.0701,125.7900,3158344.1318,-5312.7734
Applebead,2023-04-30,QRVO,Equities,285602.2925,92.0800,26298259.0919,422589.5704
Applebead,2023-04-30,REGN,Equities,169206.3526,801.7900,135667961.4895,-944680.0590
Applebead,2023-04-30,ROK,Equities,255355.6805,281.0600,71770267.5563,160794.7567
Applebead,2023-04-30,SEDG,Equities,166728.2272,285.6300,47622583.5447,-74811.8540
Applebead,2023-04-30,SLB,Equities,174405.5528,49.0800,8559824.5320,5918.1319
Applebead,2023-04-30,SO,Equities,261584.4879,72.1100,18862857.4226,-211642.1643
Applebead,2023-04-30,STT,Equities,107992.7200,71.6400,7736598.4640,17216.3836
Applebead,2023-04-30,SYY,Equities,176519.8344,76.2200,13454341.7804,337.3652
Applebead,2023-04-30,TEL,Equities,10637.8684,121.2200,1289522.4084,2202.6844
Applebead,2023-04-30,TFC,Equities,149428.7155,31.4400,4698038.8149,31158.2522
Applebead,2023-04-30,TJX,Equities,38444.4378,78.1900,3005970.5919,-2899.9479
Applebead,2023-04-30,TPR,Equities,233208.4697,40.5300,9451939.2785,-73886.2624
Applebead,2023-04-30,WAT,Equities,133039.8154,300.3600,39959838.9548,-21611.9416
Applebead,2023-04-30,WYNN,Equities,73645.4018,113.7200,8374955.0891,-9236.5054
Applebead,2023-04-30,XYL,Equities,59713.8451,103.4900,6179785.8260,8890.9118
Applebead,2023-05-31,ACGL,Equities,184925.7970,69.7000,12889328.0530,-109050.2828
Applebead,2023-05-31,ANSS,Equities,279982.0716,323.5900,90599398.5381,-323722.6361
Applebead,2023-05-31,ARE,Equities,190787.0684,112.2100,21408216.9470,112135.2014
Applebead,2023-05-31,AVY,Equities,151969.9254,160.3400,24366857.8458,-267325.5769
Applebead,2023-05-31,AXP,Equities,311171.5759,158.0200,49171332.4315,-34793.9632
Applebead,2023-05-31,AZO,Equities,268414.1809,2386.8400,640661703.4593,10337720.1175
Applebead,2023-05-31,BBY,Equities,128540.5583,71.8100,9230497.4907,26956.2995
Applebead,2023-05-31,BK,Equities,192435.7059,39.8300,7664714.1674,-78495.4427
Applebead,2023-05-31,BR,Equities,101759.5874,146.0500,14861987.7442,30810.6279
Applebead,2023-05-31,CAG,Equities,138568.2578,34.5000,4780604.8943,51855.7475
Applebead,2023-05-31,COP,Equities,272356.4373,98.2800,26767190.6614,95739.2966
Applebead,2023-05-31,CPB,Equities,151263.6528,50.1500,7585872.1901,81586.6697
Applebead,2023-05-31,CPRT,Equities,119189.6989,43.8000,5220508.8140,77776.7853
Applebead,2023-05-31,CRL,Equities,268251.5114,193.3800,51874477.2667,140189.7204
Applebead,2023-05-31,CSCO,Equities,134069.3172,49.3000,6609617.3363,45526.2263
Applebead,2023-05-31,DAL,Equities,32545.7166,36.2500,1179782.2254,-1873.3736
Applebead,2023-05-31,DGX,Equities,206729.5240,131.9700,27282095.2878,247027.6769
Applebead,2023-05-31,DRI,Equities,177972.0448,157.2500,27986104.0495,-98342.5573
Applebead,2023-05-31,EBAY,Equities,169128.3937,42.5400,7194721.8661,115848.0326
Applebead,2023-05-31,ENPH,Equities,91035.1096,173.8800,15829184.8645,64854.3703
Applebead,2023-05-31,EW,Equities,230226.7229,84.2300,19391996.8704,128078.5009
Applebead,2023-05-31,EXR,Equities,181639.7042,141.7200,25741978.8793,24650.3115
Applebead,2023-05-31,FOXA,Equities,172468.7097,31.2000,5381023.7412,55081.6568
Applebead,2023-05-31,GOOG,Equities,84959.4774,123.3700,10481450.7269,-104203.4278
Applebead,2023-05-31,GWW,Equities,29762.4012,647.3300,19266095.1765,-138641.9549
Applebead,2023-05-31,HAL,Equities,48470.8714,28.5000,1381419.8352,-24780.8322
Applebead,2023-05-31,HOLX,Equities,283454.7807,78.8900,22361747.6502,203549.9787
Applebead,2023-05-31,IEX,Equities,295678.9405,197.9600,58532603.0699,48502.7302
Applebead,2023-05-31,IFF,Equities,222499.6048,76.4900,17018994.7747,-362109.6016
Applebead,2023-05-31,LEN,Equities,303793.2162,106.8000,32445115.4954,1698.7254
Applebead,2023-05-31,LLY,Equities,55365.2313,428.5400,23726216.2247,229292.3227
Applebead,2023-05-31,LYB,Equities,55662.5093,84.4400,4700142.2857,69361.1807
Applebead,2023-05-31,LYV,Equities,25958.7619,79.9400,2075143.4302,-14931.6682
Applebead,2023-05-31,MCO,Equities,169547.8320,316.1400,53600851.6152,-37850.4726
Applebead,2023-05-31,META,Equities,292877.9024,264.7200,77530638.3348,210503.2034
Applebead,2023-05-31,MHK,Equities,198425.1508,92.0400,18263050.8766,283126.2136
Applebead,2023-05-31,MMC,Equities,125771.3789,172.5400,21700593.7219,119922.2075
Applebead,2023-05-31,NWL,Equities,94491.0455,8.3100,785220.5879,-38955.1167
Applebead,2023-05-31,ODFL,Equities,102486.0091,310.0400,31774762.2635,-48235.4120
Applebead,2023-05-31,PEP,Equities,29334.1015,181.0800,5311819.0946,-11410.3481
Applebead,2023-05-31,PNR,Equities,317031.3704,55.2900,17528664.4716,-8200.9906
Applebead,2023-05-31,PTC,Equities,24958.6926,134.4000,3354448.2862,6430.6991
Applebead,2023-05-31,QRVO,Equities,271646.7890,97.2600,26420366.6957,361447.5409
Applebead,2023-05-31,REGN,Equities,174114.9208,735.5600,128071971.1769,1625472.3586
Applebead,2023-05-31,ROK,Equities,258304.8301,277.5000,71679590.3576,52494.8635
Applebead,2023-05-31,SEDG,Equities,168995.0511,284.8300,48134860.3982,9067.2954
Applebead,2023-05-31,SLB,Equities,178655.8475,42.6000,7610739.1042,137709.5485
Applebead,2023-05-31,SO,Equities,251694.6671,69.0300,17374482.8728,-152303.2397
Applebead,2023-05-31,STT,Equities,107307.0185,67.4300,7235712.2568,-14434.0177
Applebead,2023-05-31,SYY,Equities,175222.2761,69.4800,12174443.7440,-43727.7155
Applebead,2023-05-31,TEL,Equities,10780.2833,121.9200,1314332.1455,-498.4523
Applebead,2023-05-31,TFC,Equities,152031.7441,29.9700,4556391.3700,19132.2601
Applebead,2023-05-31,TJX,Equities,37969.7213,76.5000,2904683.6828,-4011.3541
Applebead,2023-05-31,TPR,Equities,235260.0888,39.7400,9349235.9284,8103.8952
Applebead,2023-05-31,WAT,Equities,139293.4136,251.2200,34993291.3575,1536509.0698
Applebead,2023-05-31,WYNN,Equities,73741.4000,98.4400,7259103.4146,7334.2638
Applebead,2023-05-31,XYL,Equities,58809.9849,100.2000,5892760.4897,-14868.4993
Applebead,2023-06-30,ACGL,Equities,183079.6775,74.8500,13703513.8581,47537.5789
Applebead,2023-06-30,ANSS,Equities,279573.8154,330.2700,92334844.0156,13635.7556
Applebead,2023-06-30,ARE,Equities,191777.0105,113.4900,21764772.9187,-6335.6292
Applebead,2023-06-30,AVY,Equities,149216.5700,171.8000,25635406.7219,157767.2683
Applebead,2023-06-30,AXP,Equities,301991.1926,173.6000,52425671.0296,715151.8655
Applebead,2023-06-30,AZO,Equities,270404.8252,2493.3600,674216575.0167,-1060217.1840
Applebead,2023-06-30,BBY,Equities,127287.3068,81.9500,10431194.7950,63539.8488
Applebead,2023-06-30,BK,Equities,195589.0891,44.1100,8627434.7220,-67482.4006
Applebead,2023-06-30,BR,Equities,104251.1104,165.6300,17267111.4153,-243920.0985
Applebead,2023-06-30,CAG,Equities,138055.1421,33.3600,4605519.5391,-2924.7598
Applebead,2023-06-30,COP,Equities,275111.0587,103.1600,28380456.8171,-67212.7617
Applebead,2023-06-30,CPB,Equities,147556.6448,45.3500,6691693.8396,-88968.1942
Applebead,2023-06-30,CPRT,Equities,124304.8216,45.6000,5668299.8628,-46036.1034
Applebead,2023-06-30,CRL,Equities,275001.3465,210.2500,57819033.0946,-569348.5913
Applebead,2023-06-30,CSCO,Equities,134149.7025,51.3500,6888587.2228,-823.9495
Applebead,2023-06-30,DAL,Equities,33487.5540,47.4400,1588649.5627,-52695.8057
Applebead,2023-06-30,DGX,Equities,203183.2866,139.8400,28413150.7971,139544.4436
Applebead,2023-06-30,DRI,Equities,179215.3800,165.7500,29704949.2325,-52841.7441
Applebead,2023-06-30,EBAY,Equities,169861.7778,44.6900,7591122.8517,-7883.8800
Applebead,2023-06-30,ENPH,Equities,92127.2740,167.4800,15429475.8458,34949.2587
Applebead,2023-06-30,EW,Equities,229620.0353,94.3300,21660057.9270,30637.7256
Applebead,2023-06-30,EXR,Equities,180790.4892,147.8600,26731681.7330,26070.9005
Applebead,2023-06-30,FOXA,Equities,167482.0770,34.0000,5694390.6171,69812.8575
Applebead,2023-06-30,GOOG,Equities,86757.0704,120.9700,10495002.8058,21571.1159
Applebead,2023-06-30,GWW,Equities,28840.8183,786.5300,22684168.8364,641421.6900
Applebead,2023-06-30,HAL,Equities,49001.3934,32.9900,1616555.9692,-11910.2193
Applebead,2023-06-30,HOLX,Equities,285313.0319,80.9700,23101796.1946,-19325.8126
Applebead,2023-06-30,IEX,Equities,304610.4670,214.6200,65375498.4293,-743996.1546
Applebead,2023-06-30,IFF,Equities,231594.6448,79.5900,18432617.7764,-140973.1186
Applebead,2023-06-30,LEN,Equities,299179.3942,124.9300,37376481.7208,418242.9663
Applebead,2023-06-30,LLY,Equities,56413.4053,467.9800,26400345.3897,-206699.9017
Applebead,2023-06-30,LYB,Equities,53512.1492,90.6500,4850876.3279,66768.6802
Applebead,2023-06-30,LYV,Equities,25951.1665,91.1100,2364410.7785,424.2066
Applebead,2023-06-30,MCO,Equities,172145.4805,346.9100,59718988.6371,-399648.2171
Applebead,2023-06-30,META,Equities,294603.3385,286.9800,84545266.0933,-192041.0372
Applebead,2023-06-30,MHK,Equities,200150.5869,103.1600,20647534.5405,-95934.2468
Applebead,2023-06-30,MMC,Equities,125018.4786,187.3900,23427212.7108,55902.8477
Applebead,2023-06-30,NWL,Equities,97889.3824,8.7000,851637.6266,-6626.7570
Applebead,2023-06-30,ODFL,Equities,107813.3827,369.7500,39863998.2588,-1590487.3906
Applebead,2023-06-30,PEP,Equities,30146.3941,185.2200,5583715.1118,-16814.4570
Applebead,2023-06-30,PNR,Equities,312552.3679,64.3900,20125246.9686,203794.6159
Applebead,2023-06-30,PTC,Equities,25371.3794,142.3000,3610347.2955,-16301.1303
Applebead,2023-06-30,QRVO,Equities,282522.6486,102.0300,28825785.8334,-259389.2513
Applebead,2023-06-30,REGN,Equities,173279.4199,718.5400,124508194.3573,-71101.1325
Applebead,2023-06-30,ROK,Equities,257415.0005,328.1500,84470732.4095,225349.3541
Applebead,2023-06-30,SEDG,Equities,166544.8812,269.0500,44808900.2835,-193318.4043
Applebead,2023-06-30,SLB,Equities,182350.1965,49.1200,8957041.6522,-120435.7769
Applebead,2023-06-30,SO,Equities,257109.9160,69.5300,17876852.4623,-13538.1222
Applebead,2023-06-30,STT,Equities,103308.8510,73.1800,7560141.7141,114947.3162
Applebead,2023-06-30,SYY,Equities,173907.4170,73.7000,12816976.6333,27743.5271
Applebead,2023-06-30,TEL,Equities,10854.1281,139.5200,1514367.9565,-6498.3409
Applebead,2023-06-30,TFC,Equities,148714.7419,29.8500,4439135.0467,-1990.2013
Applebead,2023-06-30,TJX,Equities,38790.0314,84.4600,3276206.0510,-32648.3397
Applebead,2023-06-30,TPR,Equities,238057.7511,42.8000,10188871.7481,-42804.2338
Applebead,2023-06-30,WAT,Equities,135768.9076,266.5400,36187844.6282,269977.1584
Applebead,2023-06-30,WYNN,Equities,75513.6748,105.3300,7953855.3635,-61054.8663
Applebead,2023-06-30,XYL,Equities,58638.6650,112.6200,6603886.4559,10638.9655
Applebead,2023-07-31,ACGL,Equities,184501.1895,77.6900,14333897.4145,-20185.4713
Applebead,2023-07-31,ANSS,Equities,280172.5911,342.1000,95847043.4171,-35417.5824
Applebead,2023-07-31,ARE,Equities,189874.7689,125.6800,23863460.9519,115941.6256
Applebead,2023-07-31,AVY,Equities,150317.9122,184.0100,27659999.0172,-67236.9405
Applebead,2023-07-31,AXP,Equities,312443.1831,168.8800,52765404.7632,246666.9768
Applebead,2023-07-31,AZO,Equities,272018.8612,2481.7200,675074648.1845,93936.8931
Applebead,2023-07-31,BBY,Equities,124831.4403,83.0500,10367251.1208,13507.2657
Applebead,2023-07-31,BK,Equities,193942.9834,45.3600,8797253.7290,10288.1606
Applebead,2023-07-31,BR,Equities,102472.9280,167.9200,17207254.0750,20360.1881
Applebead,2023-07-31,CAG,Equities,133990.7252,32.8100,4396235.6945,-11177.1463
Applebead,2023-07-31,COP,Equities,276083.2780,117.2100,32359721.0174,-68298.4065
Applebead,2023-07-31,CPB,Equities,145503.7598,45.8200,6666982.2738,4824.2797
Applebead,2023-07-31,CPRT,Equities,119104.0390,44.2000,5264398.5239,-36405.4779
Applebead,2023-07-31,CRL,Equities,264604.4230,209.5400,55445210.8028,-36909.0782
Applebead,2023-07-31,CSCO,Equities,134792.7851,52.0400,7014616.5341,-2218.6348
Applebead,2023-07-31,DAL,Equities,33235.7433,46.2600,1537485.4856,-1485.6832
Applebead,2023-07-31,DGX,Equities,204049.6969,135.2100,27589559.5149,20057.3981
Applebead,2023-07-31,DRI,Equities,179478.0564,168.9200,30317433.2915,-4163.4216
Applebead,2023-07-31,EBAY,Equities,165678.1544,44.5100,7374334.6534,-3765.2611
Applebead,2023-07-31,ENPH,Equities,93898.5993,151.8300,14256624.3361,138606.2087
Applebead,2023-07-31,EW,Equities,218137.9100,82.0700,17902578.2746,-703854.2784
Applebead,2023-07-31,EXR,Equities,185110.4090,139.5700,25835859.7822,179060.6752
Applebead,2023-07-31,FOXA,Equities,169304.7772,33.4500,5663244.7971,5012.4256
Applebead,2023-07-31,GOOG,Equities,83912.9913,133.1100,11169658.2769,172635.5989
Applebead,2023-07-31,GWW,Equities,28908.7555,736.5600,21293032.9688,16974.1094
Applebead,2023-07-31,HAL,Equities,49918.6511,39.0800,1950820.8859,-27930.4968
Applebead,2023-07-31,HOLX,Equities,294089.6953,79.4200,23356603.6029,68019.1414
Applebead,2023-07-31,IEX,Equities,300371.7765,225.8100,67826950.8475,237154.7349
Applebead,2023-07-31,IFF,Equities,232932.8177,84.6100,19708445.7067,-33588.1412
Applebead,2023-07-31,LEN,Equities,297172.0820,126.8300,37690335.1662,19069.4657
Applebead,2023-07-31,LLY,Equities,56191.2379,453.5800,25487221.7086,-15996.0458
Applebead,2023-07-31,LYB,Equities,55119.4337,97.5900,5379105.5323,-55772.7701
Applebead,2023-07-31,LYV,Equities,25561.2660,87.7500,2243001.0944,-6550.3276
Applebead,2023-07-31,MCO,Equities,170727.0277,351.9300,60083962.8614,35603.1648
Applebead,2023-07-31,META,Equities,294722.3341,318.6000,93898535.6537,-18813.2032
Applebead,2023-07-31,MHK,Equities,201201.7146,106.3400,21395790.3301,-16712.9310
Applebead,2023-07-31,MMC,Equities,119871.6028,188.4200,22586207.3942,26506.4107
Applebead,2023-07-31,NWL,Equities,96161.4145,11.1600,1073161.3853,21254.0054
Applebead,2023-07-31,ODFL,Equities,106304.8393,419.4900,44593817.0367,375174.7480
Applebead,2023-07-31,PEP,Equities,28885.1252,187.4600,5414805.5688,14126.2115
Applebead,2023-07-31,PNR,Equities,312836.2483,69.5000,21742119.2594,-7253.1453
Applebead,2023-07-31,PTC,Equities,25842.2982,145.8100,3768065.4972,-8264.6237
Applebead,2023-07-31,QRVO,Equities,272978.5269,110.0200,30033097.5278,381287.6613
Applebead,2023-07-31,REGN,Equities,169363.0091,741.9100,125652110.0663,457632.6015
Applebead,2023-07-31,ROK,Equities,257770.9323,334.9600,86342951.4961,-12119.4796
Applebead,2023-07-31,SEDG,Equities,163327.9915,241.4600,39437176.8200,-443769.9367
Applebead,2023-07-31,SLB,Equities,180126.4136,58.3400,10508574.9705,102516.3910
Applebead,2023-07-31,SO,Equities,247016.7057,71.6000,17686396.1247,104464.7275
Applebead,2023-07-31,STT,Equities,103277.2032,72.4400,7481400.6003,-117.0967
Applebead,2023-07-31,SYY,Equities,170706.7731,76.3100,13026633.8583,41768.4025
Applebead,2023-07-31,TEL,Equities,10511.2774,142.8400,1501430.8570,5691.3229
Applebead,2023-07-31,TFC,Equities,150529.4247,32.6700,4917796.3056,-25587.0273
Applebead,2023-07-31,TJX,Equities,38539.3811,86.2000,3322094.6505,2180.6575
Applebead,2023-07-31,TPR,Equities,233931.1992,43.1500,10094131.2444,7221.4659
Applebead,2023-07-31,WAT,Equities,133382.6662,276.2100,36841626.2258,115374.7720
Applebead,2023-07-31,WYNN,Equities,75956.7435,108.6900,8255738.4473,-7443.5541
Applebead,2023-07-31,XYL,Equities,60623.6128,112.7500,6835312.3421,-1290.2160
Applebead,2023-08-31,ACGL,Equities,183467.3626,79.0100,14495756.3168,6823.2579
Applebead,2023-08-31,ANSS,Equities,272361.2900,296.0300,80627112.6767,-1799333.2112
Applebead,2023-08-31,ARE,Equities,195562.0830,112.9100,22080914.7971,363135.0102
Applebead,2023-08-31,AVY,Equities,154264.3883,180.8300,27895629.3426,62748.9711
Applebead,2023-08-31,AXP,Equities,310117.0725,154.0100,47761130.3285,-172946.3272
Applebead,2023-08-31,AZO,Equities,264917.1029,2451.6900,649494612.1162,-1066329.0002
Applebead,2023-08-31,BBY,Equities,128565.8765,73.5600,9457305.8753,177198.9954
Applebead,2023-08-31,BK,Equities,201737.1948,42.2100,8515326.9909,122758.8283
Applebead,2023-08-31,BR,Equities,104881.7448,184.3200,19331803.2093,-197522.9785
Applebead,2023-08-31,CAG,Equities,136394.2674,30.9100,4215946.8054,22833.6507
Applebead,2023-08-31,COP,Equities,275678.1866,116.8300,32207482.5459,-769.6736
Applebead,2023-08-31,CPB,Equities,150229.8259,42.8300,6434343.4427,70654.6881
Applebead,2023-08-31,CPRT,Equities,125846.7006,43.8100,5513343.9540,13148.1901
Applebead,2023-08-31,CRL,Equities,275382.3855,189.6200,52218007.9471,1073485.0660
Applebead,2023-08-31,CSCO,Equities,136266.5159,56.0700,7640463.5482,-29695.6772
Applebead,2023-08-31,DAL,Equities,32185.9870,42.1700,1357283.0709,-21467.5170
Applebead,2023-08-31,DGX,Equities,199213.9185,127.1900,25338018.2989,-193914.7114
Applebead,2023-08-31,DRI,Equities,170319.4045,155.3800,26464229.0724,-620040.7349
Applebead,2023-08-31,EBAY,Equities,163778.0227,46.1700,7561631.3068,15771.0935
Applebead,2023-08-31,ENPH,Equities,94430.9147,89.1200,8415683.1198,166907.4907
Applebead,2023-08-31,EW,Equities,219351.2853,77.0600,16903210.0439,30395.0506
Applebead,2023-08-31,EXR,Equities,179904.3518,128.9800,23204063.2961,-275660.7276
Applebead,2023-08-31,FOXA,Equities,167791.5921,32.1200,5389465.9384,-10062.6808
Applebead,2023-08-31,GOOG,Equities,85643.0691,132.9100,11382820.3145,1730.0778
Applebead,2023-08-31,GWW,Equities,29759.4474,742.1200,22085081.1198,-23649.2347
Applebead,2023-08-31,HAL,Equities,48500.6203,37.1800,1803253.0631,-13471.2927
Applebead,2023-08-31,HOLX,Equities,292174.2672,78.6500,22979506.1119,-7374.3985
Applebead,2023-08-31,IEX,Equities,309696.8956,214.8000,66522893.1833,513347.8096
Applebead,2023-08-31,IFF,Equities,231549.2830,66.2700,15344770.9820,-126870.1366
Applebead,2023-08-31,LEN,Equities,302984.2994,115.6500,35040134.2257,324902.9500
Applebead,2023-08-31,LLY,Equities,57837.5546,583.2100,33731440.2370,-1067060.1585
Applebead,2023-08-31,LYB,Equities,56430.4950,96.1900,5428049.3183,9177.4296
Applebead,2023-08-31,LYV,Equities,25447.3341,86.5900,2203484.6582,-660.8053
Applebead,2023-08-31,MCO,Equities,175751.4267,345.1000,60651817.3617,171583.2263
Applebead,2023-08-31,META,Equities,289932.7615,326.1200,94552872.1885,180087.9299
Applebead,2023-08-31,MHK,Equities,195727.9173,102.3900,20040581.4557,-108107.4959
Applebead,2023-08-31,MMC,Equities,122377.1562,195.8700,23970013.5942,-93331.8670
Applebead,2023-08-31,NWL,Equities,98388.5731,9.0600,891400.4723,23385.1658
Applebead,2023-08-31,ODFL,Equities,106505.2751,372.5600,39679605.3046,47032.2696
Applebead,2023-08-31,PEP,Equities,29915.9984,185.4900,5549118.5358,10154.1007
Applebead,2023-08-31,PNR,Equities,324443.8042,72.2500,23441064.8559,-159603.8936
Applebead,2023-08-31,PTC,Equities,25968.8892,143.7400,3732768.1384,1310.2174
Applebead,2023-08-31,QRVO,Equities,277944.7995,101.4100,28186382.1177,213798.0363
Applebead,2023-08-31,REGN,Equities,169798.1658,836.5600,142046353.6107,-205937.9343
Applebead,2023-08-31,ROK,Equities,257338.7294,311.2400,80094106.1306,-51259.2715
Applebead,2023-08-31,SEDG,Equities,164011.3722,139.8200,22932070.0591,347294.0806
Applebead,2023-08-31,SLB,Equities,177561.8898,55.7200,9893748.5001,-33595.2619
Applebead,2023-08-31,SO,Equities,249660.7708,68.5300,17109252.6258,40586.4007
Applebead,2023-08-31,STT,Equities,103751.9197,65.6200,6808200.9686,16187.8313
Applebead,2023-08-31,SYY,Equities,168284.6643,70.9200,11934748.3898,-65275.8341
Applebead,2023-08-31,TEL,Equities,10675.8457,123.4300,1317719.6378,15971.3606
Applebead,2023-08-31,TFC,Equities,144728.3896,28.8600,4176861.3232,-110509.7195
Applebead,2023-08-31,TJX,Equities,38957.1316,88.7000,3455497.5712,-5221.8811
Applebead,2023-08-31,TPR,Equities,230177.6689,32.0100,7367987.1806,-209071.6379
Applebead,2023-08-31,WAT,Equities,137688.8719,265.6400,36575671.9413,227582.9742
Applebead,2023-08-31,WYNN,Equities,71791.8977,96.7300,6944430.2667,-249057.7754
Applebead,2023-08-31,XYL,Equities,60263.2503,101.3500,6107680.4129,-20540.6648
Belaware,2022-08-31,A,Equities,1032.8464,127.3900,131574.3011,-37.8970
Belaware,2022-08-31,AAL,Equities,7629.7362,12.9900,99110.2733,683.5009
Belaware,2022-08-31,AAP,Equities,1532.6108,162.7800,249478.3805,-480.6892
Belaware,2022-08-31,ACN,Equities,3798.2093,283.8600,1078159.6892,4139.0182
Belaware,2022-08-31,ADP,Equities,3631.6212,239.4300,869519.0552,3895.0170
Belaware,2022-08-31,ALK,Equities,6763.4779,43.5600,294617.0994,-1251.9705
Belaware,2022-08-31,AON,Equities,6563.5722,277.1800,1819290.9409,3230.5360
Belaware,2022-08-31,AOS,Equities,6896.7484,55.1400,380286.7094,2087.2280
Belaware,2022-08-31,APD,Equities,6063.8078,246.3500,1493819.0551,7069.1072
Belaware,2022-08-31,APTV,Equities,5530.7258,93.4300,516735.7123,-4686.9601
Belaware,2022-08-31,ARE,Equities,2165.6456,147.7100,319887.5187,-1722.8040
Belaware,2022-08-31,CARR,Equities,4697.7852,38.4700,180723.7957,189.7536
Belaware,2022-08-31,CBOE,Equities,7996.2301,116.6000,932360.4279,1123.8315
Belaware,2022-08-31,CLX,Equities,2198.9633,139.8800,307590.9827,-126.7222
Belaware,2022-08-31,CMCSA,Equities,8429.3592,35.0800,295701.9212,-1449.5536
Belaware,2022-08-31,COF,Equities,8895.8060,103.4100,919915.2953,180.4734
Belaware,2022-08-31,COO,Equities,1765.8341,287.3900,507483.0746,922.4673
Belaware,2022-08-31,CRL,Equities,9362.2527,205.2500,1921602.3717,-5840.9051
Belaware,2022-08-31,CTAS,Equities,6363.6664,402.6500,2562330.2931,3860.9080
Belaware,2022-08-31,CTSH,Equities,799.6230,62.0600,49624.6039,123.8239
Belaware,2022-08-31,CVX,Equities,8062.8653,152.5000,1229586.9637,-863.9691
Belaware,2022-08-31,DHR,Equities,5597.3611,268.7900,1504514.6792,-463.4343
Belaware,2022-08-31,DVA,Equities,233.2234,85.2900,19891.6219,65.4452
Belaware,2022-08-31,ECL,Equities,633.0349,161.6700,102342.7493,260.2880
Belaware,2022-08-31,EIX,Equities,9095.7117,64.8400,589765.9480,-2024.2495
Belaware,2022-08-31,EQR,Equities,2332.2338,70.1700,163652.8440,143.9210
Belaware,2022-08-31,ETR,Equities,699.6701,111.8600,78265.1010,-128.6954
Belaware,2022-08-31,FE,Equities,3165.1744,37.9700,120181.6723,344.5401
Belaware,2022-08-31,FICO,Equities,4397.9265,449.4000,1976428.1901,-46.1278
Belaware,2022-08-31,FOX,Equities,9495.5232,31.3800,297969.5188,-675.5996
Belaware,2022-08-31,GPN,Equities,8829.1707,123.0600,1086517.7487,5225.8893
Belaware,2022-08-31,GRMN,Equities,2498.8219,85.8400,214498.8720,-98.7249
Belaware,2022-08-31,HCA,Equities,2532.1395,195.9900,496274.0259,2179.1803
Belaware,2022-08-31,HSIC,Equities,8462.6768,73.4100,621245.1068,-134.0204
Belaware,2022-08-31,HSY,Equities,8129.5006,220.5800,1793205.2394,415.2602
Belaware,2022-08-31,ICE,Equities,6896.7484,99.2900,684778.1534,1708.7694
Belaware,2022-08-31,INVH,Equities,599.7173,35.2000,21110.0474,-41.1989
Belaware,2022-08-31,JNJ,Equities,5464.0906,156.8300,856933.3222,364.0243
Belaware,2022-08-31,JNPR,Equities,9228.9822,27.8300,256842.5753,707.1930
Belaware,2022-08-31,KIM,Equities,8829.1707,20.1600,177996.0817,84.4706
Belaware,2022-08-31,KMB,Equities,1066.1640,123.0100,131148.8350,-26.7704
Belaware,2022-08-31,LEN,Equities,3498.3507,76.3000,266924.1555,690.4290
Belaware,2022-08-31,LIN,Equities,7163.2895,278.6500,1996050.6056,1582.4530
Belaware,2022-08-31,LLY,Equities,2232.2809,298.0400,665308.9991,-4383.0786
Belaware,2022-08-31,LYB,Equities,8196.1358,78.7200,645199.8131,-1052.0024
Belaware,2022-08-31,LYV,Equities,1332.7050,90.3600,120423.2251,394.9640
Belaware,2022-08-31,MKTX,Equities,633.0349,246.1100,155796.2147,-50.6055
Belaware,2022-08-31,NTRS,Equities,5064.2791,91.8700,465255.3167,333.1290
Belaware,2022-08-31,PCG,Equities,7663.0538,12.3300,94485.4537,204.1055
Belaware,2022-08-31,PEG,Equities,1232.7521,62.0900,76541.5803,-31.6674
Belaware,2022-08-31,PG,Equities,7763.0067,134.4200,1043503.3616,-178.8618
Belaware,2022-08-31,PH,Equities,3165.1744,260.6200,824907.7544,-520.2335
Belaware,2022-08-31,PKG,Equities,9762.0642,131.6100,1284785.2731,788.5921
Belaware,2022-08-31,PNW,Equities,7396.5128,71.9800,532400.9934,977.6070
Belaware,2022-08-31,PTC,Equities,6763.4779,114.8900,777055.9813,216.3607
Belaware,2022-08-31,RF,Equities,4831.0557,20.8300,100630.8897,454.0979
Belaware,2022-08-31,ROL,Equities,7196.6071,33.3200,239790.9478,-434.0964
Belaware,2022-08-31,RSG,Equities,6297.0312,140.6900,885929.3184,-556.3487
Belaware,2022-08-31,SPGI,Equities,1266.0698,348.7300,441516.5086,-1104.6753
Belaware,2022-08-31,SWKS,Equities,832.9406,96.7600,80595.3357,-93.6362
Belaware,2022-08-31,TJX,Equities,2432.1867,61.3600,149238.9729,342.1880
Belaware,2022-08-31,TPR,Equities,5064.2791,33.6700,170514.2757,1366.6130
Belaware,2022-08-31,TROW,Equities,9095.7117,114.9500,1045552.0624,5054.1563
Belaware,2022-08-31,WFC,Equities,7663.0538,42.4900,325603.1573,1840.5306
Belaware,2022-08-31,WHR,Equities,2332.2338,148.8000,347036.3857,-338.4218
Belaware,2022-08-31,WM,Equities,8962.4412,166.2400,1489916.2285,2453.8820
Belaware,2022-08-31,WST,Equities,6730.1603,295.9300,1991656.3440,-5502.0521
Belaware,2022-09-30,A,Equities,1020.7621,120.7300,123236.6063,-402.4073
Belaware,2022-09-30,AAL,Equities,7654.1514,12.0400,92155.9824,115.9720
Belaware,2022-09-30,AAP,Equities,1502.5716,152.2500,228766.5254,-1581.5624
Belaware,2022-09-30,ACN,Equities,3890.5058,253.2000,985076.0625,14149.0513
Belaware,2022-09-30,ADP,Equities,3738.0277,222.5400,831860.6763,8986.0289
Belaware,2022-09-30,ALK,Equities,6718.1626,39.1500,263016.0675,-999.2024
Belaware,2022-09-30,AON,Equities,6411.9537,265.8700,1704746.1241,-8574.0272
Belaware,2022-09-30,AOS,Equities,6991.2339,47.4500,331734.0487,3632.9657
Belaware,2022-09-30,APD,Equities,5899.4786,228.7000,1349210.7610,-14502.0512
Belaware,2022-09-30,APTV,Equities,5508.6029,78.2100,430827.8332,-1683.5529
Belaware,2022-09-30,ARE,Equities,2118.4346,136.1200,288361.3141,-2735.8818
Belaware,2022-09-30,CARR,Equities,4741.4746,34.9600,165761.9512,766.7490
Belaware,2022-09-30,CBOE,Equities,7903.4738,116.0100,916881.9974,-273.6310
Belaware,2022-09-30,CLX,Equities,2208.6387,124.4200,274798.8285,747.9114
Belaware,2022-09-30,CMCSA,Equities,8226.2117,28.4300,233871.1974,-6754.6563
Belaware,2022-09-30,COF,Equities,8830.8666,90.0700,795396.1534,-4331.4569
Belaware,2022-09-30,COO,Equities,1747.9992,263.8600,461227.0739,-2098.2789
Belaware,2022-09-30,CRL,Equities,9309.8241,196.8000,1832173.3847,-2215.1090
Belaware,2022-09-30,CTAS,Equities,6284.7570,384.1900,2414540.7837,-7283.3435
Belaware,2022-09-30,CTSH,Equities,821.8525,56.4300,46377.1382,625.7610
Belaware,2022-09-30,CVX,Equities,8239.4421,138.6200,1142151.4620,12254.4265
Belaware,2022-09-30,DHR,Equities,5434.4779,257.4600,1399160.6679,-9227.3337
Belaware,2022-09-30,DVA,Equities,229.3752,82.7700,18985.3846,-48.4871
Belaware,2022-09-30,ECL,Equities,638.0992,142.9800,91235.4180,473.2569
Belaware,2022-09-30,EIX,Equities,8988.3823,54.7600,492203.8160,-5409.4017
Belaware,2022-09-30,EQR,Equities,2269.9631,65.0400,147638.4022,-1597.2420
Belaware,2022-09-30,ETR,Equities,680.6391,97.6200,66443.9894,-1355.0092
Belaware,2022-09-30,FE,Equities,3241.4551,35.5200,115136.4856,934.4386
Belaware,2022-09-30,FICO,Equities,4521.9481,412.0100,1863087.8265,23185.8248
Belaware,2022-09-30,FOX,Equities,9407.2149,28.2800,266036.0362,-1368.7797
Belaware,2022-09-30,GPN,Equities,9025.1783,107.2400,967860.1218,15504.2004
Belaware,2022-09-30,GRMN,Equities,2487.8271,78.5500,195418.8175,-400.7611
Belaware,2022-09-30,HCA,Equities,2592.6577,182.5400,473263.7296,4069.8446
Belaware,2022-09-30,HSIC,Equities,8316.2725,65.7700,546961.2443,-5592.6446
Belaware,2022-09-30,HSY,Equities,8353.0619,216.4600,1808103.7686,4605.3621
Belaware,2022-09-30,ICE,Equities,7009.8551,89.2900,625909.9639,5655.3337
Belaware,2022-09-30,INVH,Equities,595.5792,32.7700,19517.1306,-50.2773
Belaware,2022-09-30,JNJ,Equities,5459.1729,158.7900,866862.0611,48.1933
Belaware,2022-09-30,JNPR,Equities,9082.2414,25.5800,232323.7352,-1650.8342
Belaware,2022-09-30,KIM,Equities,8830.9366,17.7900,157102.3613,20.9251
Belaware,2022-09-30,KMB,Equities,1054.6494,109.5600,115547.3926,-774.3549
Belaware,2022-09-30,LEN,Equities,3432.9315,73.4400,252114.4897,-935.4940
Belaware,2022-09-30,LIN,Equities,7288.6470,266.6800,1943736.3864,7502.6503
Belaware,2022-09-30,LLY,Equities,2222.2356,319.9300,710959.8466,1099.4541
Belaware,2022-09-30,LYB,Equities,8364.1566,71.4000,597200.7828,6149.5607
Belaware,2022-09-30,LYV,Equities,1337.7693,76.0400,101723.9771,362.6024
Belaware,2022-09-30,MKTX,Equities,623.4128,220.2700,137319.1268,-1243.1792
Belaware,2022-09-30,NTRS,Equities,4950.8392,83.3100,412454.4140,-4855.2256
Belaware,2022-09-30,PCG,Equities,7825.5106,12.5000,97818.8822,-138.0882
Belaware,2022-09-30,PEG,Equities,1241.3814,54.6800,67878.7351,319.7143
Belaware,2022-09-30,PG,Equities,7690.0344,123.0300,946104.9377,-4155.7704
Belaware,2022-09-30,PH,Equities,3099.0223,238.3100,738527.9956,-7379.2718
Belaware,2022-09-30,PKG,Equities,9650.7767,109.1300,1053189.2609,-12508.7186
Belaware,2022-09-30,PNW,Equities,7261.1566,61.6200,447432.4724,-7011.4504
Belaware,2022-09-30,PTC,Equities,6704.6357,104.6000,701304.8930,-3027.4342
Belaware,2022-09-30,RF,Equities,4869.2210,19.4700,94803.7332,259.5243
Belaware,2022-09-30,ROL,Equities,7015.2526,34.2300,240132.0958,825.1630
Belaware,2022-09-30,RSG,Equities,6324.1084,134.5900,851161.7531,825.8556
Belaware,2022-09-30,SPGI,Equities,1242.9007,302.3600,375803.4517,-5371.7504
Belaware,2022-09-30,SWKS,Equities,818.1976,83.7200,68499.5018,-961.2468
Belaware,2022-09-30,TJX,Equities,2400.8114,61.1400,146785.6116,-34.5127
Belaware,2022-09-30,TPR,Equities,4981.2249,27.8100,138527.8638,-2433.4874
Belaware,2022-09-30,TROW,Equities,9339.4768,101.6400,949264.4215,16222.5657
Belaware,2022-09-30,WFC,Equities,7807.1192,39.1000,305258.3624,2441.9087
Belaware,2022-09-30,WHR,Equities,2391.2393,128.1000,306317.7530,6107.0708
Belaware,2022-09-30,WM,Equities,8933.7614,158.1600,1412963.7043,-1158.6644
Belaware,2022-09-30,WST,Equities,6565.2714,245.4500,1611445.8636,-41617.9654
Belaware,2022-10-31,A,Equities,1038.3205,137.6600,142935.1962,-1486.3176
Belaware,2022-10-31,AAL,Equities,7804.4572,14.1800,110667.2026,-1608.2721
Belaware,2022-10-31,AAP,Equities,1564.1825,184.9600,289311.2041,-10076.4713
Belaware,2022-10-31,ACN,Equities,3861.2596,280.6200,1083546.6590,4009.6556
Belaware,2022-10-31,ADP,Equities,3695.9009,237.8000,878885.2241,3214.2753
Belaware,2022-10-31,ALK,Equities,6816.2331,44.4600,303049.7225,-2603.7699
Belaware,2022-10-31,AON,Equities,6738.8196,279.9400,1886465.1511,-22995.0157
Belaware,2022-10-31,AOS,Equities,6729.1575,53.8200,362163.2546,8347.1346
Belaware,2022-10-31,APD,Equities,6164.4670,246.0700,1516890.4006,-23014.2427
Belaware,2022-10-31,APTV,Equities,5399.6476,91.0700,491745.9076,7005.8257
Belaware,2022-10-31,ARE,Equities,2211.5573,141.0900,312028.6245,-2314.1007
Belaware,2022-10-31,CARR,Equities,4589.7361,39.2500,180147.1425,3254.7900
Belaware,2022-10-31,CBOE,Equities,8019.4192,123.0600,986869.7209,-4087.0731
Belaware,2022-10-31,CLX,Equities,2255.6965,142.7500,322000.6791,-4312.8487
Belaware,2022-10-31,CMCSA,Equities,8610.5904,31.0400,267272.7272,-5016.1431
Belaware,2022-10-31,COF,Equities,8900.2539,103.6000,922066.3012,-4694.0499
Belaware,2022-10-31,COO,Equities,1814.9243,273.3400,496091.4172,-3172.2504
Belaware,2022-10-31,CRL,Equities,9341.6558,212.2500,1982766.4369,-2458.9957
Belaware,2022-10-31,CTAS,Equities,6385.3029,423.1500,2701940.9258,-19586.3471
Belaware,2022-10-31,CTSH,Equities,806.9795,61.1600,49354.8687,351.7462
Belaware,2022-10-31,CVX,Equities,8241.0547,174.5400,1438393.6803,-289.6181
Belaware,2022-10-31,DHR,Equities,5533.5511,250.8600,1388146.6398,3269.4186
Belaware,2022-10-31,DVA,Equities,240.0102,73.0100,17523.1431,518.9873
Belaware,2022-10-31,ECL,Equities,616.0695,155.5000,95798.8145,1379.0538
Belaware,2022-10-31,EIX,Equities,8993.8398,58.1100,522632.0279,-91.4119
Belaware,2022-10-31,EQR,Equities,2371.1821,60.9800,144594.6832,2054.7446
Belaware,2022-10-31,ETR,Equities,706.1071,103.9400,73392.7717,-804.7886
Belaware,2022-10-31,FE,Equities,3171.8213,36.2000,114819.9302,236.7550
Belaware,2022-10-31,FICO,Equities,4407.6020,478.8400,2110536.1346,38208.7460
Belaware,2022-10-31,FOX,Equities,9656.9471,26.9900,260641.0028,1610.7731
Belaware,2022-10-31,GPN,Equities,8735.5815,113.4000,990614.9431,8919.5814
Belaware,2022-10-31,GRMN,Equities,2456.0920,86.1200,211518.6471,1201.1712
Belaware,2022-10-31,HCA,Equities,2543.0277,215.9900,549268.5587,8300.6066
Belaware,2022-10-31,HSIC,Equities,8510.0678,68.4600,582599.2437,-2606.5468
Belaware,2022-10-31,HSY,Equities,8011.6228,234.4300,1878164.7395,30678.2964
Belaware,2022-10-31,ICE,Equities,6948.4741,94.4500,656283.3751,1583.6314
Belaware,2022-10-31,INVH,Equities,586.7034,30.7500,18041.1293,-89.6457
Belaware,2022-10-31,JNJ,Equities,5513.2674,169.1100,932348.6455,-2791.2760
Belaware,2022-10-31,JNPR,Equities,9173.6083,29.9700,274933.0416,-2005.5040
Belaware,2022-10-31,KIM,Equities,8607.5585,20.6600,177832.1593,3205.4746
Belaware,2022-10-31,KMB,Equities,1068.2963,121.1600,129434.7845,-791.5202
Belaware,2022-10-31,LEN,Equities,3405.9942,79.8800,272070.8171,867.3811
Belaware,2022-10-31,LIN,Equities,7195.5243,294.1500,2116563.4592,12790.4115
Belaware,2022-10-31,LLY,Equities,2225.1376,358.2600,797177.7965,-556.1616
Belaware,2022-10-31,LYB,Equities,8076.4723,72.5100,585625.0031,1596.6482
Belaware,2022-10-31,LYV,Equities,1304.3184,79.6100,103836.7876,597.0985
Belaware,2022-10-31,MKTX,Equities,639.4285,241.6100,154492.3281,-1708.8840
Belaware,2022-10-31,NTRS,Equities,4953.3713,82.1300,406820.3884,14.9396
Belaware,2022-10-31,PCG,Equities,7618.6081,14.9300,113745.8192,2513.8648
Belaware,2022-10-31,PEG,Equities,1247.6684,54.5300,68035.3600,4.7153
Belaware,2022-10-31,PG,Equities,7638.0223,132.1700,1009517.4073,2376.9550
Belaware,2022-10-31,PH,Equities,3178.1516,285.8200,908379.2971,-18797.1795
Belaware,2022-10-31,PKG,Equities,9827.4701,116.8200,1148045.0523,-6793.8598
Belaware,2022-10-31,PNW,Equities,7534.0880,65.0200,489866.3996,-4639.8325
Belaware,2022-10-31,PTC,Equities,6792.5609,117.8300,800367.4511,-5816.2529
Belaware,2022-10-31,RF,Equities,4903.0384,21.3000,104434.7180,-309.4291
Belaware,2022-10-31,ROL,Equities,7084.3400,41.5300,294212.6405,-2521.6911
Belaware,2022-10-31,RSG,Equities,6155.3480,131.2000,807581.6563,-2860.4894
Belaware,2022-10-31,SPGI,Equities,1284.8076,318.1100,408710.1443,-3300.1691
Belaware,2022-10-31,SWKS,Equities,855.5966,84.4500,72255.1345,-136.5065
Belaware,2022-10-31,TJX,Equities,2382.0836,70.9600,169032.6527,919.5368
Belaware,2022-10-31,TPR,Equities,5013.1298,30.9900,155356.8936,-507.2888
Belaware,2022-10-31,TROW,Equities,8971.1005,102.7500,921780.5734,2044.4886
Belaware,2022-10-31,WFC,Equities,7436.9937,44.7000,332433.6203,10363.5140
Belaware,2022-10-31,WHR,Equities,2269.9631,131.3600,298182.3572,1976.8013
Belaware,2022-10-31,WM,Equities,9018.9046,156.3400,1410015.5452,774.8030
Belaware,2022-10-31,WST,Equities,6536.3317,229.5100,1500153.4894,-2306.4932
Belaware,2022-11-30,A,Equities,1004.9595,154.2000,154964.7601,2758.9496
Belaware,2022-11-30,AAL,Equities,7520.6310,14.4300,108522.7050,354.7827
Belaware,2022-11-30,AAP,Equities,1568.4739,147.0400,230628.3961,813.6324
Belaware,2022-11-30,ACN,Equities,3824.7968,297.4500,1137685.7949,3068.3454
Belaware,2022-11-30,ADP,Equities,3548.8202,259.8800,922267.3939,16237.7045
Belaware,2022-11-30,ALK,Equities,6751.9800,47.4400,320313.9328,957.3703
Belaware,2022-11-30,AON,Equities,6507.1255,306.5800,1994954.5278,30861.6539
Belaware,2022-11-30,AOS,Equities,6903.6452,59.6700,411940.5089,-5103.7663
Belaware,2022-11-30,APD,Equities,6129.2969,304.8000,1868209.7070,10327.6956
Belaware,2022-11-30,APTV,Equities,5662.3571,106.6700,604003.6300,-20491.3391
Belaware,2022-11-30,ARE,Equities,2180.5886,151.1000,329486.9379,1549.9851
Belaware,2022-11-30,CARR,Equities,4643.2909,43.7500,203143.9754,-1204.9819
Belaware,2022-11-30,CBOE,Equities,8232.9185,125.8700,1036277.4510,-2999.6658
Belaware,2022-11-30,CLX,Equities,2249.5394,145.3000,326858.0790,78.5030
Belaware,2022-11-30,CMCSA,Equities,8496.7941,35.8300,304440.1322,2725.4226
Belaware,2022-11-30,COF,Equities,8940.2850,101.4800,907260.1217,424.3299
Belaware,2022-11-30,COO,Equities,1741.1125,316.3000,550713.8729,15854.7891
Belaware,2022-11-30,CRL,Equities,9295.7807,228.5700,2124736.6015,3743.4031
Belaware,2022-11-30,CTAS,Equities,6195.0293,458.2100,2838624.3673,33354.9667
Belaware,2022-11-30,CTSH,Equities,777.2336,61.4000,47722.1408,35.6952
Belaware,2022-11-30,CVX,Equities,7902.4143,178.2300,1408447.3035,6247.9143
Belaware,2022-11-30,DHR,Equities,5446.2323,272.5300,1484261.6917,9460.9955
Belaware,2022-11-30,DVA,Equities,233.2933,73.7300,17200.7183,24.1806
Belaware,2022-11-30,ECL,Equities,647.2149,148.3300,96001.3806,1116.5596
Belaware,2022-11-30,EIX,Equities,9313.0992,64.5200,600881.1624,-10232.2664
Belaware,2022-11-30,EQR,Equities,2376.0798,62.7600,149122.7663,-43.5894
Belaware,2022-11-30,ETR,Equities,691.9038,113.9300,78828.5992,709.4550
Belaware,2022-11-30,FE,Equities,3208.5373,40.0000,128341.4919,-697.6044
Belaware,2022-11-30,FICO,Equities,4437.0681,619.7200,2749739.8386,-20755.9264
Belaware,2022-11-30,FOX,Equities,9707.2734,30.2900,294033.3111,-830.3835
Belaware,2022-11-30,GPN,Equities,8812.3953,103.0000,907676.7153,3994.3168
Belaware,2022-11-30,GRMN,Equities,2503.3198,90.9600,227701.9673,-1142.9112
Belaware,2022-11-30,HCA,Equities,2586.5805,238.5800,617106.3821,-4919.2887
Belaware,2022-11-30,HSIC,Equities,8472.8321,80.9200,685621.5697,2319.7890
Belaware,2022-11-30,HSY,Equities,7928.7019,231.9700,1839220.9848,-1019.9271
Belaware,2022-11-30,ICE,Equities,6840.8848,107.0400,732248.3075,6772.7449
Belaware,2022-11-30,INVH,Equities,607.0938,31.8900,19360.2206,-116.2252
Belaware,2022-11-30,JNJ,Equities,5561.8978,174.1400,968548.8792,-1223.0547
Belaware,2022-11-30,JNPR,Equities,8996.4119,32.7700,294812.4170,2480.7504
Belaware,2022-11-30,KIM,Equities,8762.0690,22.1400,193992.2081,-1143.3776
Belaware,2022-11-30,KMB,Equities,1040.2562,132.0300,137345.0295,1523.9802
Belaware,2022-11-30,LEN,Equities,3515.4926,86.9400,305636.9249,-3865.2927
Belaware,2022-11-30,LIN,Equities,7022.8890,332.8500,2337568.5963,33404.9259
Belaware,2022-11-30,LLY,Equities,2226.9234,368.1300,819797.3203,-88.1304
Belaware,2022-11-30,LYB,Equities,8226.4615,81.7300,672348.7016,-6914.5061
Belaware,2022-11-30,LYV,Equities,1299.7872,72.7600,94572.5167,-155.1935
Belaware,2022-11-30,MKTX,Equities,618.6017,266.0100,164554.2346,2540.8754
Belaware,2022-11-30,NTRS,Equities,5019.2070,90.6600,455041.3039,-2807.8895
Belaware,2022-11-30,PCG,Equities,7827.8095,15.7000,122896.6090,-805.4253
Belaware,2022-11-30,PEG,Equities,1241.6280,58.8900,73119.4702,131.6826
Belaware,2022-11-30,PG,Equities,7536.3269,146.3900,1103242.8966,7230.5421
Belaware,2022-11-30,PH,Equities,3074.3339,295.3600,908035.2616,4952.1053
Belaware,2022-11-30,PKG,Equities,9629.3002,132.0600,1271645.3785,15100.5467
Belaware,2022-11-30,PNW,Equities,7332.9028,75.7700,555614.0465,10813.7018
Belaware,2022-11-30,PTC,Equities,6574.1006,127.2100,836291.3328,10245.7898
Belaware,2022-11-30,RF,Equities,4786.6100,22.5200,107794.4564,710.2135
Belaware,2022-11-30,ROL,Equities,7126.8000,40.0400,285357.0715,316.3269
Belaware,2022-11-30,RSG,Equities,6349.2966,137.8000,874933.0647,-6400.3025
Belaware,2022-11-30,SPGI,Equities,1277.2112,350.1800,447253.8101,1218.0857
Belaware,2022-11-30,SWKS,Equities,815.1990,94.5000,77036.3053,2029.9804
Belaware,2022-11-30,TJX,Equities,2482.5329,79.1100,196393.1789,-4093.3093
Belaware,2022-11-30,TPR,Equities,5210.6367,36.9400,192480.9204,-5875.8298
Belaware,2022-11-30,TROW,Equities,8846.4892,120.9000,1069540.5468,11308.4710
Belaware,2022-11-30,WFC,Equities,7447.7220,46.9100,349372.6399,-118.5474
Belaware,2022-11-30,WHR,Equities,2356.9555,140.8900,332071.4537,-4145.1840
Belaware,2022-11-30,WM,Equities,8727.6253,165.5700,1445032.9143,13442.5415
Belaware,2022-11-30,WST,Equities,6755.0619,234.2500,1582373.2535,-5183.9060
Belaware,2022-12-31,A,Equities,1028.0953,149.1200,153309.5700,587.6483
Belaware,2022-12-31,AAL,Equities,7736.5525,12.7200,98408.9480,1846.1291
Belaware,2022-12-31,AAP,Equities,1553.3010,144.7000,224762.6564,-177.5223
Belaware,2022-12-31,ACN,Equities,3906.0784,263.7600,1030267.2478,13691.8988
Belaware,2022-12-31,ADP,Equities,3672.6585,236.1400,867261.5741,14699.6040
Belaware,2022-12-31,ALK,Equities,6573.4242,42.9400,282262.8359,-4017.5059
Belaware,2022-12-31,AON,Equities,6458.5550,298.4800,1927749.5082,-1967.1026
Belaware,2022-12-31,AOS,Equities,7038.8215,56.2300,395792.9311,2325.0318
Belaware,2022-12-31,APD,Equities,5937.6806,304.5100,1808083.1231,-277.8437
Belaware,2022-12-31,APTV,Equities,5516.8990,93.1300,513788.8033,-9847.5126
Belaware,2022-12-31,ARE,Equities,2161.5309,142.6500,308342.3859,-805.1871
Belaware,2022-12-31,CARR,Equities,4693.0874,40.9100,191994.2051,707.1106
Belaware,2022-12-31,CBOE,Equities,7825.1108,124.5100,974304.5409,-2773.0926
Belaware,2022-12-31,CLX,Equities,2227.1100,137.1600,305470.4080,-912.8776
Belaware,2022-12-31,CMCSA,Equities,8385.5265,34.1900,286701.1526,-912.3938
Belaware,2022-12-31,COF,Equities,9071.9429,91.3800,828994.1447,6648.7254
Belaware,2022-12-31,COO,Equities,1719.9225,330.6200,568640.7624,1517.2047
Belaware,2022-12-31,CRL,Equities,9487.7069,217.9000,2067371.3359,10239.2617
Belaware,2022-12-31,CTAS,Equities,6280.9388,448.1300,2814677.0950,4329.8386
Belaware,2022-12-31,CTSH,Equities,799.7030,56.4400,45135.2357,557.2413
Belaware,2022-12-31,CVX,Equities,7961.2732,174.5100,1389321.7918,1094.7759
Belaware,2022-12-31,DHR,Equities,5569.3743,264.8300,1474937.3837,4740.9648
Belaware,2022-12-31,DVA,Equities,236.6751,74.6700,17672.5285,-15.8942
Belaware,2022-12-31,ECL,Equities,629.1734,144.6400,91003.6361,-332.8656
Belaware,2022-12-31,EIX,Equities,9289.4504,62.2800,578546.9698,-264.8671
Belaware,2022-12-31,EQR,Equities,2339.4637,57.6900,134963.6608,-928.2174
Belaware,2022-12-31,ETR,Equities,711.0748,110.2400,78388.8811,353.7042
Belaware,2022-12-31,FE,Equities,3185.7480,40.6800,129596.2304,77.4835
Belaware,2022-12-31,FICO,Equities,4456.8588,598.5800,2667786.5180,2091.8738
Belaware,2022-12-31,FOX,Equities,9524.9593,28.2300,268889.6024,-1877.8347
Belaware,2022-12-31,GPN,Equities,8865.3703,98.8200,876075.8949,1107.1780
Belaware,2022-12-31,GRMN,Equities,2430.8539,90.9600,221110.4749,0.0000
Belaware,2022-12-31,HCA,Equities,2461.9993,238.8700,588097.7637,180.6428
Belaware,2022-12-31,HSIC,Equities,8407.6694,79.8700,671520.5582,-342.1037
Belaware,2022-12-31,HSY,Equities,8292.9035,228.4200,1894265.0285,6464.5789
Belaware,2022-12-31,ICE,Equities,6850.5402,101.7500,697042.4688,255.3866
Belaware,2022-12-31,INVH,Equities,609.4926,28.9600,17650.9071,35.1434
Belaware,2022-12-31,JNJ,Equities,5465.1834,172.8200,944492.9911,-638.3151
Belaware,2022-12-31,JNPR,Equities,9048.0942,31.5000,285014.9664,328.1826
Belaware,2022-12-31,KIM,Equities,8604.9098,20.6800,177949.5343,-1147.2624
Belaware,2022-12-31,KMB,Equities,1047.3995,133.2800,139597.4087,-44.6456
Belaware,2022-12-31,LEN,Equities,3601.5520,89.5800,322627.0288,-1135.9844
Belaware,2022-12-31,LIN,Equities,7169.7364,323.7900,2321488.9527,6652.1887
Belaware,2022-12-31,LLY,Equities,2174.9113,362.9400,789362.2998,-1349.7152
Belaware,2022-12-31,LYB,Equities,8246.9519,79.8200,658271.6990,195.6827
Belaware,2022-12-31,LYV,Equities,1344.2995,69.7400,93751.4505,672.1364
Belaware,2022-12-31,MKTX,Equities,637.0230,276.9100,176398.0393,-1003.9617
Belaware,2022-12-31,NTRS,Equities,5134.6725,86.9100,446254.3898,2164.9793
Belaware,2022-12-31,PCG,Equities,7702.1354,16.2600,125236.7217,351.8874
Belaware,2022-12-31,PEG,Equities,1220.1781,60.1300,73369.3071,132.9893
Belaware,2022-12-31,PG,Equities,7863.9258,148.7400,1169680.3227,-3849.2869
Belaware,2022-12-31,PH,Equities,3231.6431,287.5200,929162.0158,6166.5194
Belaware,2022-12-31,PKG,Equities,9938.7576,125.4900,1247214.6901,10165.6768
Belaware,2022-12-31,PNW,Equities,7466.7797,73.5700,549330.9826,1472.6457
Belaware,2022-12-31,PTC,Equities,6921.7433,120.0400,830886.0694,12462.9932
Belaware,2022-12-31,RF,Equities,4876.9507,21.1100,102952.4294,636.9022
Belaware,2022-12-31,ROL,Equities,7239.0671,36.1800,261909.4462,2166.7545
Belaware,2022-12-31,RSG,Equities,6170.4609,128.1000,790436.0368,-8673.5308
Belaware,2022-12-31,SPGI,Equities,1258.3467,332.4500,418337.3730,-1672.3326
Belaware,2022-12-31,SWKS,Equities,832.1910,90.0600,74947.1203,377.2222
Belaware,2022-12-31,TJX,Equities,2447.7526,78.6700,192564.7006,-76.5166
Belaware,2022-12-31,TPR,Equities,5179.2382,37.5500,194480.3940,95.7655
Belaware,2022-12-31,TROW,Equities,9104.8074,106.6400,970936.6647,18418.0886
Belaware,2022-12-31,WFC,Equities,7553.4722,40.3900,305084.7406,3447.4547
Belaware,2022-12-31,WHR,Equities,2309.3779,136.0100,314098.4860,-1160.8927
Belaware,2022-12-31,WM,Equities,8787.6736,155.4700,1366219.6172,3032.4420
Belaware,2022-12-31,WST,Equities,6713.3349,234.9400,1577230.9063,143.9581
Belaware,2023-01-31,A,Equities,1028.3019,151.5400,155828.8641,-2.4995
Belaware,2023-01-31,AAL,Equities,7472.5636,16.1400,120607.1772,4514.2097
Belaware,2023-01-31,AAP,Equities,1521.2694,149.8700,227992.6520,828.0160
Belaware,2023-01-31,ACN,Equities,3778.8384,276.9500,1046549.3012,8391.4787
Belaware,2023-01-31,ADP,Equities,3544.8254,223.2400,791346.8263,-8245.2327
Belaware,2023-01-31,ALK,Equities,6896.7185,51.3400,354077.5259,-13578.3583
Belaware,2023-01-31,AON,Equities,6492.6856,317.4800,2061297.8291,-3242.4047
Belaware,2023-01-31,AOS,Equities,6870.5408,66.8400,459226.9474,8927.2891
Belaware,2023-01-31,APD,Equities,5994.0740,316.6100,1897783.7769,-3411.8015
Belaware,2023-01-31,APTV,Equities,5666.2286,113.0900,640793.7914,-14903.0938
Belaware,2023-01-31,ARE,Equities,2200.0794,157.4100,346314.5005,-2844.8787
Belaware,2023-01-31,CARR,Equities,4640.0024,45.1500,209496.1091,1125.4014
Belaware,2023-01-31,CBOE,Equities,8084.1886,121.9400,985785.9598,3329.1504
Belaware,2023-01-31,CLX,Equities,2171.0364,142.6000,309589.7963,1525.2009
Belaware,2023-01-31,CMCSA,Equities,8590.3600,38.7800,333134.1599,-4700.9272
Belaware,2023-01-31,COF,Equities,8782.8292,116.9800,1027415.3638,37006.5528
Belaware,2023-01-31,COO,Equities,1815.6307,348.9000,633473.5396,-8747.7304
Belaware,2023-01-31,CRL,Equities,9618.7784,243.2500,2339767.8578,-16613.3175
Belaware,2023-01-31,CTAS,Equities,6329.3026,440.3100,2786855.2471,1891.0271
Belaware,2023-01-31,CTSH,Equities,786.0294,65.8800,51783.6180,645.3917
Belaware,2023-01-31,CVX,Equities,7837.9114,169.2000,1326174.6077,-3275.2568
Belaware,2023-01-31,DHR,Equities,5572.1729,263.7900,1469883.4985,14.5531
Belaware,2023-01-31,DVA,Equities,231.8940,82.3900,19105.7470,184.5497
Belaware,2023-01-31,ECL,Equities,637.9726,153.8500,98152.0774,-405.2025
Belaware,2023-01-31,EIX,Equities,9100.2596,67.4500,613812.5085,4890.5823
Belaware,2023-01-31,EQR,Equities,2391.7057,62.2400,148859.7650,-1188.5063
Belaware,2023-01-31,ETR,Equities,694.8424,106.1100,73729.7280,-335.1980
Belaware,2023-01-31,FE,Equities,3182.5829,39.7200,126412.1915,-15.1928
Belaware,2023-01-31,FICO,Equities,4506.1155,665.9500,3000847.6437,-16592.1454
Belaware,2023-01-31,FOX,Equities,9381.5769,31.4600,295144.4108,2315.6258
Belaware,2023-01-31,GPN,Equities,8773.5469,112.1600,984041.0252,6124.6191
Belaware,2023-01-31,GRMN,Equities,2425.8563,97.4500,236399.6966,162.1735
Belaware,2023-01-31,HCA,Equities,2478.4582,253.9100,629305.3137,-1237.7098
Belaware,2023-01-31,HSIC,Equities,8210.4891,86.1500,707333.6334,6191.4636
Belaware,2023-01-31,HSY,Equities,7904.3134,221.5400,1751121.5951,-13367.5004
Belaware,2023-01-31,ICE,Equities,6936.7496,106.6700,739943.0787,-2120.7501
Belaware,2023-01-31,INVH,Equities,602.5959,31.7600,19138.4458,96.5545
Belaware,2023-01-31,JNJ,Equities,5407.2640,159.8800,864513.3709,-3747.3826
Belaware,2023-01-31,JNPR,Equities,9219.7532,31.8400,293556.9432,-291.8204
Belaware,2023-01-31,KIM,Equities,8954.5449,21.9300,196373.1706,-2185.2198
Belaware,2023-01-31,KMB,Equities,1037.6974,127.6500,132462.0772,-273.1139
Belaware,2023-01-31,LEN,Equities,3415.7896,101.7500,347556.5904,11303.6433
Belaware,2023-01-31,LIN,Equities,7114.5791,328.5200,2337281.5203,1304.4708
Belaware,2023-01-31,LLY,Equities,2193.4392,341.4200,748884.0155,1993.6054
Belaware,2023-01-31,LYB,Equities,8295.3091,92.9600,771131.9321,-3177.0681
Belaware,2023-01-31,LYV,Equities,1363.8903,80.4900,109779.5312,-1053.0035
Belaware,2023-01-31,MKTX,Equities,617.2090,361.2600,222972.9268,8356.5510
Belaware,2023-01-31,NTRS,Equities,4957.4228,95.2300,472095.3700,7373.5903
Belaware,2023-01-31,PCG,Equities,7685.2767,15.9000,122195.8993,-30.3457
Belaware,2023-01-31,PEG,Equities,1234.4780,60.7700,75019.2275,-45.7598
Belaware,2023-01-31,PG,Equities,7754.4674,140.6100,1090355.6611,-4449.4837
Belaware,2023-01-31,PH,Equities,3078.7651,322.1000,991670.2539,26432.5930
Belaware,2023-01-31,PKG,Equities,9633.2050,140.0000,1348648.6973,22167.8419
Belaware,2023-01-31,PNW,Equities,7503.7623,72.9800,547624.5701,109.0986
Belaware,2023-01-31,PTC,Equities,6866.2828,134.8800,926124.2256,4115.1705
Belaware,2023-01-31,RF,Equities,4755.6912,23.0500,109618.6823,1176.2171
Belaware,2023-01-31,ROL,Equities,7106.6495,36.0400,256123.6475,-92.6923
Belaware,2023-01-31,RSG,Equities,6125.7519,123.9600,759348.2109,-925.4747
Belaware,2023-01-31,SPGI,Equities,1267.3358,372.1500,471639.0303,-1784.3354
Belaware,2023-01-31,SWKS,Equities,835.5227,108.3900,90562.3109,-305.3560
Belaware,2023-01-31,TJX,Equities,2383.2997,80.9000,192808.9457,718.6504
Belaware,2023-01-31,TPR,Equities,4968.0578,44.9400,223264.5154,7803.1171
Belaware,2023-01-31,TROW,Equities,9355.8491,113.8800,1065444.0929,-9087.7075
Belaware,2023-01-31,WFC,Equities,7659.2223,45.8500,351175.3427,-2886.9789
Belaware,2023-01-31,WHR,Equities,2373.5143,149.6000,355077.7412,-4358.0703
Belaware,2023-01-31,WM,Equities,8722.2478,153.3400,1337469.4770,-696.7850
Belaware,2023-01-31,WST,Equities,6778.6175,265.3300,1798570.5749,-9919.6843
Belaware,2023-02-28,A,Equities,1060.8365,141.4700,150076.5429,1638.1202
Belaware,2023-02-28,AAL,Equities,7839.5540,15.9800,125276.0721,293.5922
Belaware,2023-02-28,AAP,Equities,1569.2402,142.6600,223867.8017,1729.3443
Belaware,2023-02-28,ACN,Equities,3805.8057,263.5500,1003020.0946,1806.8082
Belaware,2023-02-28,ADP,Equities,3711.8800,217.3200,806665.7597,4944.8154
Belaware,2023-02-28,ALK,Equities,6957.5898,47.8300,332781.5184,1068.2913
Belaware,2023-02-28,AON,Equities,6744.0704,302.9000,2042778.9333,18325.9530
Belaware,2023-02-28,AOS,Equities,6887.0930,64.8000,446283.6264,168.8324
Belaware,2023-02-28,APD,Equities,6242.0838,282.5000,1763388.6634,42298.0611
Belaware,2023-02-28,APTV,Equities,5396.8822,116.2800,627549.4674,4296.0742
Belaware,2023-02-28,ARE,Equities,2198.1303,146.6700,322399.7759,-104.6657
Belaware,2023-02-28,CARR,Equities,4645.1700,44.6600,207453.2914,12.6605
Belaware,2023-02-28,CBOE,Equities,7867.4908,125.6900,988864.9162,4063.0844
Belaware,2023-02-28,CLX,Equities,2233.4870,153.2000,342170.2079,-3309.8795
Belaware,2023-02-28,CMCSA,Equities,8640.0932,36.6300,316486.6137,534.6321
Belaware,2023-02-28,COF,Equities,8856.6644,107.7600,954394.1583,3403.8022
Belaware,2023-02-28,COO,Equities,1814.7477,326.9400,593313.6292,-96.9443
Belaware,2023-02-28,CRL,Equities,9258.3317,219.3400,2030722.4793,-43091.4066
Belaware,2023-02-28,CTAS,Equities,6404.3939,436.2000,2793596.6226,1543.1255
Belaware,2023-02-28,CTSH,Equities,776.8338,62.0800,48225.8394,-174.7176
Belaware,2023-02-28,CVX,Equities,7941.1161,157.7000,1252314.0041,5934.2689
Belaware,2023-02-28,DHR,Equities,5563.7769,246.9800,1374141.6171,-705.6873
Belaware,2023-02-28,DVA,Equities,238.0977,82.2600,19585.9206,4.0324
Belaware,2023-02-28,ECL,Equities,630.8826,158.3600,99906.5627,159.8793
Belaware,2023-02-28,EIX,Equities,8874.6859,64.8100,575168.3949,-2977.5722
Belaware,2023-02-28,EQR,Equities,2276.0269,61.1400,139156.2872,-636.2334
Belaware,2023-02-28,ETR,Equities,684.9771,101.8400,69758.0638,-210.6252
Belaware,2023-02-28,FE,Equities,3250.6341,38.7300,125897.0594,336.8537
Belaware,2023-02-28,FICO,Equities,4371.9788,677.3900,2961534.7059,7672.6227
Belaware,2023-02-28,FOX,Equities,9373.0310,32.2500,302280.2490,33.7566
Belaware,2023-02-28,GPN,Equities,8966.0229,111.6400,1000966.7926,500.4374
Belaware,2023-02-28,GRMN,Equities,2469.5857,96.7100,238833.6316,161.7987
Belaware,2023-02-28,HCA,Equities,2594.9366,242.3500,628882.8819,6732.4526
Belaware,2023-02-28,HSIC,Equities,8389.8978,78.3100,657012.8982,7032.8230
Belaware,2023-02-28,HSY,Equities,8147.3855,236.1100,1923679.1875,-17707.8001
Belaware,2023-02-28,ICE,Equities,7065.0291,100.9700,713355.9893,3655.9664
Belaware,2023-02-28,INVH,Equities,598.5778,30.7900,18430.2103,-19.4878
Belaware,2023-02-28,JNJ,Equities,5576.6508,151.0200,842185.8074,7503.8356
Belaware,2023-02-28,JNPR,Equities,9495.6998,30.5600,290188.5862,1766.0580
Belaware,2023-02-28,KIM,Equities,8868.0191,20.1200,178424.5437,-783.0592
Belaware,2023-02-28,KMB,Equities,1062.9655,122.7800,130510.9065,615.2779
Belaware,2023-02-28,LEN,Equities,3518.9909,96.1300,338280.5982,2899.9578
Belaware,2023-02-28,LIN,Equities,7018.5910,345.8200,2427169.1411,8302.9688
Belaware,2023-02-28,LLY,Equities,2229.3789,309.7500,690550.1247,5691.0551
Belaware,2023-02-28,LYB,Equities,7991.2324,92.2800,737430.9297,-1033.8606
Belaware,2023-02-28,LYV,Equities,1326.4413,72.0600,95583.3601,-1578.4758
Belaware,2023-02-28,MKTX,Equities,642.7836,339.7200,218366.4510,2754.3854
Belaware,2023-02-28,NTRS,Equities,5063.7726,93.5700,473817.2046,882.7038
Belaware,2023-02-28,PCG,Equities,7689.1082,15.6200,120103.8703,5.3641
Belaware,2023-02-28,PEG,Equities,1204.0290,59.3000,71398.9205,-223.8000
Belaware,2023-02-28,PG,Equities,7652.7720,135.8500,1039629.0779,-2420.3502
Belaware,2023-02-28,PH,Equities,3215.1842,348.9600,1121970.6660,-18321.0740
Belaware,2023-02-28,PKG,Equities,9819.6604,134.1300,1317111.0505,5472.4668
Belaware,2023-02-28,PNW,Equities,7342.5183,72.1300,529615.8439,-685.2869
Belaware,2023-02-28,PTC,Equities,6900.7765,125.3300,864874.3249,1647.0760
Belaware,2023-02-28,RF,Equities,4893.8594,22.8400,111775.7487,145.0766
Belaware,2023-02-28,ROL,Equities,7373.6436,34.9800,257930.0535,1415.0688
Belaware,2023-02-28,RSG,Equities,6313.4035,128.0400,808368.1807,-3828.0912
Belaware,2023-02-28,SPGI,Equities,1285.0608,339.5500,436342.3980,2889.1712
Belaware,2023-02-28,SWKS,Equities,816.2818,110.8800,90509.3283,239.5496
Belaware,2023-02-28,TJX,Equities,2469.6423,75.9800,187643.4239,2124.0286
Belaware,2023-02-28,TPR,Equities,5062.2533,42.9100,217221.2909,956.0852
Belaware,2023-02-28,TROW,Equities,9111.1744,109.7800,1000224.7291,-5015.8302
Belaware,2023-02-28,WFC,Equities,7625.5049,46.0500,351154.4992,33.7174
Belaware,2023-02-28,WHR,Equities,2295.6177,132.6600,304536.6447,-6597.8427
Belaware,2023-02-28,WM,Equities,9108.5290,148.4200,1351887.8760,9502.5179
Belaware,2023-02-28,WST,Equities,6719.3921,316.7100,2128098.6609,15215.0080
Belaware,2023-03-31,A,Equities,1044.4143,137.8500,143972.5065,-297.2429
Belaware,2023-03-31,AAL,Equities,7674.7516,14.7500,113202.5868,-1013.5342
Belaware,2023-03-31,AAP,Equities,1544.7184,119.6800,184871.8971,-2817.5516
Belaware,2023-03-31,ACN,Equities,3857.4614,283.6600,1094207.4880,-5193.9752
Belaware,2023-03-31,ADP,Equities,3560.8046,221.3400,788148.4793,3036.6164
Belaware,2023-03-31,ALK,Equities,6835.8472,41.9600,286832.1469,-3573.1454
Belaware,2023-03-31,AON,Equities,6391.6066,314.1000,2007603.6341,19737.9743
Belaware,2023-03-31,AOS,Equities,6839.5054,68.2700,466933.0361,825.6442
Belaware,2023-03-31,APD,Equities,6176.5946,285.5000,1763417.7697,982.3369
Belaware,2023-03-31,APTV,Equities,5617.0051,112.1900,630171.8057,4501.5130
Belaware,2023-03-31,ARE,Equities,2197.9138,124.2100,273002.8691,-24.3202
Belaware,2023-03-31,CARR,Equities,4568.1263,45.3700,207255.8904,273.5051
Belaware,2023-03-31,CBOE,Equities,7968.2433,133.7300,1065593.1738,-4050.2505
Belaware,2023-03-31,CLX,Equities,2193.9057,155.9600,342161.5264,546.2225
Belaware,2023-03-31,CMCSA,Equities,8217.7823,37.3600,307016.3467,1541.4348
Belaware,2023-03-31,COF,Equities,9071.0533,94.9900,861659.3574,13688.7328
Belaware,2023-03-31,COO,Equities,1745.8802,373.3300,651789.4618,15973.8240
Belaware,2023-03-31,CRL,Equities,9133.8138,201.8200,1843386.2926,-10907.7734
Belaware,2023-03-31,CTAS,Equities,6173.3928,460.2900,2841550.9793,27824.0815
Belaware,2023-03-31,CTSH,Equities,804.2608,60.3900,48569.3110,231.7587
Belaware,2023-03-31,CVX,Equities,8066.8968,160.0400,1291026.1588,-1471.6342
Belaware,2023-03-31,DHR,Equities,5704.2707,251.7500,1436050.1376,-3350.7762
Belaware,2023-03-31,DVA,Equities,236.3719,81.1100,19172.1242,-9.9237
Belaware,2023-03-31,ECL,Equities,639.8084,165.0500,105600.3690,-298.5677
Belaware,2023-03-31,EIX,Equities,9260.3441,69.8400,646742.4322,-9699.3032
Belaware,2023-03-31,EQR,Equities,2333.3999,59.3800,138557.2856,504.8820
Belaware,2023-03-31,ETR,Equities,685.3969,106.6600,73104.4293,-10.1172
Belaware,2023-03-31,FE,Equities,3096.1736,39.2400,121493.8523,393.8743
Belaware,2023-03-31,FICO,Equities,4427.3927,702.6900,3111084.5445,-7009.8551
Belaware,2023-03-31,FOX,Equities,9770.8934,31.3100,305926.6723,1869.9534
Belaware,2023-03-31,GPN,Equities,8976.6179,104.9800,942365.3440,352.8137
Belaware,2023-03-31,GRMN,Equities,2565.0407,100.2300,257094.0276,-1680.0079
Belaware,2023-03-31,HCA,Equities,2505.0456,263.1200,659127.6072,9335.1755
Belaware,2023-03-31,HSIC,Equities,8433.9037,81.5400,687700.5109,-710.6956
Belaware,2023-03-31,HSY,Equities,8315.6661,252.0500,2095963.6531,-13411.9688
Belaware,2023-03-31,ICE,Equities,6955.3708,103.8900,722593.4735,1601.0112
Belaware,2023-03-31,INVH,Equities,591.0214,30.7600,18179.8169,-1.1335
Belaware,2023-03-31,JNJ,Equities,5615.9923,152.7300,857730.5003,-336.3694
Belaware,2023-03-31,JNPR,Equities,9014.8698,34.1700,308038.1023,8678.9810
Belaware,2023-03-31,KIM,Equities,8781.4932,19.2900,169395.0038,-359.0824
Belaware,2023-03-31,KMB,Equities,1078.9580,133.0500,143555.3592,-821.2128
Belaware,2023-03-31,LEN,Equities,3459.1691,104.4400,361275.6244,2485.5956
Belaware,2023-03-31,LIN,Equities,6984.9235,354.1600,2473780.5223,1403.9331
Belaware,2023-03-31,LLY,Equities,2255.4966,341.8000,770928.7447,-4185.3593
Belaware,2023-03-31,LYB,Equities,8150.2375,91.3800,744768.7006,715.5227
Belaware,2023-03-31,LYV,Equities,1346.6984,70.0000,94268.8892,208.6483
Belaware,2023-03-31,MKTX,Equities,644.1130,389.3100,250759.6290,-329.6181
Belaware,2023-03-31,NTRS,Equities,5016.6748,87.2600,437755.0457,-1485.9354
Belaware,2023-03-31,PCG,Equities,7705.2006,16.1700,124593.0941,-44.2541
Belaware,2023-03-31,PEG,Equities,1221.5341,61.8800,75588.5297,-225.8155
Belaware,2023-03-31,PG,Equities,7606.9703,146.8400,1117007.5148,2516.8056
Belaware,2023-03-31,PH,Equities,3245.2533,333.3400,1081772.7421,2348.4012
Belaware,2023-03-31,PKG,Equities,9838.2083,137.5100,1352852.0274,-313.4599
Belaware,2023-03-31,PNW,Equities,7323.2874,77.5700,568067.3999,523.0814
Belaware,2023-03-31,PTC,Equities,6938.6520,128.2300,889743.3493,-549.1944
Belaware,2023-03-31,RF,Equities,4907.8695,18.3500,90059.4046,314.5259
Belaware,2023-03-31,ROL,Equities,7133.2769,37.2900,265999.8969,2776.2351
Belaware,2023-03-31,RSG,Equities,6475.2372,134.7800,872732.4664,-5453.7957
Belaware,2023-03-31,SPGI,Equities,1233.5318,343.1000,423224.7505,914.6404
Belaware,2023-03-31,SWKS,Equities,857.0959,117.2500,100494.4957,-1299.9288
Belaware,2023-03-31,TJX,Equities,2395.9471,77.7300,186236.9657,644.8335
Belaware,2023-03-31,TPR,Equities,4953.8778,42.8100,212075.5074,-54.1878
Belaware,2023-03-31,TROW,Equities,9002.0259,111.6700,1005256.2312,1031.4537
Belaware,2023-03-31,WFC,Equities,7891.4128,36.8000,290403.9924,12298.2435
Belaware,2023-03-31,WHR,Equities,2286.5220,128.5800,294000.9978,-185.5525
Belaware,2023-03-31,WM,Equities,8917.6290,162.4600,1448758.0096,13401.1799
Belaware,2023-03-31,WST,Equities,6622.4778,346.1200,2292172.0010,14251.2491
Belaware,2023-04-30,A,Equities,1042.5551,135.1700,140922.1785,-24.9123
Belaware,2023-04-30,AAL,Equities,7573.2762,13.6400,103299.4868,-563.1890
Belaware,2023-04-30,AAP,Equities,1527.8597,125.0900,191119.9665,456.0283
Belaware,2023-04-30,ACN,Equities,3846.8264,279.2800,1074341.6684,-232.9062
Belaware,2023-04-30,ADP,Equities,3532.4779,218.7300,772658.8923,-369.6627
Belaware,2023-04-30,ALK,Equities,6858.1666,43.4600,298055.9221,-167.3961
Belaware,2023-04-30,AON,Equities,6555.0396,324.5500,2127438.0862,-8539.3715
Belaware,2023-04-30,AOS,Equities,6789.1592,67.7300,459829.7508,-135.9349
Belaware,2023-04-30,APD,Equities,5957.0848,292.6100,1743102.5824,7803.5749
Belaware,2023-04-30,APTV,Equities,5677.2900,102.8600,583966.0538,2812.2911
Belaware,2023-04-30,ARE,Equities,2213.7230,122.8100,271867.3193,110.6645
Belaware,2023-04-30,CARR,Equities,4632.9557,41.4700,192128.6745,1264.1740
Belaware,2023-04-30,CBOE,Equities,7896.2772,139.1700,1098924.8992,1957.4771
Belaware,2023-04-30,CLX,Equities,2229.0891,164.4100,366484.5340,-1486.4992
Belaware,2023-04-30,CMCSA,Equities,8185.7507,41.0800,336270.6401,595.7871
Belaware,2023-04-30,COF,Equities,8741.9085,96.1200,840272.2475,1859.6682
Belaware,2023-04-30,COO,Equities,1732.1067,381.4200,660660.1419,557.1383
Belaware,2023-04-30,CRL,Equities,9082.3214,190.1200,1726730.9385,-3012.3048
Belaware,2023-04-30,CTAS,Equities,6314.0298,453.4100,2862844.2717,4837.9138
Belaware,2023-04-30,CTSH,Equities,776.6738,59.1800,45963.5572,-166.9013
Belaware,2023-04-30,CVX,Equities,8241.0547,165.3600,1362740.7985,-4632.5999
Belaware,2023-04-30,DHR,Equities,5493.2501,236.6400,1299922.7140,-15942.5997
Belaware,2023-04-30,DVA,Equities,236.3952,90.3600,21360.6717,-1.0787
Belaware,2023-04-30,ECL,Equities,623.9825,167.3500,104423.4685,181.9975
Belaware,2023-04-30,EIX,Equities,9127.5467,72.8200,664667.9516,1978.6811
Belaware,2023-04-30,EQR,Equities,2339.4637,62.6000,146450.4276,-97.6273
Belaware,2023-04-30,ETR,Equities,698.3408,106.5000,74373.2909,10.3551
Belaware,2023-04-30,FE,Equities,3180.6838,38.9900,124014.8599,105.6377
Belaware,2023-04-30,FICO,Equities,4272.5856,727.9500,3110228.7168,19552.1259
Belaware,2023-04-30,FOX,Equities,9459.4402,30.5400,288891.3049,-1199.0947
Belaware,2023-04-30,GPN,Equities,8691.4357,112.4300,977178.1108,10623.0375
Belaware,2023-04-30,GRMN,Equities,2554.2957,97.4900,249018.2925,-147.2056
Belaware,2023-04-30,HCA,Equities,2493.1446,286.7200,714834.4135,1404.3246
Belaware,2023-04-30,HSIC,Equities,8635.3154,80.8100,697819.8413,735.1527
Belaware,2023-04-30,HSY,Equities,8205.1049,270.5300,2219727.0399,10215.8556
Belaware,2023-04-30,ICE,Equities,6858.8163,108.5100,744250.1602,2230.4084
Belaware,2023-04-30,INVH,Equities,597.2584,32.8700,19631.8841,-65.8010
Belaware,2023-04-30,JNJ,Equities,5495.2359,161.3000,886381.5465,5174.4118
Belaware,2023-04-30,JNPR,Equities,9070.2437,29.9300,271472.3948,1173.9265
Belaware,2023-04-30,KIM,Equities,8784.1419,18.9600,166547.3313,4.3704
Belaware,2023-04-30,KMB,Equities,1046.1201,143.6200,150243.7728,1735.4805
Belaware,2023-04-30,LEN,Equities,3565.1692,112.4700,400974.5754,-4255.9010
Belaware,2023-04-30,LIN,Equities,7254.2632,368.1200,2670439.3792,-18799.9099
Belaware,2023-04-30,LLY,Equities,2274.6942,393.9900,896206.7820,-5009.6178
Belaware,2023-04-30,LYB,Equities,8213.3477,92.0800,756285.0583,-220.8859
Belaware,2023-04-30,LYV,Equities,1372.5529,67.7800,93031.6352,286.9847
Belaware,2023-04-30,MKTX,Equities,627.8440,316.7600,198875.8641,-5901.5785
Belaware,2023-04-30,NTRS,Equities,5016.1684,77.3900,388201.2727,-24.9922
Belaware,2023-04-30,PCG,Equities,7737.3855,17.1100,132386.6651,-151.2687
Belaware,2023-04-30,PEG,Equities,1211.1790,62.6300,75856.1392,38.8317
Belaware,2023-04-30,PG,Equities,7723.4154,155.4000,1200218.7490,-4983.8503
Belaware,2023-04-30,PH,Equities,3097.7562,322.2100,998128.0232,-8208.2151
Belaware,2023-04-30,PKG,Equities,9668.3484,133.9800,1295365.3203,-2998.0275
Belaware,2023-04-30,PNW,Equities,7483.0520,77.6500,581058.9900,-63.9059
Belaware,2023-04-30,PTC,Equities,6574.1006,125.7900,826956.1100,-4447.5278
Belaware,2023-04-30,RF,Equities,4824.2922,18.0500,87078.4742,-125.3659
Belaware,2023-04-30,ROL,Equities,7235.4688,41.9800,303744.9783,-2396.3982
Belaware,2023-04-30,RSG,Equities,6320.9599,144.1500,911166.3711,7227.8898
Belaware,2023-04-30,SPGI,Equities,1244.0401,360.8200,448874.5668,-931.0424
Belaware,2023-04-30,SWKS,Equities,847.1006,105.2400,89148.8697,-600.2170
Belaware,2023-04-30,TJX,Equities,2433.1595,78.1900,190248.7433,-85.5886
Belaware,2023-04-30,TPR,Equities,4973.1220,40.5300,201560.6359,219.3846
Belaware,2023-04-30,TROW,Equities,8931.9889,111.1000,992343.9680,-199.6054
Belaware,2023-04-30,WFC,Equities,7738.9181,39.1400,302901.2530,1784.1888
Belaware,2023-04-30,WHR,Equities,2401.9676,135.9500,326547.4904,-4254.1693
Belaware,2023-04-30,WM,Equities,8975.8849,165.3300,1483983.0476,-835.9717
Belaware,2023-04-30,WST,Equities,6923.3159,361.0600,2499732.4471,-22472.6110
Belaware,2023-05-31,A,Equities,1016.2176,115.4500,117322.3172,-2596.8857
Belaware,2023-05-31,AAL,Equities,7596.1654,14.7800,112271.3241,-130.4685
Belaware,2023-05-31,AAP,Equities,1552.6880,72.6300,112771.7271,6512.4616
Belaware,2023-05-31,ACN,Equities,3771.2420,304.8100,1149512.2754,9648.3442
Belaware,2023-05-31,ADP,Equities,3629.8054,207.7800,754200.9563,5328.6777
Belaware,2023-05-31,ALK,Equities,6828.4073,44.9300,306800.3416,218.7309
Belaware,2023-05-31,AON,Equities,6701.4072,307.7000,2062022.9988,12331.4754
Belaware,2023-05-31,AOS,Equities,6809.8494,63.4100,431812.5516,446.9093
Belaware,2023-05-31,APD,Equities,6157.1905,267.5400,1647294.7343,25083.2442
Belaware,2023-05-31,APTV,Equities,5572.2063,88.0800,490799.9267,-7765.6921
Belaware,2023-05-31,ARE,Equities,2104.7910,112.2100,236178.5987,-5773.3947
Belaware,2023-05-31,CARR,Equities,4739.1257,40.7400,193071.9804,387.5203
Belaware,2023-05-31,CBOE,Equities,8229.7200,132.4200,1089779.5229,11253.6943
Belaware,2023-05-31,CLX,Equities,2244.2619,157.0200,352394.0062,560.6367
Belaware,2023-05-31,CMCSA,Equities,8354.3379,39.0800,326487.5258,1685.8718
Belaware,2023-05-31,COF,Equities,8873.5665,103.6600,919833.8987,-4963.5039
Belaware,2023-05-31,COO,Equities,1773.9570,371.5000,659025.0184,2075.7734
Belaware,2023-05-31,CRL,Equities,9085.1300,193.3800,1756882.4479,-45.7814
Belaware,2023-05-31,CTAS,Equities,6304.4843,470.8400,2968403.4089,831.8903
Belaware,2023-05-31,CTSH,Equities,789.1479,62.2300,49108.6767,-190.2303
Belaware,2023-05-31,CVX,Equities,7935.4721,149.1900,1183893.0771,-24706.3529
Belaware,2023-05-31,DHR,Equities,5759.1248,229.3600,1320912.8628,9677.8373
Belaware,2023-05-31,DVA,Equities,229.3519,93.6700,21483.3896,116.5674
Belaware,2023-05-31,ECL,Equities,620.5008,164.5700,102115.8152,-48.3955
Belaware,2023-05-31,EIX,Equities,9198.4933,66.8000,614459.3500,2135.4912
Belaware,2023-05-31,EQR,Equities,2386.5748,60.1700,143600.2070,572.4001
Belaware,2023-05-31,ETR,Equities,709.5355,98.2000,69676.3843,464.5810
Belaware,2023-05-31,FE,Equities,3251.5837,37.0000,120308.5958,705.4541
Belaware,2023-05-31,FICO,Equities,4470.9321,787.6700,3521619.1088,-59226.2611
Belaware,2023-05-31,FOX,Equities,9343.5949,29.2100,272926.4057,-770.3718
Belaware,2023-05-31,GPN,Equities,8686.1382,97.4500,846464.1630,-396.7829
Belaware,2023-05-31,GRMN,Equities,2486.3278,102.4400,254699.4190,1682.2069
Belaware,2023-05-31,HCA,Equities,2543.0277,263.6300,670418.3996,5759.0095
Belaware,2023-05-31,HSIC,Equities,8519.3768,73.9000,629581.9437,-4005.6811
Belaware,2023-05-31,HSY,Equities,7951.4645,258.2900,2053783.7718,-15522.7936
Belaware,2023-05-31,ICE,Equities,6895.3691,105.5400,727737.2547,542.8086
Belaware,2023-05-31,INVH,Equities,616.5093,33.6300,20733.2091,-73.1535
Belaware,2023-05-31,JNJ,Equities,5448.2447,153.9400,838702.7884,-1729.2754
Belaware,2023-05-31,JNPR,Equities,9470.7816,30.3700,287627.6359,-881.1832
Belaware,2023-05-31,KIM,Equities,8921.8770,18.1600,162021.2865,550.9403
Belaware,2023-05-31,KMB,Equities,1046.6532,133.1100,139320.0088,28.0135
Belaware,2023-05-31,LEN,Equities,3553.9744,106.8000,379564.4699,-317.3704
Belaware,2023-05-31,LIN,Equities,7002.1154,352.3800,2467405.4382,-19844.0310
Belaware,2023-05-31,LLY,Equities,2270.8994,428.5400,973171.2110,655.5651
Belaware,2023-05-31,LYB,Equities,8198.5947,84.4400,692289.3346,-563.5663
Belaware,2023-05-31,LYV,Equities,1296.5887,79.9400,103649.3013,4618.6225
Belaware,2023-05-31,MKTX,Equities,618.5384,271.6800,168044.5079,-2097.4851
Belaware,2023-05-31,NTRS,Equities,4962.9935,71.2100,353414.7652,-1643.1053
Belaware,2023-05-31,PCG,Equities,7768.0377,16.9400,131590.5581,26.0544
Belaware,2023-05-31,PEG,Equities,1215.7402,59.2100,71983.9748,77.9962
Belaware,2023-05-31,PG,Equities,7787.8483,141.6100,1102837.2019,4442.6523
Belaware,2023-05-31,PH,Equities,3144.6008,319.2500,1003913.7974,693.2998
Belaware,2023-05-31,PKG,Equities,9846.9942,122.8600,1209801.7059,9932.7051
Belaware,2023-05-31,PNW,Equities,7534.8276,76.4800,576263.6163,302.8872
Belaware,2023-05-31,PTC,Equities,6813.5277,134.4000,915738.1207,-10307.3375
Belaware,2023-05-31,RF,Equities,4850.3799,17.0700,82795.9849,127.8297
Belaware,2023-05-31,ROL,Equities,7100.1725,39.1900,278255.7619,-1887.3822
Belaware,2023-05-31,RSG,Equities,6413.5263,141.1700,905397.5034,1379.2387
Belaware,2023-05-31,SPGI,Equities,1259.7394,366.5800,461795.2746,-452.1388
Belaware,2023-05-31,SWKS,Equities,826.3604,103.5100,85536.5653,-179.4029
Belaware,2023-05-31,TJX,Equities,2489.0998,76.5000,190416.1361,472.6955
Belaware,2023-05-31,TPR,Equities,5170.6289,39.7400,205480.7930,780.1522
Belaware,2023-05-31,TROW,Equities,9233.0570,105.9900,978611.7081,7692.2889
Belaware,2023-05-31,WFC,Equities,7461.5155,39.5000,294729.8629,499.3246
Belaware,2023-05-31,WHR,Equities,2370.2492,127.6200,302491.2010,-1321.0705
Belaware,2023-05-31,WM,Equities,8727.6253,161.2200,1407067.7445,-5101.7352
Belaware,2023-05-31,WST,Equities,6775.9254,334.4600,2266276.0132,-19602.9380
Belaware,2023-06-30,A,Equities,1045.3438,120.2500,125702.5952,-699.0304
Belaware,2023-06-30,AAL,Equities,7405.4220,17.9400,132853.2700,3013.7458
Belaware,2023-06-30,AAP,Equities,1498.4335,70.0500,104965.2699,-699.8820
Belaware,2023-06-30,ACN,Equities,3842.6483,307.4600,1181460.6583,-946.1339
Belaware,2023-06-30,ADP,Equities,3703.1641,219.7900,813918.4377,-4405.1928
Belaware,2023-06-30,ALK,Equities,6718.8390,53.1800,357307.8576,4519.6941
Belaware,2023-06-30,AON,Equities,6589.8265,344.5400,2270458.8166,20553.1700
Belaware,2023-06-30,AOS,Equities,6697.4324,72.1800,483420.6719,4929.4854
Belaware,2023-06-30,APD,Equities,5905.5424,299.5300,1768887.1242,40251.1015
Belaware,2023-06-30,APTV,Equities,5479.8431,102.0900,559437.1853,6470.0366
Belaware,2023-06-30,ARE,Equities,2138.3585,113.4900,242682.3076,-214.8320
Belaware,2023-06-30,CARR,Equities,4662.5518,49.7100,231775.4493,3434.3393
Belaware,2023-06-30,CBOE,Equities,7865.8915,138.0100,1085571.6907,10169.0057
Belaware,2023-06-30,CLX,Equities,2177.6333,157.8700,343782.9737,283.1715
Belaware,2023-06-30,CMCSA,Equities,8399.0135,41.2600,346543.2979,-486.9641
Belaware,2023-06-30,COF,Equities,8951.8495,108.7900,973871.7122,-2007.9613
Belaware,2023-06-30,COO,Equities,1792.8514,383.4000,687379.2291,-1124.2183
Belaware,2023-06-30,CRL,Equities,9517.6661,210.2500,2001089.3017,-36484.4180
Belaware,2023-06-30,CTAS,Equities,6314.0298,495.7100,3129927.7342,-1186.9829
Belaware,2023-06-30,CTSH,Equities,792.6663,65.0100,51531.2354,-48.9049
Belaware,2023-06-30,CVX,Equities,7970.9487,155.8500,1242272.3504,-1181.3710
Belaware,2023-06-30,DHR,Equities,5675.7241,240.0000,1362173.7874,4436.9162
Belaware,2023-06-30,DVA,Equities,233.6665,100.4700,23476.4734,-146.6975
Belaware,2023-06-30,ECL,Equities,617.7787,186.6900,115333.1132,301.0587
Belaware,2023-06-30,EIX,Equities,8859.2232,68.7100,608717.2272,3240.0290
Belaware,2023-06-30,EQR,Equities,2294.2184,65.9700,151349.5855,2678.3373
Belaware,2023-06-30,ETR,Equities,703.9381,97.3700,68542.4548,-23.2290
Belaware,2023-06-30,FE,Equities,3142.7017,38.4700,120899.7333,800.2827
Belaware,2023-06-30,FICO,Equities,4298.9732,809.2100,3478772.1027,18519.9765
Belaware,2023-06-30,FOX,Equities,9750.0032,31.8900,310927.6036,-5445.8725
Belaware,2023-06-30,GPN,Equities,8982.7983,98.5200,884985.2875,-1587.1317
Belaware,2023-06-30,GRMN,Equities,2431.3537,104.2900,253565.8784,508.5103
Belaware,2023-06-30,HCA,Equities,2583.5420,303.4800,784053.3138,-8072.4608
Belaware,2023-06-30,HSIC,Equities,8508.3753,81.1000,690029.2364,396.0533
Belaware,2023-06-30,HSY,Equities,8360.3784,248.3400,2076216.3726,20343.4655
Belaware,2023-06-30,ICE,Equities,6937.4393,113.0800,784485.6320,-1586.0452
Belaware,2023-06-30,INVH,Equities,615.3099,34.1400,21006.6802,3.0586
Belaware,2023-06-30,JNJ,Equities,5404.5320,164.3300,888126.7388,2270.8760
Belaware,2023-06-30,JNPR,Equities,9372.0314,31.3300,293625.7453,474.0005
Belaware,2023-06-30,KIM,Equities,8866.2532,19.7200,174842.5138,433.8654
Belaware,2023-06-30,KMB,Equities,1059.4472,138.0600,146267.2774,-316.6507
Belaware,2023-06-30,LEN,Equities,3588.2583,124.9300,448281.1062,-3107.8298
Belaware,2023-06-30,LIN,Equities,6999.2501,381.0800,2667274.2368,411.1728
Belaware,2023-06-30,LLY,Equities,2232.5041,467.9800,1044767.2813,7571.5396
Belaware,2023-06-30,LYB,Equities,8266.6226,90.6500,749369.3392,-2112.2671
Belaware,2023-06-30,LYV,Equities,1295.3893,91.1100,118022.9167,66.9884
Belaware,2023-06-30,MKTX,Equities,619.4879,260.7200,161512.8945,52.0355
Belaware,2023-06-30,NTRS,Equities,5100.2354,74.1400,378131.4552,-2010.5947
Belaware,2023-06-30,PCG,Equities,7746.5811,17.2800,133860.9217,36.4761
Belaware,2023-06-30,PEG,Equities,1252.7227,62.6100,78432.9697,-628.7036
Belaware,2023-06-30,PG,Equities,7535.5506,150.7900,1136285.6766,11580.4653
Belaware,2023-06-30,PH,Equities,3096.4901,388.5900,1203265.0973,16679.9627
Belaware,2023-06-30,PKG,Equities,9533.6319,132.1600,1259964.7953,14571.3452
Belaware,2023-06-30,PNW,Equities,7263.3756,80.6200,585573.3407,5619.0568
Belaware,2023-06-30,PTC,Equities,6890.6313,142.3000,980536.8386,-3045.5941
Belaware,2023-06-30,RF,Equities,4735.4008,17.8200,84384.8418,431.1717
Belaware,2023-06-30,ROL,Equities,7401.7104,42.6900,315979.0160,-5276.9121
Belaware,2023-06-30,RSG,Equities,6264.9163,153.1700,959597.2347,8916.5962
Belaware,2023-06-30,SPGI,Equities,1290.3783,399.9600,516099.7060,-5113.6305
Belaware,2023-06-30,SWKS,Equities,819.6136,110.6900,90723.0276,242.2108
Belaware,2023-06-30,TJX,Equities,2423.4308,84.4600,204682.9636,2613.6278
Belaware,2023-06-30,TPR,Equities,5211.6496,42.8000,223058.6018,-627.6161
Belaware,2023-06-30,TROW,Equities,8822.8404,112.0200,988334.5783,12368.0304
Belaware,2023-06-30,WFC,Equities,7685.2767,42.3500,325471.4677,-3188.5967
Belaware,2023-06-30,WHR,Equities,2299.1161,146.8700,337671.1750,6846.5638
Belaware,2023-06-30,WM,Equities,8906.8741,173.4200,1544630.1038,-10934.1783
Belaware,2023-06-30,WST,Equities,6680.3571,382.2800,2553766.9256,22850.3749
Belaware,2023-07-31,A,Equities,1017.6635,121.7700,123920.8898,210.3702
Belaware,2023-07-31,AAL,Equities,7565.6464,16.7500,126724.5776,953.3355
Belaware,2023-07-31,AAP,Equities,1554.3738,74.3900,115629.8699,-1213.9044
Belaware,2023-07-31,ACN,Equities,3751.4913,316.3500,1186784.2778,4051.9297
Belaware,2023-07-31,ADP,Equities,3699.5325,247.2600,914746.4008,498.8032
Belaware,2023-07-31,ALK,Equities,6778.3576,48.6300,329631.5300,1354.0483
Belaware,2023-07-31,AON,Equities,6442.8025,318.5000,2052032.5855,-19142.5270
Belaware,2023-07-31,AOS,Equities,7029.8557,72.3200,508399.1637,-232.6963
Belaware,2023-07-31,APD,Equities,5935.8615,305.3300,1812396.5825,-879.2521
Belaware,2023-07-31,APTV,Equities,5660.6979,109.4900,619789.8093,-6691.6252
Belaware,2023-07-31,ARE,Equities,2199.2132,125.6800,276397.1094,-3709.0905
Belaware,2023-07-31,CARR,Equities,4691.6781,59.5500,279389.4281,-1433.0124
Belaware,2023-07-31,CBOE,Equities,8136.9637,139.6800,1136571.0944,-2263.4529
Belaware,2023-07-31,CLX,Equities,2246.4609,150.3700,337800.3225,2581.0331
Belaware,2023-07-31,CMCSA,Equities,8540.6268,45.2600,386548.7670,-2832.2647
Belaware,2023-07-31,COF,Equities,9158.2322,116.4000,1066018.2334,-7852.8617
Belaware,2023-07-31,COO,Equities,1809.9800,391.2600,708172.7738,-673.1536
Belaware,2023-07-31,CRL,Equities,9114.1530,209.5400,1909779.6253,-1432.4715
Belaware,2023-07-31,CTAS,Equities,6349.0300,500.6600,3178705.3647,-866.2541
Belaware,2023-07-31,CTSH,Equities,778.7528,65.7500,51202.9998,51.4797
Belaware,2023-07-31,CVX,Equities,7948.3726,162.1000,1288431.2062,705.5007
Belaware,2023-07-31,DHR,Equities,5719.9433,255.0600,1458928.7296,-3329.7022
Belaware,2023-07-31,DVA,Equities,235.5323,101.9900,24021.9381,-14.1800
Belaware,2023-07-31,ECL,Equities,644.8726,183.1400,118101.9742,480.9166
Belaware,2023-07-31,EIX,Equities,9246.7005,71.9600,665392.5706,-6296.5064
Belaware,2023-07-31,EQR,Equities,2374.2140,65.9400,156555.6700,11.9993
Belaware,2023-07-31,ETR,Equities,711.4946,102.7000,73070.4911,-201.3791
Belaware,2023-07-31,FE,Equities,3092.6919,38.9800,120553.1308,127.5249
Belaware,2023-07-31,FICO,Equities,4432.6702,837.9700,3714444.6194,-19225.6239
Belaware,2023-07-31,FOX,Equities,9427.1555,31.4100,296106.9530,-774.8347
Belaware,2023-07-31,GPN,Equities,8689.6698,110.2500,958036.0978,17191.9846
Belaware,2023-07-31,GRMN,Equities,2531.3066,105.8900,268040.0544,-799.6230
Belaware,2023-07-31,HCA,Equities,2602.2798,272.8100,709927.9500,2873.4466
Belaware,2023-07-31,HSIC,Equities,8459.2918,78.7900,666507.5985,-566.9147
Belaware,2023-07-31,HSY,Equities,8288.0258,230.0500,1906660.3463,-6616.6412
Belaware,2023-07-31,ICE,Equities,6958.8192,114.8000,798872.4424,-183.8673
Belaware,2023-07-31,INVH,Equities,615.0700,35.2300,21668.9167,1.3074
Belaware,2023-07-31,JNJ,Equities,5419.2850,166.3200,901335.4838,-146.7928
Belaware,2023-07-31,JNPR,Equities,9368.3399,27.8000,260439.8480,-65.1566
Belaware,2023-07-31,KIM,Equities,8637.5777,20.2600,174997.3245,617.4239
Belaware,2023-07-31,KMB,Equities,1034.3923,129.1000,133540.0490,-1122.4575
Belaware,2023-07-31,LEN,Equities,3485.4068,126.8300,442054.1400,977.0893
Belaware,2023-07-31,LIN,Equities,7275.7531,390.6700,2842418.4618,-13258.3175
Belaware,2023-07-31,LLY,Equities,2195.8947,453.5800,996013.9271,-2635.8773
Belaware,2023-07-31,LYB,Equities,8430.5453,97.5900,822736.9180,-5688.1183
Belaware,2023-07-31,LYV,Equities,1338.3024,87.7500,117436.0334,720.9401
Belaware,2023-07-31,MKTX,Equities,636.5799,268.5000,170921.6970,-664.8765
Belaware,2023-07-31,NTRS,Equities,4972.1092,80.1200,398365.3871,3830.9752
Belaware,2023-07-31,PCG,Equities,7477.6079,17.6100,131680.6756,443.8058
Belaware,2023-07-31,PEG,Equities,1222.8901,63.1200,77188.8244,76.0731
Belaware,2023-07-31,PG,Equities,7912.0564,156.3000,1236654.4210,-10372.7355
Belaware,2023-07-31,PH,Equities,3220.5650,408.4900,1315568.5808,-12345.4463
Belaware,2023-07-31,PKG,Equities,9983.6631,153.3500,1530994.7344,-47680.8015
Belaware,2023-07-31,PNW,Equities,7307.0150,82.8200,605166.9842,-480.0337
Belaware,2023-07-31,PTC,Equities,6829.7600,145.8100,995847.3101,1068.2913
Belaware,2023-07-31,RF,Equities,4761.9716,20.3700,97001.3611,-338.7778
Belaware,2023-07-31,ROL,Equities,7321.8280,40.7000,297998.4012,-794.8293
Belaware,2023-07-31,RSG,Equities,6439.9738,151.1100,973144.4409,1803.0919
Belaware,2023-07-31,SPGI,Equities,1300.8867,393.5900,512015.9891,334.6919
Belaware,2023-07-31,SWKS,Equities,848.9331,114.3700,97092.4780,-539.4790
Belaware,2023-07-31,TJX,Equities,2439.2400,86.2000,210262.4873,-137.5402
Belaware,2023-07-31,TPR,Equities,4923.4921,43.1500,212448.6839,504.2756
Belaware,2023-07-31,TROW,Equities,8995.6589,123.2600,1108804.9151,-9712.4010
Belaware,2023-07-31,WFC,Equities,7791.7931,45.8000,356864.1256,-1837.4087
Belaware,2023-07-31,WHR,Equities,2296.3174,142.4000,326995.5942,-62.5505
Belaware,2023-07-31,WM,Equities,9069.0943,163.7900,1485426.9506,7810.9020
Belaware,2023-07-31,WST,Equities,6654.7825,368.0400,2449226.1608,-1820.9122
Belaware,2023-08-31,A,Equities,1011.5698,117.5900,118950.4870,-127.3603
Belaware,2023-08-31,AAL,Equities,7588.5356,15.1100,114662.7734,187.6915
Belaware,2023-08-31,AAP,Equities,1565.1021,62.7100,98147.5536,626.5313
Belaware,2023-08-31,ACN,Equities,3892.7847,322.3200,1254722.3651,-4217.6076
Belaware,2023-08-31,ADP,Equities,3676.6533,260.0000,955929.8492,1457.4059
Belaware,2023-08-31,ALK,Equities,6836.5235,40.9500,279955.6377,2233.5710
Belaware,2023-08-31,AON,Equities,6428.3626,322.5400,2073404.0754,291.6851
Belaware,2023-08-31,AOS,Equities,7073.3052,71.4500,505387.6572,189.0054
Belaware,2023-08-31,APD,Equities,5895.8403,293.8700,1732610.6001,-2293.2108
Belaware,2023-08-31,APTV,Equities,5412.3683,94.7400,512767.7705,-18314.3072
Belaware,2023-08-31,ARE,Equities,2148.9702,112.9100,242640.2226,-3208.0142
Belaware,2023-08-31,CARR,Equities,4556.8516,50.0900,228252.6976,-6377.2904
Belaware,2023-08-31,CBOE,Equities,8160.9524,149.9400,1223653.2066,-1230.6198
Belaware,2023-08-31,CLX,Equities,2183.1307,157.3900,343602.9468,2222.8880
Belaware,2023-08-31,CMCSA,Equities,8673.8106,50.1700,435165.0794,-3269.6641
Belaware,2023-08-31,COF,Equities,8770.3751,97.2800,853182.0903,-37079.1426
Belaware,2023-08-31,COO,Equities,1723.1010,369.8100,637219.9651,-9317.7770
Belaware,2023-08-31,CRL,Equities,9457.7477,189.6200,1793378.1193,34222.0296
Belaware,2023-08-31,CTAS,Equities,6279.0297,498.6500,3131038.1494,-703.5033
Belaware,2023-08-31,CTSH,Equities,798.9033,70.4700,56298.7189,-475.5518
Belaware,2023-08-31,CVX,Equities,7916.9275,157.3500,1245728.5379,-746.8229
Belaware,2023-08-31,DHR,Equities,5637.1023,244.3300,1377313.2106,-4444.4166
Belaware,2023-08-31,DVA,Equities,227.4628,105.7200,24047.3630,150.4967
Belaware,2023-08-31,ECL,Equities,638.6689,183.9500,117483.1427,25.1252
Belaware,2023-08-31,EIX,Equities,9082.9777,70.9100,644073.9505,-859.5448
Belaware,2023-08-31,EQR,Equities,2293.7519,66.8000,153222.6281,345.9869
Belaware,2023-08-31,ETR,Equities,709.3256,93.7300,66485.0866,-97.2786
Belaware,2023-08-31,FE,Equities,3141.4356,34.8400,109447.6163,1008.9943
Belaware,2023-08-31,FICO,Equities,4375.4971,883.5900,3866145.5015,13041.1716
Belaware,2023-08-31,FOX,Equities,9230.5981,29.9500,276456.4139,-1434.8685
Belaware,2023-08-31,GPN,Equities,8748.8253,115.1300,1007252.2528,-1443.3928
Belaware,2023-08-31,GRMN,Equities,2458.8408,103.9700,255645.6729,-695.6720
Belaware,2023-08-31,HCA,Equities,2541.7617,276.0000,701526.2174,965.2642
Belaware,2023-08-31,HSIC,Equities,8237.5696,74.8100,616252.5845,-4412.2705
Belaware,2023-08-31,HSY,Equities,8079.0977,230.2200,1859969.8685,177.5889
Belaware,2023-08-31,ICE,Equities,6725.7091,116.0900,780787.5679,1503.5601
Belaware,2023-08-31,INVH,Equities,585.3840,33.8800,19832.8104,-200.3805
Belaware,2023-08-31,JNJ,Equities,5452.6160,167.1800,911568.3375,-143.3231
Belaware,2023-08-31,JNPR,Equities,9014.8698,26.8000,241598.5116,-1767.3501
Belaware,2023-08-31,KIM,Equities,8830.9366,18.4300,162754.1607,1769.2334
Belaware,2023-08-31,KMB,Equities,1037.9107,133.1200,138166.6677,-70.7187
Belaware,2023-08-31,LEN,Equities,3541.3804,115.6500,409560.6404,3128.9248
Belaware,2023-08-31,LIN,Equities,7170.4527,387.9500,2781777.1407,-1432.0848
Belaware,2023-08-31,LLY,Equities,2279.6053,583.2100,1329488.5801,-54256.9824
Belaware,2023-08-31,LYB,Equities,8258.4265,96.1900,794378.0421,-1204.8320
Belaware,2023-08-31,LYV,Equities,1313.2475,86.5900,113714.1028,-145.3182
Belaware,2023-08-31,MKTX,Equities,627.9706,237.2800,149004.8646,-1343.9077
Belaware,2023-08-31,NTRS,Equities,5010.5977,67.4300,337864.6026,2442.0966
Belaware,2023-08-31,PCG,Equities,7534.3145,17.0100,128158.6901,170.1198
Belaware,2023-08-31,PEG,Equities,1221.0410,60.2100,73518.8782,-26.9048
Belaware,2023-08-31,PG,Equities,7912.0564,154.0300,1218694.0529,0.0000
Belaware,2023-08-31,PH,Equities,3105.3526,411.4700,1277759.4394,1716.6640
Belaware,2023-08-31,PKG,Equities,10016.8541,140.8600,1410974.0692,2072.7791
Belaware,2023-08-31,PNW,Equities,7551.0999,78.3700,591779.7028,5430.8895
Belaware,2023-08-31,PTC,Equities,6846.6687,143.7400,984140.1626,175.0050
Belaware,2023-08-31,RF,Equities,4953.7645,18.0100,89217.2985,2263.1563
Belaware,2023-08-31,ROL,Equities,7046.9176,41.0000,288923.6236,412.3656
Belaware,2023-08-31,RSG,Equities,6257.3599,152.7600,955874.2976,1506.5647
Belaware,2023-08-31,SPGI,Equities,1289.1122,400.3400,516083.1914,397.3876
Belaware,2023-08-31,SWKS,Equities,849.7660,104.2500,88588.1091,42.1468
Belaware,2023-08-31,TJX,Equities,2365.5447,88.7000,209823.8181,921.1907
Belaware,2023-08-31,TPR,Equities,5193.9246,32.0100,166257.5264,15063.0903
Belaware,2023-08-31,TROW,Equities,9190.3071,109.0600,1002294.8949,13820.0244
Belaware,2023-08-31,WFC,Equities,7740.4507,40.3800,312559.3983,-1391.3807
Belaware,2023-08-31,WHR,Equities,2363.7189,132.8700,314067.3343,3211.6841
Belaware,2023-08-31,WM,Equities,9035.9332,159.9000,1444845.7248,-644.9821
Belaware,2023-08-31,WST,Equities,6759.1000,394.2000,2664437.2243,-13644.7270
Fund Whitestone,2022-08-31,ABC,Equities,163073.3637,144.8700,23624438.2050,-92134.5611
Fund Whitestone,2022-08-31,ADM,Equities,32614.6727,86.0700,2807144.8834,4244.4884
Fund Whitestone,2022-08-31,ALL,Equities,42278.2795,117.9400,4986300.2828,-11994.5919
Fund Whitestone,2022-08-31,AMD,Equities,254877.6278,84.8700,21631464.2690,-46554.2821
Fund Whitestone,2022-08-31,AMT,Equities,281452.5463,246.4900,69375238.1392,-178699.0601
Fund Whitestone,2022-08-31,AOS,Equities,361177.3019,55.1400,19915316.4275,94046.1284
Fund Whitestone,2022-08-31,APH,Equities,303195.6615,72.7400,22054452.4155,-47279.6014
Fund Whitestone,2022-08-31,ARE,Equities,321314.9241,147.7100,47461427.4403,-88699.9066
Fund Whitestone,2022-08-31,ATVI,Equities,288700.2514,77.6500,22417574.5183,8176.6823
Fund Whitestone,2022-08-31,AXP,Equities,140122.2977,149.8300,20994523.8692,-7831.0860
Fund Whitestone,2022-08-31,AZO,Equities,102675.8216,2119.2100,217591627.9230,642566.4230
Fund Whitestone,2022-08-31,BE0000304130,Government Bond,4383.1058,160.8200,704891.0703,27.0752
Fund Whitestone,2022-08-31,BSX,Equities,3623.8525,40.3100,146077.4954,136.8974
Fund Whitestone,2022-08-31,CA135087VS05,Government Bond,1716.7237,207.4400,356117.1656,70.0961
Fund Whitestone,2022-08-31,CA135087WV25,Government Bond,1657.6634,231.0400,382986.5413,-6.3327
Fund Whitestone,2022-08-31,CA135087YK42,Government Bond,2398.7954,187.0000,448574.7340,42.7742
Fund Whitestone,2022-08-31,CEG,Equities,141330.2486,80.6800,11402524.4550,-36140.1717
Fund Whitestone,2022-08-31,CHD,Equities,88180.4115,82.6700,7289874.6190,15727.3552
Fund Whitestone,2022-08-31,CHRW,Equities,259709.4311,111.4900,28955004.4780,1690.0453
Fund Whitestone,2022-08-31,CI,Equities,51941.8862,278.8600,14484514.3936,2053.9399
Fund Whitestone,2022-08-31,CMA,Equities,85764.5098,76.2400,6538686.2286,21609.3837
Fund Whitestone,2022-08-31,CND100045210,Government Bond,34098.7310,101.8000,3471250.8172,13.2352
Fund Whitestone,2022-08-31,CSGP,Equities,340642.1376,69.6400,23722318.4618,-145451.7792
Fund Whitestone,2022-08-31,DD,Equities,124418.9368,54.5600,6788297.1907,2646.4933
Fund Whitestone,2022-08-31,DE0001030559,Government Bond,6453.0366,136.3500,879871.5393,76.5747
Fund Whitestone,2022-08-31,DE0001030567,Government Bond,5719.3000,121.6600,695810.0430,74.2830
Fund Whitestone,2022-08-31,DK0009923807,Government Bond,95234.1068,104.9200,9991962.4885,-263.9009
Fund Whitestone,2022-08-31,ES00000128E2,Government Bond,2365.6828,150.9800,357170.7925,-10.9344
Fund Whitestone,2022-08-31,ES0000012B39,Government Bond,29706.0479,108.6200,3226670.9236,208.8511
Fund Whitestone,2022-08-31,ETN,Equities,357553.4494,134.0500,47930039.8902,78977.4098
Fund Whitestone,2022-08-31,EVRG,Equities,42278.2795,65.7100,2778105.7452,-5493.1564
Fund Whitestone,2022-08-31,EXC,Equities,24159.0169,42.4100,1024583.9046,1959.2104
Fund Whitestone,2022-08-31,FANG,Equities,99051.9691,127.2700,12606344.1057,-88777.7946
Fund Whitestone,2022-08-31,FAST,Equities,303195.6615,49.0300,14865683.2820,-26677.4003
Fund Whitestone,2022-08-31,FCX,Equities,288700.2514,29.1400,8412725.3247,-32593.9290
Fund Whitestone,2022-08-31,FR0000188799,Government Bond,3460.0523,209.9100,726299.5806,1.7795
Fund Whitestone,2022-08-31,GB00B3MYD345,Government Bond,4263.4081,273.2500,1164976.2631,98.0414
Fund Whitestone,2022-08-31,GB00BL68HJ26,Government Bond,22211.9804,97.6700,2169444.1273,686.4001
Fund Whitestone,2022-08-31,HON,Equities,158241.5604,185.4400,29344314.9550,-92812.4210
Fund Whitestone,2022-08-31,HPQ,Equities,164281.3146,27.7000,4550592.4139,19349.3796
Fund Whitestone,2022-08-31,ILMN,Equities,330978.5309,201.6400,66738510.9607,341752.9688
Fund Whitestone,2022-08-31,IT0003745541,Government Bond,5074.5244,180.0400,913617.3642,20.4728
Fund Whitestone,2022-08-31,IT0004735152,Government Bond,5174.7943,140.9600,729438.9991,26.5755
Fund Whitestone,2022-08-31,JBHT,Equities,56773.6896,172.4700,9791758.2450,20458.8360
Fund Whitestone,2022-08-31,JKHY,Equities,82140.6573,189.9300,15600975.0393,-38246.1735
Fund Whitestone,2022-08-31,JP1103571L10,Government Bond,6086491.2579,101.0100,614796481.9579,-12898.9761
Fund Whitestone,2022-08-31,LEN,Equities,117171.2317,76.3000,8940164.9806,72670.5915
Fund Whitestone,2022-08-31,LNT,Equities,286284.3497,59.0300,16899365.1614,2024.3349
Fund Whitestone,2022-08-31,MDLZ,Equities,323730.8258,60.4400,19566291.1111,26087.0106
Fund Whitestone,2022-08-31,MHK,Equities,1207.9508,110.3600,133309.4550,-528.8275
Fund Whitestone,2022-08-31,MSFT,Equities,177568.7739,258.9700,45984985.3640,-327.2567
Fund Whitestone,2022-08-31,MX0MG00000H9,Government Bond,3556273.4957,106.2800,377960747.1277,-6913.6449
Fund Whitestone,2022-08-31,NEM,Equities,80932.7064,39.5600,3201697.8671,6090.4674
Fund Whitestone,2022-08-31,NI,Equities,338226.2359,28.4600,9625918.6739,21094.8673
Fund Whitestone,2022-08-31,NSC,Equities,330978.5309,237.4800,78600781.5063,187828.8104
Fund Whitestone,2022-08-31,OXY,Equities,148577.9536,70.3000,10445030.1402,21088.7097
Fund Whitestone,2022-08-31,PHM,Equities,12079.5084,40.1600,485113.0584,-1669.6564
Fund Whitestone,2022-08-31,RCL,Equities,130458.6910,40.8500,5329237.5270,2001.3640
Fund Whitestone,2022-08-31,SJM,Equities,159449.5112,136.1800,21713834.4369,17921.3268
Fund Whitestone,2022-08-31,SO,Equities,49525.9845,74.0000,3664922.8562,10090.6314
Fund Whitestone,2022-08-31,STT,Equities,33822.6236,65.9700,2231278.4783,4600.1046
Fund Whitestone,2022-08-31,STZ,Equities,236758.3651,242.6300,57444682.1324,161800.5962
Fund Whitestone,2022-08-31,SYK,Equities,291116.1530,202.8200,59044178.1610,272554.4703
Fund Whitestone,2022-08-31,T,Equities,338226.2359,16.4600,5567203.8430,7691.8523
Fund Whitestone,2022-08-31,TMO,Equities,248837.8736,544.0300,135375268.3523,-39883.0983
Fund Whitestone,2022-08-31,TROW,Equities,3623.8525,114.9500,416561.8480,114.1154
Fund Whitestone,2022-08-31,TTWO,Equities,345473.9410,122.5600,42341286.2041,-1326.4045
Fund Whitestone,2022-08-31,UDR,Equities,44694.1812,43.1200,1927213.0922,910.6426
Fund Whitestone,2022-08-31,ULTA,Equities,352721.6460,419.8700,148097237.5126,440415.1238
Fund Whitestone,2022-08-31,US912810FQ68,Government Bond,1519.9996,232.3200,353126.3180,-8.6267
Fund Whitestone,2022-08-31,US912810FS25,Government Bond,6159.3737,161.6900,995909.1352,67.4023
Fund Whitestone,2022-08-31,US912810SM18,Government Bond,4470.8571,130.2600,582373.8469,47.5137
Fund Whitestone,2022-08-31,VICI,Equities,200519.8399,31.4300,6302338.5667,-10405.5821
Fund Whitestone,2022-08-31,VRSK,Equities,221055.0042,185.8900,41091914.7272,72569.9605
Fund Whitestone,2022-08-31,WEC,Equities,48318.0337,99.7200,4818274.3206,-5617.8543
Fund Whitestone,2022-08-31,XOM,Equities,357553.4494,92.5100,33077269.6027,-60746.0726
Fund Whitestone,2022-09-30,ABC,Equities,160023.8918,133.7700,21406396.0112,-169245.6906
Fund Whitestone,2022-09-30,ADM,Equities,32418.9847,78.7800,2553967.6156,-7132.8289
Fund Whitestone,2022-09-30,ALL,Equities,41174.8164,121.8900,5018798.3702,21793.3961
Fund Whitestone,2022-09-30,AMD,Equities,250646.6592,63.3600,15880972.3238,-455040.6752
Fund Whitestone,2022-09-30,AMT,Equities,274191.0706,208.3100,57116741.9193,-1386215.7101
Fund Whitestone,2022-09-30,AOS,Equities,364464.0154,47.4500,17293817.5289,126374.1321
Fund Whitestone,2022-09-30,APH,Equities,297253.0265,66.4300,19746518.5509,-187490.1331
Fund Whitestone,2022-09-30,ARE,Equities,313988.9438,136.1200,42740175.0356,-424540.5566
Fund Whitestone,2022-09-30,ATVI,Equities,294791.8267,73.5500,21681938.8513,124877.2937
Fund Whitestone,2022-09-30,AXP,Equities,139687.9186,132.9800,18575699.4167,-36596.4411
Fund Whitestone,2022-09-30,AZO,Equities,105242.7172,2141.9300,225422533.1548,-291599.3334
Fund Whitestone,2022-09-30,BE0000304130,Government Bond,4380.0376,160.1900,701638.2228,-9.6647
Fund Whitestone,2022-09-30,BSX,Equities,3530.7195,38.7300,136744.7669,-735.7508
Fund Whitestone,2022-09-30,CA135087VS05,Government Bond,1768.0537,206.2700,364696.4460,300.2807
Fund Whitestone,2022-09-30,CA135087WV25,Government Bond,1624.3443,230.3700,374200.2011,-111.6188
Fund Whitestone,2022-09-30,CA135087YK42,Government Bond,2439.0951,186.7300,455452.2338,54.4047
Fund Whitestone,2022-09-30,CEG,Equities,140227.8726,82.2600,11535144.8030,8708.7699
Fund Whitestone,2022-09-30,CHD,Equities,89794.1130,70.5600,6335872.6157,97709.6277
Fund Whitestone,2022-09-30,CHRW,Equities,252541.4508,94.5200,23870217.9336,-608203.1284
Fund Whitestone,2022-09-30,CI,Equities,52741.7913,274.0500,14453887.8993,19237.7164
Fund Whitestone,2022-09-30,CMA,Equities,84229.3251,68.0700,5733490.1591,-62712.2960
Fund Whitestone,2022-09-30,CND100045210,Government Bond,34702.2786,101.8600,3534774.0934,-181.0643
Fund Whitestone,2022-09-30,CSGP,Equities,340437.7523,69.6500,23711489.4483,10.2193
Fund Whitestone,2022-09-30,DD,Equities,123112.5379,49.4200,6084221.6252,-33574.4501
Fund Whitestone,2022-09-30,DE0001030559,Government Bond,6611.1360,135.8500,898122.8240,395.2485
Fund Whitestone,2022-09-30,DE0001030567,Government Bond,5652.3842,121.3200,685747.2549,-113.7569
Fund Whitestone,2022-09-30,DK0009923807,Government Bond,95024.5918,104.4800,9928169.3506,-460.9331
Fund Whitestone,2022-09-30,ES00000128E2,Government Bond,2342.7357,150.3100,352136.6029,-76.8729
Fund Whitestone,2022-09-30,ES0000012B39,Government Bond,30181.3447,108.0200,3260188.8515,1425.8903
Fund Whitestone,2022-09-30,ETN,Equities,358447.3330,130.8300,46895664.5776,14391.5263
Fund Whitestone,2022-09-30,EVRG,Equities,41644.1053,56.9600,2372048.2377,-27745.1209
Fund Whitestone,2022-09-30,EXC,Equities,24589.0474,36.1800,889631.7331,13395.4501
Fund Whitestone,2022-09-30,FANG,Equities,96238.8932,115.0300,11070359.8807,-172160.2464
Fund Whitestone,2022-09-30,FAST,Equities,296616.3156,44.8500,13303241.7555,-137508.3283
Fund Whitestone,2022-09-30,FCX,Equities,282291.1058,26.9000,7593630.7455,-71782.4305
Fund Whitestone,2022-09-30,FR0000188799,Government Bond,3433.7559,209.0100,717689.3234,-118.3338
Fund Whitestone,2022-09-30,GB00B3MYD345,Government Bond,4255.7340,272.5600,1159942.8494,-26.4758
Fund Whitestone,2022-09-30,GB00BL68HJ26,Government Bond,22687.3168,97.2700,2206795.3049,950.6728
Fund Whitestone,2022-09-30,HON,Equities,156405.9583,163.5200,25575502.2963,-201181.9902
Fund Whitestone,2022-09-30,HPQ,Equities,168174.7817,24.2600,4079920.2050,66967.6351
Fund Whitestone,2022-09-30,ILMN,Equities,335910.1110,190.7900,64088290.0701,267538.2209
Fund Whitestone,2022-09-30,IT0003745541,Government Bond,5129.8367,179.0700,918599.8519,268.2647
Fund Whitestone,2022-09-30,IT0004735152,Government Bond,5175.3117,140.3300,726251.4966,1.6301
Fund Whitestone,2022-09-30,JBHT,Equities,56756.6575,155.0300,8798984.6109,-1485.1997
Fund Whitestone,2022-09-30,JKHY,Equities,83619.1891,180.5700,15099116.9799,69195.2897
Fund Whitestone,2022-09-30,JP1103571L10,Government Bond,6045711.7664,100.9800,610495974.1758,-6116.9237
Fund Whitestone,2022-09-30,LEN,Equities,118237.4899,73.4400,8683361.2607,15247.4924
Fund Whitestone,2022-09-30,LNT,Equities,284967.4417,51.2500,14604581.3855,-51227.7215
Fund Whitestone,2022-09-30,MDLZ,Equities,321982.6793,53.9300,17364525.8966,-56902.1673
Fund Whitestone,2022-09-30,MHK,Equities,1172.7995,91.1900,106947.5839,-3369.2588
Fund Whitestone,2022-09-30,MSFT,Equities,173626.7471,230.6700,40050481.7468,-557796.7893
Fund Whitestone,2022-09-30,MX0MG00000H9,Government Bond,3549872.2035,105.9300,376037962.5116,-11202.2615
Fund Whitestone,2022-09-30,NEM,Equities,80973.1728,40.7400,3298847.0600,-238.7515
Fund Whitestone,2022-09-30,NI,Equities,344348.1308,24.2900,8364216.0965,127641.5080
Fund Whitestone,2022-09-30,NSC,Equities,335645.3281,204.7800,68733450.2956,763021.3561
Fund Whitestone,2022-09-30,OXY,Equities,150182.5955,60.9600,9155131.0235,74936.7767
Fund Whitestone,2022-09-30,PHM,Equities,11789.6002,37.1800,438337.3363,-4319.6322
Fund Whitestone,2022-09-30,RCL,Equities,133028.7272,37.9000,5041788.7611,37908.0341
Fund Whitestone,2022-09-30,SJM,Equities,157791.2363,133.6700,21091954.5557,-20811.3502
Fund Whitestone,2022-09-30,SO,Equities,49625.0365,65.2900,3240018.6339,4313.7133
Fund Whitestone,2022-09-30,STT,Equities,34214.9660,59.3000,2028947.4852,13084.6202
Fund Whitestone,2022-09-30,STZ,Equities,243482.3027,226.4900,55146306.7393,542621.7619
Fund Whitestone,2022-09-30,SYK,Equities,298743.3963,200.8700,60008586.0062,74365.6213
Fund Whitestone,2022-09-30,T,Equities,344787.8249,14.4000,4964944.6783,67584.3665
Fund Whitestone,2022-09-30,TMO,Equities,256153.7070,506.2600,129680375.7269,1381595.1532
Fund Whitestone,2022-09-30,TROW,Equities,3701.4030,101.6400,376210.5980,5160.9821
Fund Whitestone,2022-09-30,TTWO,Equities,336629.8081,109.0000,36692649.0799,-599632.2098
Fund Whitestone,2022-09-30,UDR,Equities,45185.8172,40.0800,1811047.5520,7472.8671
Fund Whitestone,2022-09-30,ULTA,Equities,346337.3842,401.1900,138947095.1764,-596290.0515
Fund Whitestone,2022-09-30,US912810FQ68,Government Bond,1559.0636,231.9000,361546.8576,82.0344
Fund Whitestone,2022-09-30,US912810FS25,Government Bond,6314.5899,161.3500,1018859.0848,263.8676
Fund Whitestone,2022-09-30,US912810SM18,Government Bond,4393.0642,130.2600,572240.5420,0.0000
Fund Whitestone,2022-09-30,VICI,Equities,206375.0192,28.7800,5939473.0521,77581.1260
Fund Whitestone,2022-09-30,VRSK,Equities,222889.7607,169.6600,37815476.8030,148890.4928
Fund Whitestone,2022-09-30,WEC,Equities,47206.7189,86.4700,4081964.9855,-73624.6039
Fund Whitestone,2022-09-30,XOM,Equities,353513.0954,84.5000,29871856.5620,-161816.1768
Fund Whitestone,2022-10-31,ABC,Equities,164459.4873,155.4000,25557004.3314,-479709.6526
Fund Whitestone,2022-10-31,ADM,Equities,32402.6774,94.9700,3077282.2703,1320.0789
Fund Whitestone,2022-10-31,ALL,Equities,41648.3331,123.5700,5146484.5241,-3977.5405
Fund Whitestone,2022-10-31,AMD,Equities,249091.9056,60.0600,14960459.8516,-25653.4332
Fund Whitestone,2022-10-31,AMT,Equities,275879.7859,202.4900,55862897.8449,49141.6146
Fund Whitestone,2022-10-31,AOS,Equities,367245.0806,53.8200,19765130.2371,-88576.9274
Fund Whitestone,2022-10-31,APH,Equities,311078.7487,75.2200,23399343.4750,-607640.4891
Fund Whitestone,2022-10-31,ARE,Equities,313346.3140,141.0900,44210031.4412,15969.3517
Fund Whitestone,2022-10-31,ATVI,Equities,297216.9088,72.0200,21405561.7701,18551.8782
Fund Whitestone,2022-10-31,AXP,Equities,143933.6242,146.8900,21142410.0632,-295288.8260
Fund Whitestone,2022-10-31,AZO,Equities,99708.4904,2532.8800,252549641.0871,10818029.8080
Fund Whitestone,2022-10-31,BE0000304130,Government Bond,4412.9109,160.2700,707257.2285,-13.1493
Fund Whitestone,2022-10-31,BSX,Equities,3591.6002,43.1100,154833.8863,-1333.2878
Fund Whitestone,2022-10-31,CA135087VS05,Government Bond,1731.6592,206.4600,357518.3590,34.5748
Fund Whitestone,2022-10-31,CA135087WV25,Government Bond,1664.6255,230.3000,383363.2619,14.0984
Fund Whitestone,2022-10-31,CA135087YK42,Government Bond,2438.1356,186.6200,455004.8681,-0.5277
Fund Whitestone,2022-10-31,CEG,Equities,140312.6708,93.4800,13116428.4650,-4757.1762
Fund Whitestone,2022-10-31,CHD,Equities,88471.4069,73.2100,6476991.6964,17525.8568
Fund Whitestone,2022-10-31,CHRW,Equities,264332.2590,95.9100,25352106.9622,-81946.1168
Fund Whitestone,2022-10-31,CI,Equities,52622.3249,319.0800,16790731.4412,26897.8461
Fund Whitestone,2022-10-31,CMA,Equities,84040.6432,67.5000,5672743.4141,-537.7435
Fund Whitestone,2022-10-31,CND100045210,Government Bond,33522.4625,101.8800,3415268.4754,117.9816
Fund Whitestone,2022-10-31,CSGP,Equities,349839.4753,82.7200,28938721.3973,-614402.5979
Fund Whitestone,2022-10-31,DD,Equities,125824.8708,56.0900,7057517.0012,-90456.2996
Fund Whitestone,2022-10-31,DE0001030559,Government Bond,6431.7416,136.0800,875231.3930,206.3036
Fund Whitestone,2022-10-31,DE0001030567,Government Bond,5654.6720,121.6000,687608.1092,-3.2028
Fund Whitestone,2022-10-31,DK0009923807,Government Bond,93643.6972,104.5600,9791384.9839,552.3578
Fund Whitestone,2022-10-31,ES00000128E2,Government Bond,2379.6404,150.2600,357564.7591,9.2262
Fund Whitestone,2022-10-31,ES0000012B39,Government Bond,30166.4916,108.1800,3263411.0665,11.8824
Fund Whitestone,2022-10-31,ETN,Equities,352297.4137,147.2200,51865225.2419,503985.8890
Fund Whitestone,2022-10-31,EVRG,Equities,43470.5270,58.6200,2548242.2910,-15159.2999
Fund Whitestone,2022-10-31,EXC,Equities,23985.0719,37.2700,893923.6308,3291.6660
Fund Whitestone,2022-10-31,FANG,Equities,101449.0267,150.0300,15220397.4816,-911773.3754
Fund Whitestone,2022-10-31,FAST,Equities,309320.2138,47.4000,14661778.1357,-161974.7023
Fund Whitestone,2022-10-31,FCX,Equities,284773.9279,31.3500,8927662.6410,-55242.7931
Fund Whitestone,2022-10-31,FR0000188799,Government Bond,3529.2534,209.1900,738284.5098,-85.9477
Fund Whitestone,2022-10-31,GB00B3MYD345,Government Bond,4202.0150,273.0700,1147444.2422,136.9833
Fund Whitestone,2022-10-31,GB00BL68HJ26,Government Bond,22447.4274,97.2500,2183012.3155,-23.9889
Fund Whitestone,2022-10-31,HON,Equities,158289.0328,199.8100,31627731.6514,-341683.8804
Fund Whitestone,2022-10-31,HPQ,Equities,162457.7920,26.8800,4366865.4487,74892.5657
Fund Whitestone,2022-10-31,ILMN,Equities,333063.6956,228.8200,76211634.8260,541245.8817
Fund Whitestone,2022-10-31,IT0003745541,Government Bond,5217.6259,179.2800,935415.9782,-92.1787
Fund Whitestone,2022-10-31,IT0004735152,Government Bond,5156.6825,140.6600,725338.9579,30.7383
Fund Whitestone,2022-10-31,JBHT,Equities,57534.4570,169.5500,9754967.1910,-56468.2471
Fund Whitestone,2022-10-31,JKHY,Equities,83594.5469,197.2000,16484844.6537,2048.9987
Fund Whitestone,2022-10-31,JP1103571L10,Government Bond,5963544.1345,100.9900,602258322.1397,4108.3816
Fund Whitestone,2022-10-31,LEN,Equities,114652.0502,79.8800,9158405.7734,115451.1580
Fund Whitestone,2022-10-31,LNT,Equities,293699.1143,50.8800,14943410.9373,16153.5944
Fund Whitestone,2022-10-31,MDLZ,Equities,315022.4666,60.4700,19049408.5542,227598.9571
Fund Whitestone,2022-10-31,MHK,Equities,1207.7093,94.7500,114430.4517,-621.3941
Fund Whitestone,2022-10-31,MSFT,Equities,178776.2415,229.9100,41102445.6862,19568.0789
Fund Whitestone,2022-10-31,MX0MG00000H9,Government Bond,3659049.7998,105.8000,387127468.8158,70965.4376
Fund Whitestone,2022-10-31,NEM,Equities,80099.0996,41.0200,3285665.0645,1223.7025
Fund Whitestone,2022-10-31,NI,Equities,343231.9842,25.0000,8580799.6049,3962.3204
Fund Whitestone,2022-10-31,NSC,Equities,330779.9437,222.7700,73687848.0651,437641.3271
Fund Whitestone,2022-10-31,OXY,Equities,147240.7520,72.0300,10605751.3700,162831.0367
Fund Whitestone,2022-10-31,PHM,Equities,11982.8724,39.6500,475120.8890,-2386.9109
Fund Whitestone,2022-10-31,RCL,Equities,132637.3511,53.3800,7080181.8034,30292.5080
Fund Whitestone,2022-10-31,SJM,Equities,161251.2907,146.5600,23632989.1634,-223000.5056
Fund Whitestone,2022-10-31,SO,Equities,48911.8623,62.8700,3075088.7850,-8629.4075
Fund Whitestone,2022-10-31,STT,Equities,33453.9570,72.1600,2414037.5366,48932.8807
Fund Whitestone,2022-10-31,STZ,Equities,241872.3458,243.6500,58932197.0592,138134.3006
Fund Whitestone,2022-10-31,SYK,Equities,285206.4951,227.3400,64838844.6052,1791608.8628
Fund Whitestone,2022-10-31,T,Equities,328891.1918,17.4100,5725995.6491,239244.3280
Fund Whitestone,2022-10-31,TMO,Equities,251251.6009,513.0300,128899608.8264,165936.2918
Fund Whitestone,2022-10-31,TROW,Equities,3661.5406,102.7500,376223.2960,221.2362
Fund Whitestone,2022-10-31,TTWO,Equities,336940.7346,118.4800,39920738.2376,-14737.9183
Fund Whitestone,2022-10-31,UDR,Equities,43818.1752,38.5700,1690067.0183,-10325.6967
Fund Whitestone,2022-10-31,ULTA,Equities,352368.9244,419.3700,147772955.8129,-548266.9994
Fund Whitestone,2022-10-31,US912810FQ68,Government Bond,1531.0956,231.7600,354846.7265,-19.5776
Fund Whitestone,2022-10-31,US912810FS25,Government Bond,6142.7434,161.4900,991991.6318,120.2926
Fund Whitestone,2022-10-31,US912810SM18,Government Bond,4448.0557,130.0400,578425.1680,60.4907
Fund Whitestone,2022-10-31,VICI,Equities,198935.7331,30.8700,6141146.0815,77740.5393
Fund Whitestone,2022-10-31,VRSK,Equities,219330.7751,181.8900,39894074.6918,217631.9674
Fund Whitestone,2022-10-31,WEC,Equities,49492.1619,88.3000,4370157.8975,-20911.8034
Fund Whitestone,2022-10-31,XOM,Equities,362165.8889,107.2400,38838669.9238,-983822.6181
Fund Whitestone,2022-11-30,ABC,Equities,167916.6426,169.2400,28418212.6009,-239235.1475
Fund Whitestone,2022-11-30,ADM,Equities,33573.5441,95.8800,3219031.4109,-5327.4437
Fund Whitestone,2022-11-30,ALL,Equities,42033.0655,131.9000,5544161.3351,-16024.1021
Fund Whitestone,2022-11-30,AMD,Equities,250978.0001,77.6300,19483422.1452,-165693.3970
Fund Whitestone,2022-11-30,AMT,Equities,279229.0712,216.2300,60377702.0637,-230095.9002
Fund Whitestone,2022-11-30,AOS,Equities,364355.6622,59.6700,21741102.3617,84515.4886
Fund Whitestone,2022-11-30,APH,Equities,298344.5309,79.7900,23804910.1196,290976.8763
Fund Whitestone,2022-11-30,ARE,Equities,316977.1726,151.1000,47895250.7851,-181724.4751
Fund Whitestone,2022-11-30,ATVI,Equities,286737.0897,73.1600,20977685.4790,59734.9690
Fund Whitestone,2022-11-30,AXP,Equities,142448.3279,155.9300,22211967.7655,67135.3953
Fund Whitestone,2022-11-30,AZO,Equities,105068.1683,2579.0000,270970805.9368,-1235941.7210
Fund Whitestone,2022-11-30,BE0000304130,Government Bond,4383.1058,161.0600,705943.0156,117.7302
Fund Whitestone,2022-11-30,BSX,Equities,3701.4030,45.2700,167562.5125,-1185.8695
Fund Whitestone,2022-11-30,CA135087VS05,Government Bond,1669.5138,207.6500,346674.5415,369.7651
Fund Whitestone,2022-11-30,CA135087WV25,Government Bond,1684.3517,231.3700,389708.4607,-105.5351
Fund Whitestone,2022-11-30,CA135087YK42,Government Bond,2459.9647,187.4700,461169.5731,-92.7734
Fund Whitestone,2022-11-30,CEG,Equities,144156.8535,95.1800,13720849.3205,-32675.5535
Fund Whitestone,2022-11-30,CHD,Equities,86760.7069,81.1400,7039763.7561,67829.2543
Fund Whitestone,2022-11-30,CHRW,Equities,265500.9515,98.3600,26114673.5852,-14316.4824
Fund Whitestone,2022-11-30,CI,Equities,52118.4886,324.8400,16930169.8503,14510.4853
Fund Whitestone,2022-11-30,CMA,Equities,86862.2955,68.6800,5965702.4580,-16647.7490
Fund Whitestone,2022-11-30,CND100045210,Government Bond,34023.7138,101.9100,3467356.6739,-75.1877
Fund Whitestone,2022-11-30,CSGP,Equities,339109.2480,81.0400,27481413.4556,-90133.9096
Fund Whitestone,2022-11-30,DD,Equities,122005.2094,69.4700,8475701.8974,255535.3449
Fund Whitestone,2022-11-30,DE0001030559,Government Bond,6571.7725,136.4300,896586.9174,-245.0541
Fund Whitestone,2022-11-30,DE0001030567,Government Bond,5708.4334,121.6200,694259.6666,-5.3761
Fund Whitestone,2022-11-30,DK0009923807,Government Bond,95205.5366,105.0600,10002293.6749,-3904.5984
Fund Whitestone,2022-11-30,ES00000128E2,Government Bond,2426.7174,151.1100,366701.2722,-200.0776
Fund Whitestone,2022-11-30,ES0000012B39,Government Bond,30216.9919,108.5200,3279147.9642,-85.8505
Fund Whitestone,2022-11-30,ETN,Equities,365455.3806,161.1800,58904098.2479,-918426.0922
Fund Whitestone,2022-11-30,EVRG,Equities,41982.3315,57.3700,2408526.3600,-9301.2215
Fund Whitestone,2022-11-30,EXC,Equities,23574.3686,40.3100,950282.8000,6242.6900
Fund Whitestone,2022-11-30,FANG,Equities,100973.5773,143.2800,14467494.1537,-16046.4190
Fund Whitestone,2022-11-30,FAST,Equities,301285.5288,50.5200,15220944.9152,125341.0865
Fund Whitestone,2022-11-30,FCX,Equities,297130.2987,39.3800,11700991.1629,-496108.2859
Fund Whitestone,2022-11-30,FR0000188799,Government Bond,3468.7024,210.2100,729155.9403,308.8097
Fund Whitestone,2022-11-30,GB00B3MYD345,Government Bond,4146.1644,274.3100,1137334.3501,346.2740
Fund Whitestone,2022-11-30,GB00BL68HJ26,Government Bond,21618.9205,98.0600,2119951.3481,3355.4528
Fund Whitestone,2022-11-30,HON,Equities,161010.7877,216.0700,34789600.8933,-221278.6684
Fund Whitestone,2022-11-30,HPQ,Equities,161209.2540,29.2400,4713758.5870,14732.7483
Fund Whitestone,2022-11-30,ILMN,Equities,329158.1489,218.0800,71782809.1188,-209727.8559
Fund Whitestone,2022-11-30,IT0003745541,Government Bond,5181.0894,180.1500,933373.2487,158.9341
Fund Whitestone,2022-11-30,IT0004735152,Government Bond,5272.0804,140.8900,742783.4067,-132.7076
Fund Whitestone,2022-11-30,JBHT,Equities,55950.4711,182.6900,10221591.5651,104067.8762
Fund Whitestone,2022-11-30,JKHY,Equities,81360.3210,188.0800,15302249.1825,-101880.7001
Fund Whitestone,2022-11-30,JP1103571L10,Government Bond,6023191.7488,100.9900,608282134.7106,0.0000
Fund Whitestone,2022-11-30,LEN,Equities,119948.1899,86.9400,10428295.6313,-186953.7305
Fund Whitestone,2022-11-30,LNT,Equities,293498.7153,54.9100,16116014.4565,4038.0408
Fund Whitestone,2022-11-30,MDLZ,Equities,319295.7135,66.5000,21233164.9465,-128838.3940
Fund Whitestone,2022-11-30,MHK,Equities,1205.5349,101.3300,122156.8556,71.5348
Fund Whitestone,2022-11-30,MSFT,Equities,176663.1731,253.4100,44768214.6962,248285.5380
Fund Whitestone,2022-11-30,MX0MG00000H9,Government Bond,3646247.2152,106.1600,387085604.3642,23044.6523
Fund Whitestone,2022-11-30,NEM,Equities,82486.6144,46.0100,3795209.1291,-59568.4953
Fund Whitestone,2022-11-30,NI,Equities,340458.5291,27.1900,9257067.4052,30369.3337
Fund Whitestone,2022-11-30,NSC,Equities,338557.9392,251.9300,85292901.6244,-1134031.7403
Fund Whitestone,2022-11-30,OXY,Equities,148414.5179,68.9400,10231696.8627,18134.6821
Fund Whitestone,2022-11-30,PHM,Equities,12422.5665,44.4000,551561.9510,-10442.7350
Fund Whitestone,2022-11-30,RCL,Equities,133302.6905,59.9300,7988830.2390,-21789.8629
Fund Whitestone,2022-11-30,SJM,Equities,156308.3558,150.8500,23579115.4787,106025.9525
Fund Whitestone,2022-11-30,SO,Equities,48480.9863,65.6300,3181807.1289,5946.0897
Fund Whitestone,2022-11-30,STT,Equities,34072.9110,77.6900,2647124.4560,-17114.0784
Fund Whitestone,2022-11-30,STZ,Equities,231739.0878,254.6200,59005406.5339,555809.2028
Fund Whitestone,2022-11-30,SYK,Equities,289020.1167,231.9600,67041106.2802,-88094.6591
Fund Whitestone,2022-11-30,T,Equities,344551.0665,18.4100,6343185.1346,-78299.3736
Fund Whitestone,2022-11-30,TMO,Equities,252321.6038,559.1900,141095717.6227,-246956.6592
Fund Whitestone,2022-11-30,TROW,Equities,3587.9764,120.9000,433786.3453,6675.9517
Fund Whitestone,2022-11-30,TTWO,Equities,353350.7468,105.6900,37345640.4308,1049420.2799
Fund Whitestone,2022-11-30,UDR,Equities,44832.7331,40.2300,1803620.8540,-8420.8307
Fund Whitestone,2022-11-30,ULTA,Equities,346372.6564,464.8400,161007865.5951,1363251.5258
Fund Whitestone,2022-11-30,US912810FQ68,Government Bond,1522.2796,232.4500,353853.9038,30.4152
Fund Whitestone,2022-11-30,US912810FS25,Government Bond,6020.7878,161.7200,973681.8032,140.2489
Fund Whitestone,2022-11-30,US912810SM18,Government Bond,4362.2153,130.4500,569050.9833,175.9729
Fund Whitestone,2022-11-30,VICI,Equities,199276.6169,32.9700,6570150.0576,-3579.2791
Fund Whitestone,2022-11-30,VRSK,Equities,222116.0682,182.7700,40596153.7851,-12255.2894
Fund Whitestone,2022-11-30,WEC,Equities,47834.8534,96.6300,4622281.8805,69026.9014
Fund Whitestone,2022-11-30,XOM,Equities,361808.3354,108.6500,39310475.6449,2520.7518
Fund Whitestone,2022-12-31,ABC,Equities,165274.8542,164.3000,27154658.5370,-65252.1758
Fund Whitestone,2022-12-31,ADM,Equities,33058.2323,91.3100,3018547.1911,-11774.8753
Fund Whitestone,2022-12-31,ALL,Equities,41276.2843,133.5800,5513686.0520,6356.9621
Fund Whitestone,2022-12-31,AMD,Equities,252022.9983,64.7700,16323529.6025,67193.3890
Fund Whitestone,2022-12-31,AMT,Equities,282212.4682,208.5900,58866698.7381,113965.7651
Fund Whitestone,2022-12-31,AOS,Equities,370242.8522,56.2300,20818755.5787,101259.6684
Fund Whitestone,2022-12-31,APH,Equities,302528.6310,75.7400,22913518.5132,84728.0276
Fund Whitestone,2022-12-31,ARE,Equities,325299.2292,142.6500,46403935.0410,351606.8886
Fund Whitestone,2022-12-31,ATVI,Equities,293175.1053,75.7300,22202150.7212,-82728.5005
Fund Whitestone,2022-12-31,AXP,Equities,138931.2582,146.1900,20310360.6365,-171281.2931
Fund Whitestone,2022-12-31,AZO,Equities,101187.0222,2466.1800,249545410.4111,-2189354.4908
Fund Whitestone,2022-12-31,BE0000304130,Government Bond,4497.9431,160.5500,722144.7716,292.8353
Fund Whitestone,2022-12-31,BSX,Equities,3687.2699,46.2700,170609.9804,70.6651
Fund Whitestone,2022-12-31,CA135087VS05,Government Bond,1722.5606,207.0800,356707.8422,151.1833
Fund Whitestone,2022-12-31,CA135087WV25,Government Bond,1611.5803,230.9400,372178.3574,-156.4586
Fund Whitestone,2022-12-31,CA135087YK42,Government Bond,2404.7924,187.2500,450297.3689,-60.6895
Fund Whitestone,2022-12-31,CEG,Equities,138489.5106,85.3700,11822849.5181,-277983.1726
Fund Whitestone,2022-12-31,CHD,Equities,86654.8904,79.8900,6922859.1929,-661.3531
Fund Whitestone,2022-12-31,CHRW,Equities,262670.1187,90.4100,23748005.4278,-112525.6038
Fund Whitestone,2022-12-31,CI,Equities,51552.3221,328.3800,16928751.5252,10021.1481
Fund Whitestone,2022-12-31,CMA,Equities,88191.6454,64.6700,5703353.7110,26653.4655
Fund Whitestone,2022-12-31,CND100045210,Government Bond,33246.2627,101.9200,3388459.0983,38.8726
Fund Whitestone,2022-12-31,CSGP,Equities,332092.0199,77.2800,25664071.3007,-131923.8870
Fund Whitestone,2022-12-31,DD,Equities,125451.6140,67.6200,8483038.1356,31879.2421
Fund Whitestone,2022-12-31,DE0001030559,Government Bond,6451.1007,136.1100,878059.3137,-193.0749
Fund Whitestone,2022-12-31,DE0001030567,Government Bond,5877.1527,121.4300,713662.6551,160.2834
Fund Whitestone,2022-12-31,DK0009923807,Government Bond,96853.0866,104.7300,10143423.7643,2718.4576
Fund Whitestone,2022-12-31,ES00000128E2,Government Bond,2432.1585,150.7000,366526.2874,11.1542
Fund Whitestone,2022-12-31,ES0000012B39,Government Bond,29379.2814,108.2200,3179425.8308,-1256.5658
Fund Whitestone,2022-12-31,ETN,Equities,365634.1573,154.7700,56589198.5318,5729.7940
Fund Whitestone,2022-12-31,EVRG,Equities,42189.4951,60.9700,2572293.5163,-3728.9443
Fund Whitestone,2022-12-31,EXC,Equities,24683.2675,42.1200,1039659.2278,-10035.5348
Fund Whitestone,2022-12-31,FANG,Equities,100834.9045,132.4000,13350541.3598,-7543.7980
Fund Whitestone,2022-12-31,FAST,Equities,299769.5505,46.4100,13912304.8386,-31153.3542
Fund Whitestone,2022-12-31,FCX,Equities,286737.0897,37.6000,10781314.5710,-92499.5605
Fund Whitestone,2022-12-31,FR0000188799,Government Bond,3401.9234,209.5300,712805.0167,-227.0486
Fund Whitestone,2022-12-31,GB00B3MYD345,Government Bond,4141.4746,273.3800,1132196.3336,-21.8073
Fund Whitestone,2022-12-31,GB00BL68HJ26,Government Bond,22120.9113,97.5700,2158337.3152,1229.8774
Fund Whitestone,2022-12-31,HON,Equities,159823.9760,210.9000,33706876.5329,-30679.0825
Fund Whitestone,2022-12-31,HPQ,Equities,164215.6021,26.3900,4333649.7383,42840.4598
Fund Whitestone,2022-12-31,ILMN,Equities,339385.3855,202.2000,68623724.9550,812042.5863
Fund Whitestone,2022-12-31,IT0003745541,Government Bond,5212.0440,179.5800,935978.8545,88.2206
Fund Whitestone,2022-12-31,IT0004735152,Government Bond,5322.7934,140.5400,748065.3813,88.7477
Fund Whitestone,2022-12-31,JBHT,Equities,58085.1618,173.2200,10061511.7319,101077.6060
Fund Whitestone,2022-12-31,JKHY,Equities,81204.2538,174.3800,14160397.7773,-10690.6065
Fund Whitestone,2022-12-31,JP1103571L10,Government Bond,6031104.1874,100.9900,609081211.8883,0.0000
Fund Whitestone,2022-12-31,LEN,Equities,118729.6091,89.5800,10635798.3837,16085.2667
Fund Whitestone,2022-12-31,LNT,Equities,283536.0199,53.8500,15268414.6727,-52802.2855
Fund Whitestone,2022-12-31,MDLZ,Equities,323860.3181,65.9400,21355349.3772,12780.8930
Fund Whitestone,2022-12-31,MHK,Equities,1184.2750,102.2200,121056.5911,94.6067
Fund Whitestone,2022-12-31,MSFT,Equities,179948.1954,238.1900,42861860.6671,249990.1983
Fund Whitestone,2022-12-31,MX0MG00000H9,Government Bond,3575833.0000,106.1300,379503156.2869,-10562.1323
Fund Whitestone,2022-12-31,NEM,Equities,83295.9415,46.2900,3855769.1310,-1133.0579
Fund Whitestone,2022-12-31,NI,Equities,342454.0639,26.6900,9140098.9643,4988.8370
Fund Whitestone,2022-12-31,NSC,Equities,327801.1370,242.0300,79337709.1770,-532461.7115
Fund Whitestone,2022-12-31,OXY,Equities,151074.0633,62.6200,9460257.8408,84041.6337
Fund Whitestone,2022-12-31,PHM,Equities,11975.6247,45.3000,542495.7968,2011.2382
Fund Whitestone,2022-12-31,RCL,Equities,130771.7919,49.4300,6464049.6712,-132872.1768
Fund Whitestone,2022-12-31,SJM,Equities,157344.7777,155.2100,24421482.9413,-22593.9957
Fund Whitestone,2022-12-31,SO,Equities,48060.0154,69.2900,3330078.4671,7703.7669
Fund Whitestone,2022-12-31,STT,Equities,33957.9141,76.2600,2589630.5281,-822.2280
Fund Whitestone,2022-12-31,STZ,Equities,241659.2633,229.3000,55412469.0729,1255894.2182
Fund Whitestone,2022-12-31,SYK,Equities,290563.0324,243.2200,70670740.7297,-86866.1489
Fund Whitestone,2022-12-31,T,Equities,345633.3905,17.5800,6076235.0045,4491.6444
Fund Whitestone,2022-12-31,TMO,Equities,247942.0572,549.9700,136360693.2061,-201897.0971
Fund Whitestone,2022-12-31,TROW,Equities,3597.3984,106.6400,383626.5658,671.7898
Fund Whitestone,2022-12-31,TTWO,Equities,337908.0617,104.1300,35186366.4600,-120452.9443
Fund Whitestone,2022-12-31,UDR,Equities,45445.0434,37.5700,1707370.2812,8143.7268
Fund Whitestone,2022-12-31,ULTA,Equities,349123.8852,469.0700,163763540.8431,-58188.4899
Fund Whitestone,2022-12-31,US912810FQ68,Government Bond,1518.9356,232.2600,352787.9934,-3.1768
Fund Whitestone,2022-12-31,US912810FS25,Government Bond,6245.6049,161.5700,1009102.3905,168.6129
Fund Whitestone,2022-12-31,US912810SM18,Government Bond,4371.1570,130.4500,570217.4299,0.0000
Fund Whitestone,2022-12-31,VICI,Equities,196228.7153,31.6100,6202789.6902,-20725.7306
Fund Whitestone,2022-12-31,VRSK,Equities,221386.5867,175.8100,38921975.8055,-25385.9567
Fund Whitestone,2022-12-31,WEC,Equities,47868.6760,91.3900,4374718.2985,886.1527
Fund Whitestone,2022-12-31,XOM,Equities,362845.2404,107.6300,39053033.2282,5288.2155
Fund Whitestone,2023-01-31,ABC,Equities,158442.0802,167.5200,26542217.2768,110007.6604
Fund Whitestone,2023-01-31,ADM,Equities,32758.1773,81.4800,2669136.2871,-14747.7027
Fund Whitestone,2023-01-31,ALL,Equities,43013.9216,126.5500,5443411.7723,61077.9506
Fund Whitestone,2023-01-31,AMD,Equities,251130.9266,75.1500,18872489.1373,46298.5211
Fund Whitestone,2023-01-31,AMT,Equities,288657.7315,219.9400,63487381.4645,-365768.6929
Fund Whitestone,2023-01-31,AOS,Equities,355326.2296,66.8400,23750005.1880,791326.8273
Fund Whitestone,2023-01-31,APH,Equities,296495.0374,79.3500,23526881.2140,108906.3656
Fund Whitestone,2023-01-31,ARE,Equities,320479.5053,157.4100,50446678.9305,355695.6210
Fund Whitestone,2023-01-31,ATVI,Equities,284658.4478,75.7500,21562877.4241,851.6657
Fund Whitestone,2023-01-31,AXP,Equities,139337.6129,173.6900,24201549.9785,-55873.7662
Fund Whitestone,2023-01-31,AZO,Equities,105314.5902,2438.8500,256846488.3816,564032.1711
Fund Whitestone,2023-01-31,BE0000304130,Government Bond,4344.0961,160.2600,696184.8459,-223.0782
Fund Whitestone,2023-01-31,BSX,Equities,3689.0819,46.2500,170620.0366,0.1812
Fund Whitestone,2023-01-31,CA135087VS05,Government Bond,1727.1957,206.4200,356527.7407,15.2960
Fund Whitestone,2023-01-31,CA135087WV25,Government Bond,1703.0833,230.2700,392168.9984,306.5351
Fund Whitestone,2023-01-31,CA135087YK42,Government Bond,2453.0081,186.6900,457952.0904,135.0042
Fund Whitestone,2023-01-31,CEG,Equities,142446.7575,84.5300,12041024.4147,16620.4372
Fund Whitestone,2023-01-31,CHD,Equities,86425.6213,80.1400,6926149.2922,286.5863
Fund Whitestone,2023-01-31,CHRW,Equities,252463.5380,98.9100,24971168.5449,433779.6774
Fund Whitestone,2023-01-31,CI,Equities,51604.2640,313.8400,16195482.2037,3776.1751
Fund Whitestone,2023-01-31,CMA,Equities,84563.8067,70.9100,5996419.5318,113188.5695
Fund Whitestone,2023-01-31,CND100045210,Government Bond,34538.6046,101.8200,3516720.7248,646.1710
Fund Whitestone,2023-01-31,CSGP,Equities,347727.4941,77.9000,27087971.7867,-48469.9698
Fund Whitestone,2023-01-31,DD,Equities,126347.4303,72.8600,9205673.7716,-23470.3882
Fund Whitestone,2023-01-31,DE0001030559,Government Bond,6484.0112,135.8800,881047.4374,37.8471
Fund Whitestone,2023-01-31,DE0001030567,Government Bond,5786.2159,121.3800,702330.8801,-22.7342
Fund Whitestone,2023-01-31,DK0009923807,Government Bond,94291.2892,104.5300,9856268.4571,-2561.7975
Fund Whitestone,2023-01-31,ES00000128E2,Government Bond,2393.8344,150.2400,359649.6875,-88.1453
Fund Whitestone,2023-01-31,ES0000012B39,Government Bond,29382.2520,108.0600,3175046.1494,2.3765
Fund Whitestone,2023-01-31,ETN,Equities,364418.4756,159.9500,58288735.1745,31486.1568
Fund Whitestone,2023-01-31,EVRG,Equities,42832.1249,60.7000,2599909.9844,867.5503
Fund Whitestone,2023-01-31,EXC,Equities,24560.0565,41.1000,1009418.3234,-628.3760
Fund Whitestone,2023-01-31,FANG,Equities,100616.9902,141.4500,14232273.2635,9860.6235
Fund Whitestone,2023-01-31,FAST,Equities,307288.8029,49.5700,15232305.9599,-118804.1880
Fund Whitestone,2023-01-31,FCX,Equities,294301.0362,44.2900,13034592.8950,-253014.0133
Fund Whitestone,2023-01-31,FR0000188799,Government Bond,3497.0749,209.0500,731063.5017,228.3635
Fund Whitestone,2023-01-31,GB00B3MYD345,Government Bond,4287.2832,272.9600,1170256.8180,306.1980
Fund Whitestone,2023-01-31,GB00BL68HJ26,Government Bond,21945.4367,97.6000,2141874.6172,26.3212
Fund Whitestone,2023-01-31,HON,Equities,159111.8890,205.1800,32646577.3752,-20365.6888
Fund Whitestone,2023-01-31,HPQ,Equities,159665.0096,28.6200,4569612.5760,50739.1054
Fund Whitestone,2023-01-31,ILMN,Equities,329853.2038,214.2000,70654556.2637,571930.9013
Fund Whitestone,2023-01-31,IT0003745541,Government Bond,5108.0162,179.1300,914998.9441,-234.0624
Fund Whitestone,2023-01-31,IT0004735152,Government Bond,5177.8991,140.3800,726873.4810,-115.9154
Fund Whitestone,2023-01-31,JBHT,Equities,57676.3913,187.8100,10832203.0431,29819.8127
Fund Whitestone,2023-01-31,JKHY,Equities,83709.5438,178.8800,14973963.2031,-56369.0261
Fund Whitestone,2023-01-31,JP1103571L10,Government Bond,5947110.6081,100.9100,600122931.4603,-33597.4317
Fund Whitestone,2023-01-31,LEN,Equities,113749.8318,101.7500,11574045.3814,303019.4516
Fund Whitestone,2023-01-31,LNT,Equities,290320.9590,53.1400,15427655.7617,24086.5338
Fund Whitestone,2023-01-31,MDLZ,Equities,329816.9653,64.7400,21352350.3348,35739.8832
Fund Whitestone,2023-01-31,MHK,Equities,1184.6374,120.0600,142227.5652,-32.3248
Fund Whitestone,2023-01-31,MSFT,Equities,172383.7657,246.1300,42428816.2404,300307.8617
Fund Whitestone,2023-01-31,MX0MG00000H9,Government Bond,3486926.1626,105.8400,369056265.0472,-128914.9142
Fund Whitestone,2023-01-31,NEM,Equities,82923.6510,51.9100,4304566.7248,10461.3616
Fund Whitestone,2023-01-31,NI,Equities,334302.8116,27.0100,9029518.9405,13042.0037
Fund Whitestone,2023-01-31,NSC,Equities,321446.3492,241.4300,77606792.0782,-19064.3634
Fund Whitestone,2023-01-31,OXY,Equities,151088.9210,64.4100,9731637.4046,-132.9773
Fund Whitestone,2023-01-31,PHM,Equities,12385.1200,56.6000,700997.7913,-23136.4865
Fund Whitestone,2023-01-31,RCL,Equities,130941.3881,64.9400,8503333.7464,-13152.1929
Fund Whitestone,2023-01-31,SJM,Equities,162064.4832,149.6600,24254570.5552,130971.8285
Fund Whitestone,2023-01-31,SO,Equities,50878.0439,65.6700,3341161.1443,51006.3162
Fund Whitestone,2023-01-31,STT,Equities,33585.8652,89.7800,3015338.9799,25150.5029
Fund Whitestone,2023-01-31,STZ,Equities,234272.4023,229.0700,53664779.1948,-8494.8901
Fund Whitestone,2023-01-31,SYK,Equities,291552.8273,252.5000,73617088.8874,-45926.4843
Fund Whitestone,2023-01-31,T,Equities,339985.0123,19.7300,6707904.2933,60720.0650
Fund Whitestone,2023-01-31,TMO,Equities,243811.3485,569.5800,138870067.8861,405015.9881
Fund Whitestone,2023-01-31,TROW,Equities,3677.1232,113.8800,418750.7854,-2886.0362
Fund Whitestone,2023-01-31,TTWO,Equities,352314.3250,113.2300,39892551.0188,-655484.9819
Fund Whitestone,2023-01-31,UDR,Equities,45203.6948,41.7400,1886802.2226,5032.1179
Fund Whitestone,2023-01-31,ULTA,Equities,348982.7966,513.9600,179363198.1241,31667.3494
Fund Whitestone,2023-01-31,US912810FQ68,Government Bond,1534.4396,231.8200,355713.7982,34.1088
Fund Whitestone,2023-01-31,US912810FS25,Government Bond,5975.8244,161.3400,964139.5044,-310.2477
Fund Whitestone,2023-01-31,US912810SM18,Government Bond,4572.3456,130.0900,594816.4345,362.1394
Fund Whitestone,2023-01-31,VICI,Equities,201743.0109,33.3400,6726111.9828,-47698.6569
Fund Whitestone,2023-01-31,VRSK,Equities,218689.7156,181.1600,39617828.8847,72141.3006
Fund Whitestone,2023-01-31,WEC,Equities,47540.1134,91.6100,4355149.7847,361.4189
Fund Whitestone,2023-01-31,XOM,Equities,358268.5563,113.2100,40559583.2570,127689.4878
Fund Whitestone,2023-02-28,ABC,Equities,164769.3267,154.7100,25491462.5373,405260.1392
Fund Whitestone,2023-02-28,ADM,Equities,33263.7047,78.7100,2618186.1997,7001.5549
Fund Whitestone,2023-02-28,ALL,Equities,43483.2105,127.7200,5553675.6391,-2745.3401
Fund Whitestone,2023-02-28,AMD,Equities,253679.7029,78.5800,19934151.0555,-43711.5132
Fund Whitestone,2023-02-28,AMT,Equities,288601.4410,194.9500,56262850.9197,-7033.4991
Fund Whitestone,2023-02-28,AOS,Equities,356987.6452,64.8000,23132799.4097,16946.4390
Fund Whitestone,2023-02-28,APH,Equities,311139.3878,77.1100,23991958.1935,164016.7250
Fund Whitestone,2023-02-28,ARE,Equities,328062.5375,146.6700,48116932.3776,407208.8296
Fund Whitestone,2023-02-28,ATVI,Equities,295773.4075,75.4400,22313145.8634,17228.1875
Fund Whitestone,2023-02-28,AXP,Equities,139533.7841,172.7600,24105856.5380,912.1962
Fund Whitestone,2023-02-28,AZO,Equities,103271.3414,2486.5400,256788321.1939,487212.6883
Fund Whitestone,2023-02-28,BE0000304130,Government Bond,4311.6611,160.1400,690469.4162,-19.4610
Fund Whitestone,2023-02-28,BSX,Equities,3713.3617,46.7200,173488.2579,-57.0576
Fund Whitestone,2023-02-28,CA135087VS05,Government Bond,1701.9599,206.6900,351778.0881,34.0684
Fund Whitestone,2023-02-28,CA135087WV25,Government Bond,1670.2616,230.4400,384895.0820,27.8985
Fund Whitestone,2023-02-28,CA135087YK42,Government Bond,2339.7850,186.7900,437048.4407,56.6116
Fund Whitestone,2023-02-28,CEG,Equities,138037.2538,74.4300,10274112.7991,-222679.9397
Fund Whitestone,2023-02-28,CHD,Equities,85958.2651,83.3100,7161183.0683,7407.5955
Fund Whitestone,2023-02-28,CHRW,Equities,256437.0923,98.7100,25312905.3819,3973.5543
Fund Whitestone,2023-02-28,CI,Equities,53417.0358,289.4900,15463697.6929,220704.9702
Fund Whitestone,2023-02-28,CMA,Equities,84709.6063,67.8100,5744158.4065,2259.8948
Fund Whitestone,2023-02-28,CND100045210,Government Bond,33764.5634,101.8000,3437232.5592,-77.4041
Fund Whitestone,2023-02-28,CSGP,Equities,343741.9810,70.6600,24288808.3805,-144275.5710
Fund Whitestone,2023-02-28,DD,Equities,124394.0530,72.3100,8994933.9719,-5371.7876
Fund Whitestone,2023-02-28,DE0001030559,Government Bond,6490.4642,135.9700,882508.4178,-2.9039
Fund Whitestone,2023-02-28,DE0001030567,Government Bond,5550.5807,121.4500,674118.0248,82.4723
Fund Whitestone,2023-02-28,DK0009923807,Government Bond,95719.8008,104.6600,10018034.3490,-928.5325
Fund Whitestone,2023-02-28,ES00000128E2,Government Bond,2387.9202,150.4000,359143.2042,4.7314
Fund Whitestone,2023-02-28,ES0000012B39,Government Bond,30377.4046,108.0800,3283189.8879,-99.5153
Fund Whitestone,2023-02-28,ETN,Equities,348793.3899,172.5000,60166859.7536,980474.1301
Fund Whitestone,2023-02-28,EVRG,Equities,42713.7458,56.9800,2433829.2338,-2201.8528
Fund Whitestone,2023-02-28,EXC,Equities,24601.1269,39.6900,976418.7250,289.5458
Fund Whitestone,2023-02-28,FANG,Equities,99557.1341,136.0800,13547734.8123,-28457.1355
Fund Whitestone,2023-02-28,FAST,Equities,303225.9810,50.9200,15440266.9545,27424.0476
Fund Whitestone,2023-02-28,FCX,Equities,282089.0156,40.6700,11472560.2647,-221037.5735
Fund Whitestone,2023-02-28,FR0000188799,Government Bond,3458.3223,209.2600,723688.5213,40.6902
Fund Whitestone,2023-02-28,GB00B3MYD345,Government Bond,4170.8921,273.1200,1139154.0622,93.1128
Fund Whitestone,2023-02-28,GB00BL68HJ26,Government Bond,21896.5703,97.6500,2138200.0893,12.2166
Fund Whitestone,2023-02-28,HON,Equities,155171.6741,189.4400,29395721.9413,-310094.9089
Fund Whitestone,2023-02-28,HPQ,Equities,161587.1010,29.0000,4686025.9297,-3651.9736
Fund Whitestone,2023-02-28,ILMN,Equities,334089.7290,199.2000,66550674.0248,317739.3896
Fund Whitestone,2023-02-28,IT0003745541,Government Bond,5198.3427,179.2500,931802.9371,-54.1959
Fund Whitestone,2023-02-28,IT0004735152,Government Bond,5080.6130,140.4500,713572.0967,34.0501
Fund Whitestone,2023-02-28,JBHT,Equities,55172.6716,179.9900,9930529.1526,-97895.4407
Fund Whitestone,2023-02-28,JKHY,Equities,82255.6542,163.1400,13419187.4281,-114421.1142
Fund Whitestone,2023-02-28,JP1103571L10,Government Bond,6053015.5560,100.9900,611294040.9960,-42361.9792
Fund Whitestone,2023-02-28,LEN,Equities,118050.0160,96.1300,11348148.0345,120835.1761
Fund Whitestone,2023-02-28,LNT,Equities,290779.0140,50.4200,14661077.8842,6229.5474
Fund Whitestone,2023-02-28,MDLZ,Equities,333216.1390,64.4800,21485776.6421,4418.9258
Fund Whitestone,2023-02-28,MHK,Equities,1231.2643,102.8500,126635.5326,4012.2450
Fund Whitestone,2023-02-28,MSFT,Equities,180587.4430,248.3500,44848891.4705,-91060.8186
Fund Whitestone,2023-02-28,MX0MG00000H9,Government Bond,3517510.1146,105.8600,372363620.7358,-3058.3952
Fund Whitestone,2023-02-28,NEM,Equities,83109.7963,42.7700,3554605.9857,8506.8368
Fund Whitestone,2023-02-28,NI,Equities,340289.4159,26.9400,9167396.8655,2095.3115
Fund Whitestone,2023-02-28,NSC,Equities,335479.8389,222.0200,74483233.8259,1361950.1762
Fund Whitestone,2023-02-28,OXY,Equities,147433.9034,58.2200,8583601.8552,-113122.7966
Fund Whitestone,2023-02-28,PHM,Equities,11991.3280,54.4000,652328.2439,-4331.7117
Fund Whitestone,2023-02-28,RCL,Equities,129480.2508,70.6400,9146484.9172,41642.4142
Fund Whitestone,2023-02-28,SJM,Equities,160278.6487,145.8500,23376640.9087,-34020.1477
Fund Whitestone,2023-02-28,SO,Equities,50090.5808,61.8300,3097100.6088,-15119.2926
Fund Whitestone,2023-02-28,STT,Equities,33541.8958,87.1800,2924182.4771,-571.6023
Fund Whitestone,2023-02-28,STZ,Equities,238889.1904,222.1000,53057289.1923,160895.0660
Fund Whitestone,2023-02-28,SYK,Equities,289253.0097,261.5200,75645447.0883,103721.7742
Fund Whitestone,2023-02-28,T,Equities,337515.9608,18.3200,6183292.4020,-17406.8132
Fund Whitestone,2023-02-28,TMO,Equities,241795.7617,541.0500,130823596.8880,-287523.4536
Fund Whitestone,2023-02-28,TROW,Equities,3554.9993,109.7800,390267.8264,-2503.5385
Fund Whitestone,2023-02-28,TTWO,Equities,349412.3439,109.5500,38278122.2729,-53396.4523
Fund Whitestone,2023-02-28,UDR,Equities,43853.9306,41.9900,1841426.5445,1687.2053
Fund Whitestone,2023-02-28,ULTA,Equities,362456.7634,518.8000,188042568.8757,-326069.9984
Fund Whitestone,2023-02-28,US912810FQ68,Government Bond,1484.8877,231.9300,344389.9938,27.2536
Fund Whitestone,2023-02-28,US912810FS25,Government Bond,6152.5984,161.3900,992967.8556,-44.1935
Fund Whitestone,2023-02-28,US912810SM18,Government Bond,4553.5680,130.2600,593147.7631,15.9610
Fund Whitestone,2023-02-28,VICI,Equities,201642.7510,32.7100,6595734.3839,-315.8187
Fund Whitestone,2023-02-28,VRSK,Equities,222138.1737,170.5200,37879001.3796,183457.9691
Fund Whitestone,2023-02-28,WEC,Equities,48525.8012,87.1500,4229023.5786,21980.8399
Fund Whitestone,2023-02-28,XOM,Equities,347899.5063,108.0800,37600978.6358,-265966.1333
Fund Whitestone,2023-03-31,ABC,Equities,166856.6658,159.2300,26568586.8920,-47173.8627
Fund Whitestone,2023-03-31,ADM,Equities,32451.5994,78.7700,2556212.4835,243.6316
Fund Whitestone,2023-03-31,ALL,Equities,41525.7261,109.9000,4563677.2999,-174411.8547
Fund Whitestone,2023-03-31,AMD,Equities,254852.1400,98.0100,24978058.2423,-113902.2631
Fund Whitestone,2023-03-31,AMT,Equities,274416.2326,201.1800,55207057.6844,441869.2396
Fund Whitestone,2023-03-31,AOS,Equities,364500.1331,68.2700,24884424.0861,-130341.6647
Fund Whitestone,2023-03-31,APH,Equities,297950.3765,81.5100,24285935.1909,290158.2480
Fund Whitestone,2023-03-31,ARE,Equities,326166.7795,124.2100,40513175.6773,-212893.6293
Fund Whitestone,2023-03-31,ATVI,Equities,296379.6780,84.6800,25097431.1371,-28009.6984
Fund Whitestone,2023-03-31,AXP,Equities,141915.8631,163.7800,23242980.0656,106955.3499
Fund Whitestone,2023-03-31,AZO,Equities,101022.7409,2458.1500,248329050.5094,-319188.8400
Fund Whitestone,2023-03-31,BE0000304130,Government Bond,4401.9531,160.3000,705633.0862,-72.2336
Fund Whitestone,2023-03-31,BSX,Equities,3673.8617,50.0300,183803.3005,653.7249
Fund Whitestone,2023-03-31,CA135087VS05,Government Bond,1670.2005,206.6600,345163.6341,-4.7639
Fund Whitestone,2023-03-31,CA135087WV25,Government Bond,1634.2903,230.3200,376409.7420,-21.5828
Fund Whitestone,2023-03-31,CA135087YK42,Government Bond,2449.8897,186.7700,457565.9012,11.0105
Fund Whitestone,2023-03-31,CEG,Equities,139789.7489,78.0100,10904998.3090,-31369.6620
Fund Whitestone,2023-03-31,CHD,Equities,89247.3945,87.9100,7845738.4490,-75649.9750
Fund Whitestone,2023-03-31,CHRW,Equities,265474.9805,98.7300,26210344.8261,-903.7888
Fund Whitestone,2023-03-31,CI,Equities,52315.8678,254.3300,13305494.6599,-193585.3323
Fund Whitestone,2023-03-31,CMA,Equities,87119.5891,42.7100,3720877.6494,302452.8321
Fund Whitestone,2023-03-31,CND100045210,Government Bond,34767.0661,101.8300,3540330.3452,-150.3754
Fund Whitestone,2023-03-31,CSGP,Equities,342175.0272,68.8500,23558750.6234,-14180.9322
Fund Whitestone,2023-03-31,DD,Equities,126434.5236,71.0600,8984437.2438,12752.9410
Fund Whitestone,2023-03-31,DE0001030559,Government Bond,6629.2045,135.9300,901107.7664,27.7481
Fund Whitestone,2023-03-31,DE0001030567,Government Bond,5881.7282,121.3200,713571.2607,215.2459
Fund Whitestone,2023-03-31,DK0009923807,Government Bond,96519.7673,104.5600,10092106.8659,399.9832
Fund Whitestone,2023-03-31,ES00000128E2,Government Bond,2329.4879,150.4200,350401.5662,5.8432
Fund Whitestone,2023-03-31,ES0000012B39,Government Bond,30059.5499,108.0900,3249136.7461,15.8927
Fund Whitestone,2023-03-31,ETN,Equities,364919.0504,169.7900,61959605.5747,218502.7007
Fund Whitestone,2023-03-31,EVRG,Equities,43233.7686,59.8400,2587108.7133,-7436.3266
Fund Whitestone,2023-03-31,EXC,Equities,23530.8824,41.1700,968766.4289,7919.8089
Fund Whitestone,2023-03-31,FANG,Equities,101379.6904,133.5700,13541285.2414,22873.0807
Fund Whitestone,2023-03-31,FAST,Equities,304105.2485,53.2700,16199686.5853,-10331.3922
Fund Whitestone,2023-03-31,FCX,Equities,281165.1748,40.6100,11418117.7487,-277.1522
Fund Whitestone,2023-03-31,FR0000188799,Government Bond,3552.7817,209.2200,743312.9900,18.8919
Fund Whitestone,2023-03-31,GB00B3MYD345,Government Bond,4227.1691,272.7400,1152918.1086,106.9263
Fund Whitestone,2023-03-31,GB00BL68HJ26,Government Bond,22127.5749,97.3300,2153676.8641,369.6074
Fund Whitestone,2023-03-31,HON,Equities,156532.5515,189.0900,29598740.1666,2381.5355
Fund Whitestone,2023-03-31,HPQ,Equities,162638.5014,29.1000,4732780.3918,-525.7002
Fund Whitestone,2023-03-31,ILMN,Equities,325517.3851,232.5500,75699067.9030,1429438.3535
Fund Whitestone,2023-03-31,IT0003745541,Government Bond,5186.1639,179.3000,929879.1849,3.0447
Fund Whitestone,2023-03-31,IT0004735152,Government Bond,5038.6972,140.3900,707382.6961,-12.5748
Fund Whitestone,2023-03-31,JBHT,Equities,58210.0639,174.6800,10168133.9700,80642.7680
Fund Whitestone,2023-03-31,JKHY,Equities,81204.2538,150.1800,12195254.8354,-68130.7468
Fund Whitestone,2023-03-31,JP1103571L10,Government Bond,6252652.4692,100.9900,631455372.8660,0.0000
Fund Whitestone,2023-03-31,LEN,Equities,118202.3386,104.4400,12345052.2396,-6329.0041
Fund Whitestone,2023-03-31,LNT,Equities,282562.6531,52.5200,14840190.5425,86271.7888
Fund Whitestone,2023-03-31,MDLZ,Equities,322759.6333,69.3500,22383380.5706,254615.9131
Fund Whitestone,2023-03-31,MHK,Equities,1183.1879,100.2200,118579.0864,-632.2052
Fund Whitestone,2023-03-31,MSFT,Equities,180676.2274,287.0600,51864917.8354,-17184.2181
Fund Whitestone,2023-03-31,MX0MG00000H9,Government Bond,3579033.6461,105.7700,378554388.7498,27685.5892
Fund Whitestone,2023-03-31,NEM,Equities,80188.1255,48.5300,3891529.7329,84144.1162
Fund Whitestone,2023-03-31,NI,Equities,330108.8062,27.4700,9068088.9075,26978.6157
Fund Whitestone,2023-03-31,NSC,Equities,334917.1754,209.3600,70118259.8349,-35616.5997
Fund Whitestone,2023-03-31,OXY,Equities,148785.9628,62.2400,9260438.3225,-27176.3935
Fund Whitestone,2023-03-31,PHM,Equities,12081.9243,58.1500,702563.8996,-1698.6809
Fund Whitestone,2023-03-31,RCL,Equities,129062.7830,65.3000,8427799.7298,-11146.3906
Fund Whitestone,2023-03-31,SJM,Equities,158540.6490,155.2000,24605508.7246,81251.4847
Fund Whitestone,2023-03-31,SO,Equities,48238.3089,68.2200,3290817.4362,59180.0847
Fund Whitestone,2023-03-31,STT,Equities,33183.3760,75.0400,2490080.5354,-21762.1525
Fund Whitestone,2023-03-31,STZ,Equities,229702.9659,224.2700,51515484.1518,99670.5366
Fund Whitestone,2023-03-31,SYK,Equities,284071.1421,284.7600,80892098.4368,602133.0063
Fund Whitestone,2023-03-31,T,Equities,342149.6602,18.6500,6381091.1635,-7645.6041
Fund Whitestone,2023-03-31,TMO,Equities,250380.6684,575.9900,144216761.1774,-1499783.1896
Fund Whitestone,2023-03-31,TROW,Equities,3632.9122,111.6700,405687.3008,-736.2762
Fund Whitestone,2023-03-31,TTWO,Equities,347581.3320,119.3000,41466452.9077,89261.8295
Fund Whitestone,2023-03-31,UDR,Equities,45337.7774,40.2400,1824392.1619,12983.6596
Fund Whitestone,2023-03-31,ULTA,Equities,350323.1388,545.6700,191160827.1615,1630152.4681
Fund Whitestone,2023-03-31,US912810FQ68,Government Bond,1483.8237,231.7300,343846.4556,-1.0640
Fund Whitestone,2023-03-31,US912810FS25,Government Bond,6003.5416,161.1800,967650.8278,-156.5097
Fund Whitestone,2023-03-31,US912810SM18,Government Bond,4600.5120,130.1700,598848.6424,21.1248
Fund Whitestone,2023-03-31,VICI,Equities,204630.4966,32.2200,6593194.5997,7319.9768
Fund Whitestone,2023-03-31,VRSK,Equities,217076.0141,191.5600,41583081.2621,532539.1895
Fund Whitestone,2023-03-31,WEC,Equities,47477.2999,93.1700,4423460.0330,31559.8901
Fund Whitestone,2023-03-31,XOM,Equities,364096.6775,107.8300,39260544.7359,20246.4641
Fund Whitestone,2023-04-30,ABC,Equities,160529.4193,165.9400,26638251.8330,212279.1205
Fund Whitestone,2023-04-30,ADM,Equities,32901.6819,77.2100,2540338.8570,3510.6434
Fund Whitestone,2023-04-30,ALL,Equities,42045.7490,114.8100,4827272.4371,-12766.5607
Fund Whitestone,2023-04-30,AMD,Equities,251895.5595,89.3700,22511906.1549,-127724.2768
Fund Whitestone,2023-04-30,AMT,Equities,286124.6586,202.7300,58006052.0331,-90740.3009
Fund Whitestone,2023-04-30,AOS,Equities,353845.4027,67.7300,23965949.1238,-28767.7721
Fund Whitestone,2023-04-30,APH,Equities,300072.7462,75.2800,22589476.3309,66111.8140
Fund Whitestone,2023-04-30,ARE,Equities,330568.7939,122.8100,40597153.5819,30814.1012
Fund Whitestone,2023-04-30,ATVI,Equities,291009.8534,76.8800,22372837.5273,-209423.1623
Fund Whitestone,2023-04-30,AXP,Equities,139884.0898,160.7900,22491962.8031,-30375.0111
Fund Whitestone,2023-04-30,AZO,Equities,104308.3672,2663.3100,277805517.3884,-3370395.4500
Fund Whitestone,2023-04-30,BE0000304130,Government Bond,4492.2451,160.5200,721095.1844,-99.3212
Fund Whitestone,2023-04-30,BSX,Equities,3597.7608,52.1200,187515.2923,795.2544
Fund Whitestone,2023-04-30,CA135087VS05,Government Bond,1667.7971,206.8400,344967.1482,2.1631
Fund Whitestone,2023-04-30,CA135087WV25,Government Bond,1687.3355,230.6000,389099.5727,-74.2633
Fund Whitestone,2023-04-30,CA135087YK42,Government Bond,2339.7850,186.7600,436978.2471,-5.5052
Fund Whitestone,2023-04-30,CEG,Equities,141485.7118,76.9200,10883080.9554,9242.9983
Fund Whitestone,2023-04-30,CHD,Equities,86760.7069,96.5700,8378481.4633,107673.5733
Fund Whitestone,2023-04-30,CHRW,Equities,256385.1504,100.2200,25694919.7754,67719.2342
Fund Whitestone,2023-04-30,CI,Equities,50466.7367,252.1000,12722664.3118,-20617.8123
Fund Whitestone,2023-04-30,CMA,Equities,83363.1035,42.6600,3556269.9972,-939.1214
Fund Whitestone,2023-04-30,CND100045210,Government Bond,33195.1146,101.8300,3380258.5240,0.0000
Fund Whitestone,2023-04-30,CSGP,Equities,350691.0806,76.9500,26985678.6560,-344900.1643
Fund Whitestone,2023-04-30,DD,Equities,120972.5322,69.0300,8350733.8999,-55439.2119
Fund Whitestone,2023-04-30,DE0001030559,Government Bond,6587.2598,136.0700,896328.4346,29.3613
Fund Whitestone,2023-04-30,DE0001030567,Government Bond,5888.0194,121.5700,715806.5176,-7.8640
Fund Whitestone,2023-04-30,DK0009923807,Government Bond,95110.3025,104.6700,9955195.3616,775.2056
Fund Whitestone,2023-04-30,ES00000128E2,Government Bond,2436.4167,150.5300,366753.8117,-58.8109
Fund Whitestone,2023-04-30,ES0000012B39,Government Bond,30053.6087,108.2300,3252702.0660,4.1588
Fund Whitestone,2023-04-30,ETN,Equities,366706.8177,165.6100,60730316.0777,37364.3355
Fund Whitestone,2023-04-30,EVRG,Equities,43085.7946,60.8100,2620047.1712,717.6738
Fund Whitestone,2023-04-30,EXC,Equities,23910.1790,41.7100,997293.5651,-1024.1007
Fund Whitestone,2023-04-30,FANG,Equities,98536.8988,140.5200,13846405.0260,98787.0051
Fund Whitestone,2023-04-30,FAST,Equities,295615.7699,53.5200,15821356.0070,10611.8482
Fund Whitestone,2023-04-30,FCX,Equities,290750.0231,37.7700,10981628.3743,136104.8465
Fund Whitestone,2023-04-30,FR0000188799,Government Bond,3506.0710,209.4500,734346.5723,53.7173
Fund Whitestone,2023-04-30,GB00B3MYD345,Government Bond,4241.6647,273.0700,1158271.3845,-23.9177
Fund Whitestone,2023-04-30,GB00BL68HJ26,Government Bond,22876.1186,97.6000,2232709.1784,-1010.5340
Fund Whitestone,2023-04-30,HON,Equities,154253.8730,197.7100,30497533.2405,98211.0420
Fund Whitestone,2023-04-30,HPQ,Equities,162934.2078,29.4500,4798412.4198,-517.4861
Fund Whitestone,2023-04-30,ILMN,Equities,331574.2922,205.5600,68158411.5058,817379.6151
Fund Whitestone,2023-04-30,IT0003745541,Government Bond,4962.8848,179.5000,890837.8244,223.2791
Fund Whitestone,2023-04-30,IT0004735152,Government Bond,5060.9488,140.5800,711468.1806,-21.1390
Fund Whitestone,2023-04-30,JBHT,Equities,57437.9418,174.5100,10023495.2177,-656.3039
Fund Whitestone,2023-04-30,JKHY,Equities,82337.7949,162.7600,13401299.4929,-71299.7333
Fund Whitestone,2023-04-30,JP1103571L10,Government Bond,6092577.7491,100.9600,615106649.5524,-24011.2080
Fund Whitestone,2023-04-30,LEN,Equities,119502.9392,112.4700,13440495.5758,-52219.1170
Fund Whitestone,2023-04-30,LNT,Equities,293613.2290,54.6800,16054771.3633,-119346.2197
Fund Whitestone,2023-04-30,MDLZ,Equities,327421.3572,76.3200,24988797.9822,-162461.0776
Fund Whitestone,2023-04-30,MHK,Equities,1229.5732,105.9000,130211.7979,-1317.3429
Fund Whitestone,2023-04-30,MSFT,Equities,174141.6965,305.9400,53276910.6318,616859.7149
Fund Whitestone,2023-04-30,MX0MG00000H9,Government Bond,3577255.5094,106.1500,379725672.3195,3378.4598
Fund Whitestone,2023-04-30,NEM,Equities,82777.9722,46.9300,3884770.2333,20718.7729
Fund Whitestone,2023-04-30,NI,Equities,333389.6007,28.2100,9404920.6367,-12138.9396
Fund Whitestone,2023-04-30,NSC,Equities,335678.4260,200.5000,67303524.4107,33723.4025
Fund Whitestone,2023-04-30,OXY,Equities,148785.9628,61.3500,9128018.8156,0.0000
Fund Whitestone,2023-04-30,PHM,Equities,12116.9549,67.0000,811835.9784,-1550.1029
Fund Whitestone,2023-04-30,RCL,Equities,128580.0858,65.4300,8412995.0166,313.7532
Fund Whitestone,2023-04-30,SJM,Equities,159943.8047,152.2800,24356242.5793,20486.0732
Fund Whitestone,2023-04-30,SO,Equities,48352.2187,72.1100,3486678.4912,-2215.5449
Fund Whitestone,2023-04-30,STT,Equities,34708.7763,71.6400,2486536.7362,25931.8055
Fund Whitestone,2023-04-30,STZ,Equities,233538.4514,227.8300,53207065.3752,-68271.6422
Fund Whitestone,2023-04-30,SYK,Equities,284595.1512,298.9000,85065490.6994,-37047.4416
Fund Whitestone,2023-04-30,T,Equities,337921.8323,17.3600,5866323.0086,-27269.4903
Fund Whitestone,2023-04-30,TMO,Equities,247419.4977,554.5300,137201534.0484,-317733.6156
Fund Whitestone,2023-04-30,TROW,Equities,3589.0635,111.1000,398744.9597,-124.9686
Fund Whitestone,2023-04-30,TTWO,Equities,349170.5121,124.2900,43398402.9525,-39650.0442
Fund Whitestone,2023-04-30,UDR,Equities,44689.7118,40.9300,1829149.9021,2235.8264
Fund Whitestone,2023-04-30,ULTA,Equities,360269.8892,551.4300,198663625.0239,-286466.4120
Fund Whitestone,2023-04-30,US912810FQ68,Government Bond,1503.1277,232.0500,348800.7714,-30.8864
Fund Whitestone,2023-04-30,US912810FS25,Government Bond,6109.4828,161.6800,987781.1763,-264.8531
Fund Whitestone,2023-04-30,US912810SM18,Government Bond,4515.5657,130.1800,587836.3401,4.2473
Fund Whitestone,2023-04-30,VICI,Equities,206475.2791,33.5300,6923116.1083,-12083.3255
Fund Whitestone,2023-04-30,VRSK,Equities,214931.7806,193.8100,41655928.3914,24122.6273
Fund Whitestone,2023-04-30,WEC,Equities,49487.3301,94.5300,4678037.3159,-13668.2054
Fund Whitestone,2023-04-30,XOM,Equities,363846.3901,116.3700,42340804.4154,10687.2726
Fund Whitestone,2023-05-31,ABC,Equities,162649.3730,169.7100,27603225.0909,-39961.1278
Fund Whitestone,2023-05-31,ADM,Equities,33257.1818,70.2800,2337314.7370,12318.0727
Fund Whitestone,2023-05-31,ALL,Equities,41631.4218,107.5600,4477875.7301,-15019.3588
Fund Whitestone,2023-05-31,AMD,Equities,252609.2169,118.2100,29860935.5279,-102909.3910
Fund Whitestone,2023-05-31,AMT,Equities,279257.2164,182.9400,51087315.1766,-679533.3988
Fund Whitestone,2023-05-31,AOS,Equities,356481.9970,63.4100,22604523.4290,56950.4370
Fund Whitestone,2023-05-31,APH,Equities,295706.7286,75.2600,22254888.3970,-436.6018
Fund Whitestone,2023-05-31,ARE,Equities,322311.0004,112.2100,36166517.3521,-437663.0581
Fund Whitestone,2023-05-31,ATVI,Equities,283012.8564,79.3400,22454240.0276,98363.0626
Fund Whitestone,2023-05-31,AXP,Equities,144143.8077,158.0200,22777604.4892,58997.0922
Fund Whitestone,2023-05-31,AZO,Equities,105437.8012,2386.8400,251663161.4534,1561273.1421
Fund Whitestone,2023-05-31,BE0000304130,Government Bond,4309.4696,160.7100,692574.8586,173.6367
Fund Whitestone,2023-05-31,BSX,Equities,3709.0131,51.4800,190939.9924,356.0073
Fund Whitestone,2023-05-31,CA135087VS05,Government Bond,1688.7411,207.1000,349738.2839,-27.2272
Fund Whitestone,2023-05-31,CA135087WV25,Government Bond,1656.5030,230.7500,382238.0648,23.1244
Fund Whitestone,2023-05-31,CA135087YK42,Government Bond,2379.8449,187.0000,445030.9936,-48.0719
Fund Whitestone,2023-05-31,CEG,Equities,142347.8264,83.8000,11928747.8493,-29656.7394
Fund Whitestone,2023-05-31,CHD,Equities,89899.9295,92.1900,8287874.5032,68748.9760
Fund Whitestone,2023-05-31,CHRW,Equities,263553.1307,93.9300,24755545.5688,225432.9804
Fund Whitestone,2023-05-31,CI,Equities,52435.3341,246.2500,12912201.0338,57581.4765
Fund Whitestone,2023-05-31,CMA,Equities,84846.8296,35.5100,3012910.9178,53043.2052
Fund Whitestone,2023-05-31,CND100045210,Government Bond,34709.0983,101.8600,3535468.7527,-227.0975
Fund Whitestone,2023-05-31,CSGP,Equities,331478.8641,79.4000,26319421.8087,235349.6529
Fund Whitestone,2023-05-31,DD,Equities,123560.4461,66.8800,8263722.6362,27820.0743
Fund Whitestone,2023-05-31,DE0001030559,Government Bond,6413.0278,136.3200,874223.9449,217.7900
Fund Whitestone,2023-05-31,DE0001030567,Government Bond,5579.1772,121.7100,679041.6559,216.1895
Fund Whitestone,2023-05-31,DK0009923807,Government Bond,95938.8392,104.8300,10057268.5154,-662.8294
Fund Whitestone,2023-05-31,ES00000128E2,Government Bond,2322.8640,150.7400,350148.5138,119.2304
Fund Whitestone,2023-05-31,ES0000012B39,Government Bond,28921.8082,108.3900,3134834.7953,905.4403
Fund Whitestone,2023-05-31,ETN,Equities,364633.0077,175.2000,63883702.9462,99439.1898
Fund Whitestone,2023-05-31,EVRG,Equities,41914.6863,57.2300,2398777.4961,-20962.8393
Fund Whitestone,2023-05-31,EXC,Equities,24823.3898,39.3000,975559.2197,11004.1906
Fund Whitestone,2023-05-31,FANG,Equities,96337.9451,126.4300,12180006.4032,-154916.2891
Fund Whitestone,2023-05-31,FAST,Equities,311321.3052,53.5300,16665029.4674,-785.2768
Fund Whitestone,2023-05-31,FCX,Equities,295340.3571,34.2100,10103593.6179,81707.9451
Fund Whitestone,2023-05-31,FR0000188799,Government Bond,3544.1316,209.6400,742991.7449,-36.1575
Fund Whitestone,2023-05-31,GB00B3MYD345,Government Bond,4141.9010,273.1100,1131194.5734,19.9527
Fund Whitestone,2023-05-31,GB00BL68HJ26,Government Bond,21887.6855,97.5700,2135581.4745,-148.2650
Fund Whitestone,2023-05-31,HON,Equities,159301.7788,190.5600,30356546.9728,180462.6315
Fund Whitestone,2023-05-31,HPQ,Equities,163624.1893,28.8100,4714012.8944,2207.9409
Fund Whitestone,2023-05-31,ILMN,Equities,323862.4924,196.6500,63687559.1378,-343560.6797
Fund Whitestone,2023-05-31,IT0003745541,Government Bond,5100.9119,179.7400,916837.9009,-165.6325
Fund Whitestone,2023-05-31,IT0004735152,Government Bond,5052.1516,140.8200,711443.9936,10.5566
Fund Whitestone,2023-05-31,JBHT,Equities,55638.2158,166.6300,9270995.8998,-70909.2028
Fund Whitestone,2023-05-31,JKHY,Equities,81393.1773,152.8900,12444202.8789,-46616.8765
Fund Whitestone,2023-05-31,JP1103571L10,Government Bond,6236827.5919,100.9700,629732481.9586,-7212.4921
Fund Whitestone,2023-05-31,LEN,Equities,120077.0783,106.8000,12824231.9594,16276.8417
Fund Whitestone,2023-05-31,LNT,Equities,293899.5134,51.0300,14997692.1677,5224.6894
Fund Whitestone,2023-05-31,MDLZ,Equities,327745.0880,73.0200,23931946.3283,5341.5586
Fund Whitestone,2023-05-31,MHK,Equities,1202.0319,92.0400,110635.0145,-1908.6106
Fund Whitestone,2023-05-31,MSFT,Equities,177852.8839,327.7000,58282390.0503,-403777.1862
Fund Whitestone,2023-05-31,MX0MG00000H9,Government Bond,3653359.7622,106.1300,387731071.5599,7610.4253
Fund Whitestone,2023-05-31,NEM,Equities,82794.1587,40.5500,3357303.1352,516.3507
Fund Whitestone,2023-05-31,NI,Equities,331664.6469,26.6500,8838862.8407,-13454.6397
Fund Whitestone,2023-05-31,NSC,Equities,337234.0251,206.9600,69793953.8313,-50245.8508
Fund Whitestone,2023-05-31,OXY,Equities,148280.7977,57.4900,8524663.0611,-9749.6853
Fund Whitestone,2023-05-31,PHM,Equities,12155.6093,65.9400,801540.8791,204.8685
Fund Whitestone,2023-05-31,RCL,Equities,128449.6272,80.9700,10400566.3104,10136.6403
Fund Whitestone,2023-05-31,SJM,Equities,162654.4464,145.5100,23667848.4939,91755.2212
Fund Whitestone,2023-05-31,SO,Equities,50031.1496,69.0300,3453650.2559,25855.5355
Fund Whitestone,2023-05-31,STT,Equities,33765.1251,67.4300,2276782.3875,-19863.8577
Fund Whitestone,2023-05-31,STZ,Equities,239504.7622,242.1700,58000868.2546,-427784.4845
Fund Whitestone,2023-05-31,SYK,Equities,292833.7384,274.8900,80497066.3351,989042.3851
Fund Whitestone,2023-05-31,T,Equities,328147.0941,15.4500,5069872.6035,-93348.7500
Fund Whitestone,2023-05-31,TMO,Equities,243139.4863,508.1200,123544035.7557,-993176.6512
Fund Whitestone,2023-05-31,TROW,Equities,3597.3984,105.9900,381288.2569,212.9557
Fund Whitestone,2023-05-31,TTWO,Equities,339669.9788,137.7300,46782746.1736,638435.8429
Fund Whitestone,2023-05-31,UDR,Equities,45252.8584,39.2900,1777984.8080,4617.8028
Fund Whitestone,2023-05-31,ULTA,Equities,359352.8130,409.8300,147273563.3357,-649290.0060
Fund Whitestone,2023-05-31,US912810FQ68,Government Bond,1548.8796,232.2700,359758.2740,-50.3272
Fund Whitestone,2023-05-31,US912810FS25,Government Bond,6021.4037,161.6800,973540.5565,0.0000
Fund Whitestone,2023-05-31,US912810SM18,Government Bond,4494.1056,130.3600,585851.6015,19.3141
Fund Whitestone,2023-05-31,VICI,Equities,196008.1435,30.5500,5988048.7827,-155960.3210
Fund Whitestone,2023-05-31,VRSK,Equities,218114.9726,218.7700,47717012.5613,-397262.3691
Fund Whitestone,2023-05-31,WEC,Equities,48888.1865,86.5700,4232250.3052,-23845.9160
Fund Whitestone,2023-05-31,XOM,Equities,364954.8058,101.3500,36988169.5666,83242.0186
Fund Whitestone,2023-06-30,ABC,Equities,167753.5693,191.9300,32196942.5518,-567076.2073
Fund Whitestone,2023-06-30,ADM,Equities,31818.8747,75.1600,2391506.6249,35094.6925
Fund Whitestone,2023-06-30,ALL,Equities,43085.7946,109.0400,4698075.0461,-10762.3588
Fund Whitestone,2023-06-30,AMD,Equities,255081.5299,113.9100,29056337.0679,53154.7293
Fund Whitestone,2023-06-30,AMT,Equities,278975.7639,193.9400,54104559.6507,15479.8900
Fund Whitestone,2023-06-30,AOS,Equities,352400.6935,72.1800,25436282.0552,178965.1590
Fund Whitestone,2023-06-30,APH,Equities,309289.8943,84.9500,26274176.5181,-658104.3750
Fund Whitestone,2023-06-30,ARE,Equities,314920.7571,113.4900,35740356.7256,47297.5568
Fund Whitestone,2023-06-30,ATVI,Equities,296870.4685,83.4000,24758997.0709,-281309.5249
Fund Whitestone,2023-06-30,AXP,Equities,142924.7437,173.6000,24811735.5040,94965.0848
Fund Whitestone,2023-06-30,AZO,Equities,102224.0480,2493.3600,254881352.3190,1711644.9631
Fund Whitestone,2023-06-30,BE0000304130,Government Bond,4437.0180,160.2900,711209.6109,267.8516
Fund Whitestone,2023-06-30,BSX,Equities,3538.3296,54.0900,191388.2485,2227.4191
Fund Whitestone,2023-06-30,CA135087VS05,Government Bond,1686.6810,206.6200,348502.0368,-4.9442
Fund Whitestone,2023-06-30,CA135087WV25,Government Bond,1688.3301,230.0900,388467.8787,105.0296
Fund Whitestone,2023-06-30,CA135087YK42,Government Bond,2444.8522,186.6100,456233.8765,126.7643
Fund Whitestone,2023-06-30,CEG,Equities,142277.1612,91.3100,12991327.5928,2653.4754
Fund Whitestone,2023-06-30,CHD,Equities,90270.2873,99.9500,9022515.2113,-14369.8799
Fund Whitestone,2023-06-30,CHRW,Equities,257631.7557,94.3500,24307556.1496,12434.8876
Fund Whitestone,2023-06-30,CI,Equities,52196.4015,280.6000,14646310.2527,41036.6872
Fund Whitestone,2023-06-30,CMA,Equities,84126.4077,42.3600,3563594.6294,24674.4495
Fund Whitestone,2023-06-30,CND100045210,Government Bond,34736.3773,101.8400,3537552.6626,2.7279
Fund Whitestone,2023-06-30,CSGP,Equities,336145.6614,89.0000,29916963.8623,-224006.2697
Fund Whitestone,2023-06-30,DD,Equities,125488.9396,71.1100,8923518.4975,-40787.6379
Fund Whitestone,2023-06-30,DE0001030559,Government Bond,6622.1062,135.8900,899878.0048,449.5185
Fund Whitestone,2023-06-30,DE0001030567,Government Bond,5700.4264,121.2400,691119.6908,284.9355
Fund Whitestone,2023-06-30,DK0009923807,Government Bond,97405.4445,104.6500,10193479.7632,1319.9447
Fund Whitestone,2023-06-30,ES00000128E2,Government Bond,2365.9194,150.4300,355905.2539,66.7359
Fund Whitestone,2023-06-30,ES0000012B39,Government Bond,30285.3158,108.1400,3275054.0550,1704.3845
Fund Whitestone,2023-06-30,ETN,Equities,363131.2832,200.3000,72735196.0242,188466.4232
Fund Whitestone,2023-06-30,EVRG,Equities,42468.5317,57.7900,2454256.4496,-1550.7673
Fund Whitestone,2023-06-30,EXC,Equities,23936.7539,40.3800,966566.1223,4787.8340
Fund Whitestone,2023-06-30,FANG,Equities,100577.3694,130.6200,13137415.9924,-88815.9386
Fund Whitestone,2023-06-30,FAST,Equities,310199.4813,58.6400,18190097.5806,28662.6019
Fund Whitestone,2023-06-30,FCX,Equities,284369.7476,39.8500,11332134.4415,309371.1894
Fund Whitestone,2023-06-30,FR0000188799,Government Bond,3465.2424,209.2000,724928.7078,-173.5562
Fund Whitestone,2023-06-30,GB00B3MYD345,Government Bond,4302.2051,272.3900,1171877.6507,577.0949
Fund Whitestone,2023-06-30,GB00BL68HJ26,Government Bond,22676.2108,97.1300,2202540.3557,1734.7557
Fund Whitestone,2023-06-30,HON,Equities,161896.9404,206.3700,33410671.5934,-205147.5237
Fund Whitestone,2023-06-30,HPQ,Equities,160371.4193,30.7100,4925006.2866,30901.3153
Fund Whitestone,2023-06-30,ILMN,Equities,331177.1180,187.4900,62092397.8480,335009.8494
Fund Whitestone,2023-06-30,IT0003745541,Government Bond,5106.4939,179.2200,915185.8286,14.5131
Fund Whitestone,2023-06-30,IT0004735152,Government Bond,5225.5072,140.3200,733243.1767,433.3890
Fund Whitestone,2023-06-30,JBHT,Equities,55411.1210,180.6600,10010573.1285,15930.6973
Fund Whitestone,2023-06-30,JKHY,Equities,81877.8072,167.3300,13700613.4768,-34990.2772
Fund Whitestone,2023-06-30,JP1103571L10,Government Bond,6216133.5217,101.0000,627829485.6884,3104.1105
Fund Whitestone,2023-06-30,LEN,Equities,116585.3756,124.9300,14565010.9694,316522.8502
Fund Whitestone,2023-06-30,LNT,Equities,293183.8025,52.0400,15257285.0823,3614.3399
Fund Whitestone,2023-06-30,MDLZ,Equities,332471.5581,72.9400,24250475.4472,1890.5880
Fund Whitestone,2023-06-30,MHK,Equities,1240.8071,103.1600,128001.6610,-2155.9023
Fund Whitestone,2023-06-30,MSFT,Equities,181848.1813,339.8200,61795648.9694,-242115.0231
Fund Whitestone,2023-06-30,MX0MG00000H9,Government Bond,3639490.2955,105.8500,385240047.7834,-19417.2533
Fund Whitestone,2023-06-30,NEM,Equities,81831.0595,42.6600,3490912.9979,10160.6966
Fund Whitestone,2023-06-30,NI,Equities,333660.1817,27.1100,9045527.5265,-4589.7300
Fund Whitestone,2023-06-30,NSC,Equities,338888.9177,225.4300,76395728.7256,-152829.3366
Fund Whitestone,2023-06-30,OXY,Equities,149380.2746,58.8000,8783560.1453,-7201.5734
Fund Whitestone,2023-06-30,PHM,Equities,11758.1935,77.6800,913376.4712,23328.3091
Fund Whitestone,2023-06-30,RCL,Equities,126623.2055,103.7400,13135891.3362,207938.1076
Fund Whitestone,2023-06-30,SJM,Equities,158014.4656,146.5800,23161760.3694,24823.8972
Fund Whitestone,2023-06-30,SO,Equities,49397.2170,69.5300,3434588.4969,1584.8315
Fund Whitestone,2023-06-30,STT,Equities,34025.5593,73.1800,2489990.4319,-7487.4833
Fund Whitestone,2023-06-30,STZ,Equities,236545.2826,245.3200,58029288.7287,46611.8031
Fund Whitestone,2023-06-30,SYK,Equities,291611.0505,305.0900,88967615.3993,184625.8643
Fund Whitestone,2023-06-30,T,Equities,347053.9407,15.6700,5438335.2502,-20797.5312
Fund Whitestone,2023-06-30,TMO,Equities,242169.0185,521.7500,126351685.4272,66137.3742
Fund Whitestone,2023-06-30,TROW,Equities,3562.9718,112.0200,399124.1016,1037.9620
Fund Whitestone,2023-06-30,TTWO,Equities,341466.4432,147.1600,50250201.7880,-84703.3008
Fund Whitestone,2023-06-30,UDR,Equities,45007.0404,42.5400,1914599.5004,3994.5424
Fund Whitestone,2023-06-30,ULTA,Equities,351804.5697,470.6000,165559230.5178,2293533.7038
Fund Whitestone,2023-06-30,US912810FQ68,Government Bond,1491.1197,231.7200,345522.2461,-158.8400
Fund Whitestone,2023-06-30,US912810FS25,Government Bond,6224.0471,161.0500,1002382.7909,638.3267
Fund Whitestone,2023-06-30,US912810SM18,Government Bond,4343.8848,130.2000,565573.7966,-120.1766
Fund Whitestone,2023-06-30,VICI,Equities,203627.8974,31.4300,6400024.8145,-33526.9172
Fund Whitestone,2023-06-30,VRSK,Equities,214710.7256,226.0300,48531065.2986,123574.1684
Fund Whitestone,2023-06-30,WEC,Equities,49559.8072,87.4500,4334005.1367,-2955.1309
Fund Whitestone,2023-06-30,XOM,Equities,346862.6012,106.3800,36899243.5209,455018.9442
Fund Whitestone,2023-07-31,ABC,Equities,160822.9513,186.4100,29979006.3557,-191285.0557
Fund Whitestone,2023-07-31,ADM,Equities,31890.6270,84.5100,2695076.8889,-3354.4191
Fund Whitestone,2023-07-31,ALL,Equities,41720.2062,112.6800,4701032.8345,24853.7094
Fund Whitestone,2023-07-31,AMD,Equities,252889.5823,114.4000,28930568.2123,5370.2716
Fund Whitestone,2023-07-31,AMT,Equities,279482.3785,190.3100,53188291.4491,9195.0547
Fund Whitestone,2023-07-31,AOS,Equities,362224.7161,72.3200,26196091.4676,-6876.8158
Fund Whitestone,2023-07-31,APH,Equities,309411.1725,88.3100,27324100.6464,-2037.4748
Fund Whitestone,2023-07-31,ARE,Equities,330054.6900,125.6800,41481273.4450,-922413.2118
Fund Whitestone,2023-07-31,ATVI,Equities,286101.9491,91.7700,26255575.8689,450662.5359
Fund Whitestone,2023-07-31,AXP,Equities,140598.7135,168.8800,23744310.7434,-54894.3114
Fund Whitestone,2023-07-31,AZO,Equities,101084.3464,2481.7200,250863044.0961,-66330.6343
Fund Whitestone,2023-07-31,BE0000304130,Government Bond,4484.3555,160.4000,719290.6247,-26.0356
Fund Whitestone,2023-07-31,BSX,Equities,3631.4626,51.8500,188291.3367,1043.0897
Fund Whitestone,2023-07-31,CA135087VS05,Government Bond,1740.7578,206.8100,360006.1285,-51.3730
Fund Whitestone,2023-07-31,CA135087WV25,Government Bond,1689.6563,230.7100,389820.5950,-4.1110
Fund Whitestone,2023-07-31,CA135087YK42,Government Bond,2343.6231,187.0400,438351.2600,217.6427
Fund Whitestone,2023-07-31,CEG,Equities,142997.9455,96.3900,13783571.9675,-18307.9204
Fund Whitestone,2023-07-31,CHD,Equities,87474.9682,95.4000,8345111.9674,-63593.5083
Fund Whitestone,2023-07-31,CHRW,Equities,253762.0852,100.1800,25421885.6922,112800.8958
Fund Whitestone,2023-07-31,CI,Equities,53463.7835,295.1000,15777162.5093,-91885.1967
Fund Whitestone,2023-07-31,CMA,Equities,86596.4256,53.9600,4672743.1234,-143261.0372
Fund Whitestone,2023-07-31,CND100045210,Government Bond,35073.9547,101.8100,3570879.3301,50.6366
Fund Whitestone,2023-07-31,CSGP,Equities,332807.3684,83.9700,27945834.7267,-83958.0677
Fund Whitestone,2023-07-31,DD,Equities,127193.4791,77.6300,9874029.7802,-55567.9855
Fund Whitestone,2023-07-31,DE0001030559,Government Bond,6640.8200,135.9900,903085.1059,-9.3569
Fund Whitestone,2023-07-31,DE0001030567,Government Bond,5679.8369,121.3800,689418.5994,14.4126
Fund Whitestone,2023-07-31,DK0009923807,Government Bond,95595.9964,104.6200,10001253.1470,-271.4172
Fund Whitestone,2023-07-31,ES00000128E2,Government Bond,2303.9385,150.4900,346719.7050,18.5943
Fund Whitestone,2023-07-31,ES0000012B39,Government Bond,29100.0445,108.1100,3146005.8140,-177.7907
Fund Whitestone,2023-07-31,ETN,Equities,354871.7985,204.5100,72574831.5144,173862.1525
Fund Whitestone,2023-07-31,EVRG,Equities,41293.1956,59.3200,2449512.3616,8991.3217
Fund Whitestone,2023-07-31,EXC,Equities,24823.3898,41.4900,1029922.4434,-4920.8293
Fund Whitestone,2023-07-31,FANG,Equities,98318.9845,146.4900,14402748.0417,179202.8414
Fund Whitestone,2023-07-31,FAST,Equities,311412.2639,58.6100,18251872.7871,181.9174
Fund Whitestone,2023-07-31,FCX,Equities,283186.0766,44.6500,12644258.3185,28408.1047
Fund Whitestone,2023-07-31,FR0000188799,Government Bond,3443.7901,209.3100,720819.6985,11.7988
Fund Whitestone,2023-07-31,GB00B3MYD345,Government Bond,4359.3348,273.0200,1190185.5820,-179.9585
Fund Whitestone,2023-07-31,GB00BL68HJ26,Government Bond,21558.9482,97.4700,2101350.6803,1899.3464
Fund Whitestone,2023-07-31,HON,Equities,162482.4342,193.0700,31370483.5687,38935.3359
Fund Whitestone,2023-07-31,HPQ,Equities,165611.9932,32.8300,5437041.7378,-55550.0837
Fund Whitestone,2023-07-31,ILMN,Equities,327966.6262,192.1500,63018787.2281,74804.4578
Fund Whitestone,2023-07-31,IT0003745541,Government Bond,5057.2710,179.3400,906970.9755,29.5337
Fund Whitestone,2023-07-31,IT0004735152,Government Bond,5307.7865,140.4200,745319.3767,-41.1396
Fund Whitestone,2023-07-31,JBHT,Equities,55553.0553,203.5200,11306157.8090,-16223.0818
Fund Whitestone,2023-07-31,JKHY,Equities,82617.0731,167.5700,13844142.9400,-887.1191
Fund Whitestone,2023-07-31,JP1103571L10,Government Bond,5950762.5028,100.9500,600729474.6601,-66342.7547
Fund Whitestone,2023-07-31,LEN,Equities,116339.3160,126.8300,14755315.4456,2337.5661
Fund Whitestone,2023-07-31,LNT,Equities,283450.1346,53.7400,15232610.2342,82736.1771
Fund Whitestone,2023-07-31,MDLZ,Equities,328457.2959,74.1300,24348539.3415,23884.8603
Fund Whitestone,2023-07-31,MHK,Equities,1218.0976,106.3400,129532.5019,361.0807
Fund Whitestone,2023-07-31,MSFT,Equities,179468.7597,335.2100,60159722.9493,-54845.6672
Fund Whitestone,2023-07-31,MX0MG00000H9,Government Bond,3640557.1776,105.8900,385498599.5353,-213.3764
Fund Whitestone,2023-07-31,NEM,Equities,82154.7903,42.9200,3526083.6004,-420.8501
Fund Whitestone,2023-07-31,NI,Equities,332916.0840,27.8400,9268383.7786,2715.9567
Fund Whitestone,2023-07-31,NSC,Equities,329323.6382,232.2200,76475535.2619,324741.2404
Fund Whitestone,2023-07-31,OXY,Equities,147166.4631,63.1300,9290618.8136,47929.0192
Fund Whitestone,2023-07-31,PHM,Equities,11781.1446,84.3900,994210.7900,-770.0083
Fund Whitestone,2023-07-31,RCL,Equities,130810.9295,109.1100,14272780.5131,-112440.3889
Fund Whitestone,2023-07-31,SJM,Equities,154857.3653,149.5400,23157370.4054,46725.0848
Fund Whitestone,2023-07-31,SO,Equities,49412.0748,71.6000,3537904.5542,-153.7782
Fund Whitestone,2023-07-31,STT,Equities,33379.5472,72.4400,2418014.4007,-2390.2448
Fund Whitestone,2023-07-31,STZ,Equities,238084.2120,271.9000,64735097.2370,-204523.7137
Fund Whitestone,2023-07-31,SYK,Equities,282440.8917,283.4100,80046573.1128,-994045.2162
Fund Whitestone,2023-07-31,T,Equities,328350.0298,14.5200,4767642.4329,-107547.4874
Fund Whitestone,2023-07-31,TMO,Equities,243487.8593,548.6600,133592048.8712,-177450.0202
Fund Whitestone,2023-07-31,TROW,Equities,3618.4167,123.2600,446006.0485,-3116.0058
Fund Whitestone,2023-07-31,TTWO,Equities,351554.2823,152.9400,53766711.9383,-291538.5493
Fund Whitestone,2023-07-31,UDR,Equities,45404.8187,40.8800,1856148.9866,3301.5592
Fund Whitestone,2023-07-31,ULTA,Equities,349370.7904,444.8000,155400127.5604,-313957.5371
Fund Whitestone,2023-07-31,US912810FQ68,Government Bond,1511.7916,231.8200,350463.5400,-10.3360
Fund Whitestone,2023-07-31,US912810FS25,Government Bond,6066.9831,161.2300,978179.6859,141.3576
Fund Whitestone,2023-07-31,US912810SM18,Government Bond,4566.5335,130.1900,594516.9899,11.1324
Fund Whitestone,2023-07-31,VICI,Equities,200539.8918,31.4800,6312995.7952,772.0014
Fund Whitestone,2023-07-31,VRSK,Equities,227531.9158,228.9400,52091156.8041,-186548.3180
Fund Whitestone,2023-07-31,WEC,Equities,49583.9662,89.0600,4415948.0283,-194.4801
Fund Whitestone,2023-07-31,XOM,Equities,357732.2261,106.3700,38051976.8914,543.4812
Fund Whitestone,2023-08-31,ABC,Equities,160366.3459,179.5400,28792173.7433,-15684.3961
Fund Whitestone,2023-08-31,ADM,Equities,32921.2507,78.1200,2571808.1025,32928.4259
Fund Whitestone,2023-08-31,ALL,Equities,41187.4999,105.2100,4333336.8621,-19896.5811
Fund Whitestone,2023-08-31,AMD,Equities,258751.7677,103.7100,26835145.8296,313333.8117
Fund Whitestone,2023-08-31,AMT,Equities,279735.6858,173.4900,48531344.1250,21303.1432
Fund Whitestone,2023-08-31,AOS,Equities,364030.6026,71.4500,26009986.5557,7855.6063
Fund Whitestone,2023-08-31,APH,Equities,300709.4570,85.8500,25815906.8876,-107031.1005
Fund Whitestone,2023-08-31,ARE,Equities,328865.8248,112.9100,37132240.2812,-75909.0442
Fund Whitestone,2023-08-31,ATVI,Equities,284456.3577,82.9800,23604188.5592,-72323.7435
Fund Whitestone,2023-08-31,AXP,Equities,143597.3307,154.0100,22115424.9036,222947.1867
Fund Whitestone,2023-08-31,AZO,Equities,100499.0942,2451.6900,246392624.2493,-87875.6153
Fund Whitestone,2023-08-31,BE0000304130,Government Bond,4263.8853,160.3400,683671.3682,-66.1411
Fund Whitestone,2023-08-31,BSX,Equities,3705.7516,52.4400,194329.6136,-219.1525
Fund Whitestone,2023-08-31,CA135087VS05,Government Bond,1763.5903,206.6600,364463.5639,17.1243
Fund Whitestone,2023-08-31,CA135087WV25,Government Bond,1629.1515,230.4500,375437.9734,-78.6561
Fund Whitestone,2023-08-31,CA135087YK42,Government Bond,2399.0352,186.6200,447707.9581,116.3656
Fund Whitestone,2023-08-31,CEG,Equities,139973.4782,106.5600,14915573.8358,153794.1632
Fund Whitestone,2023-08-31,CHD,Equities,89273.8486,98.4400,8788117.6568,-27342.9820
Fund Whitestone,2023-08-31,CHRW,Equities,263657.0145,100.5500,26510712.8075,-18305.6193
Fund Whitestone,2023-08-31,CI,Equities,52471.6935,282.3100,14813283.7829,-63444.1572
Fund Whitestone,2023-08-31,CMA,Equities,85670.1689,44.6300,3823459.6361,-43209.8753
Fund Whitestone,2023-08-31,CND100045210,Government Bond,34821.6241,101.8200,3545537.7670,12.6165
Fund Whitestone,2023-08-31,CSGP,Equities,348613.1636,87.2000,30399067.8668,-255263.5922
Fund Whitestone,2023-08-31,DD,Equities,127641.3872,74.1000,9458226.7946,7905.5792
Fund Whitestone,2023-08-31,DE0001030559,Government Bond,6393.6687,135.9900,869475.0004,0.0000
Fund Whitestone,2023-08-31,DE0001030567,Government Bond,5548.8649,121.4800,674076.1081,65.4860
Fund Whitestone,2023-08-31,DK0009923807,Government Bond,93119.9097,104.6100,9741273.7493,-123.8043
Fund Whitestone,2023-08-31,ES00000128E2,Government Bond,2419.8570,150.3900,363922.2881,57.9592
Fund Whitestone,2023-08-31,ES0000012B39,Government Bond,28826.7489,108.1400,3117324.6248,40.9943
Fund Whitestone,2023-08-31,ETN,Equities,357767.9815,232.3700,83134545.8508,-403438.2835
Fund Whitestone,2023-08-31,EVRG,Equities,42159.9003,56.3900,2377396.7782,12697.2243
Fund Whitestone,2023-08-31,EXC,Equities,23651.6775,40.2600,952216.5360,-7206.0308
Fund Whitestone,2023-08-31,FANG,Equities,97229.4129,150.4400,14627192.8700,21519.0403
Fund Whitestone,2023-08-31,FAST,Equities,304378.1246,57.2900,17437822.7556,-46425.3197
Fund Whitestone,2023-08-31,FCX,Equities,289219.9118,36.3700,10518928.1927,249800.7795
Fund Whitestone,2023-08-31,FR0000188799,Government Bond,3407.4595,209.3100,713215.3512,0.0000
Fund Whitestone,2023-08-31,GB00B3MYD345,Government Bond,4165.3497,272.8500,1136515.6691,-164.8873
Fund Whitestone,2023-08-31,GB00BL68HJ26,Government Bond,21936.5519,97.5800,2140568.7304,-207.6820
Fund Whitestone,2023-08-31,HON,Equities,155947.0577,190.4800,29704795.5592,-84633.1249
Fund Whitestone,2023-08-31,HPQ,Equities,166318.4029,31.3400,5212418.7464,5262.7519
Fund Whitestone,2023-08-31,ILMN,Equities,325715.9722,140.4700,45753322.6163,-581568.9961
Fund Whitestone,2023-08-31,IT0003745541,Government Bond,5147.0900,179.3300,923027.6586,4.4910
Fund Whitestone,2023-08-31,IT0004735152,Government Bond,5244.1365,140.5500,737063.3857,41.3725
Fund Whitestone,2023-08-31,JBHT,Equities,57494.7155,187.7100,10792333.0383,153488.2376
Fund Whitestone,2023-08-31,JKHY,Equities,81541.0305,164.3700,13402899.1822,-17216.6818
Fund Whitestone,2023-08-31,JP1103571L10,Government Bond,5913634.9062,101.0500,597572807.2666,18563.7983
Fund Whitestone,2023-08-31,LEN,Equities,119866.1701,115.6500,13862522.5668,197151.1428
Fund Whitestone,2023-08-31,LNT,Equities,284938.8132,51.2000,14588867.2376,18906.2185
Fund Whitestone,2023-08-31,MDLZ,Equities,322986.2449,77.4100,25002365.2174,89725.2357
Fund Whitestone,2023-08-31,MHK,Equities,1180.5304,102.3900,120874.5034,-741.9536
Fund Whitestone,2023-08-31,MSFT,Equities,180889.3099,345.3600,62471932.0745,-72092.9222
Fund Whitestone,2023-08-31,MX0MG00000H9,Government Bond,3473412.3233,105.8400,367625960.2974,-41786.2136
Fund Whitestone,2023-08-31,NEM,Equities,82057.6711,37.7500,3097677.0828,-2510.5326
Fund Whitestone,2023-08-31,NI,Equities,344720.1796,26.7000,9204028.7963,67283.3451
Fund Whitestone,2023-08-31,NSC,Equities,339252.9941,207.6600,70449276.7593,1219324.9077
Fund Whitestone,2023-08-31,OXY,Equities,149008.8297,61.1400,9110399.8476,18331.5479
Fund Whitestone,2023-08-31,PHM,Equities,11969.5849,80.7900,967022.7640,3391.9260
Fund Whitestone,2023-08-31,RCL,Equities,129949.9021,106.0400,13779887.6184,-13216.7700
Fund Whitestone,2023-08-31,SJM,Equities,155845.9523,147.5500,22995070.2558,9836.4403
Fund Whitestone,2023-08-31,SO,Equities,48733.5688,68.5300,3339711.4692,-10415.0669
Fund Whitestone,2023-08-31,STT,Equities,33707.6267,65.6200,2211894.4621,11187.5092
Fund Whitestone,2023-08-31,STZ,Equities,233585.8030,263.8300,61626942.4163,-181510.8006
Fund Whitestone,2023-08-31,SYK,Equities,299180.0705,274.7800,82208699.7683,722295.5652
Fund Whitestone,2023-08-31,T,Equities,342995.2258,13.5500,4647585.3100,71029.2007
Fund Whitestone,2023-08-31,TMO,Equities,251998.1146,519.6300,130945780.2653,1235263.5533
Fund Whitestone,2023-08-31,TROW,Equities,3572.3938,109.0600,389605.2702,-3267.6278
Fund Whitestone,2023-08-31,TTWO,Equities,352625.2515,140.4600,49529742.8311,66828.4791
Fund Whitestone,2023-08-31,UDR,Equities,43406.9888,38.8800,1687663.7228,-19978.2990
Fund Whitestone,2023-08-31,ULTA,Equities,361433.8707,400.7600,144848238.0106,2656290.2807
Fund Whitestone,2023-08-31,US912810FQ68,Government Bond,1486.7117,231.8000,344619.7615,-2.5080
Fund Whitestone,2023-08-31,US912810FS25,Government Bond,6009.0850,161.6000,971068.1346,107.1115
Fund Whitestone,2023-08-31,US912810SM18,Government Bond,4583.9698,130.0000,595916.0731,16.5645
Fund Whitestone,2023-08-31,VICI,Equities,196068.2994,30.9300,6064392.5009,-12296.8792
Fund Whitestone,2023-08-31,VRSK,Equities,216434.9546,232.1000,50234552.9612,175331.9871
Fund Whitestone,2023-08-31,WEC,Equities,47361.3366,84.1200,3984035.6376,-54898.9499
Fund Whitestone,2023-08-31,XOM,Equities,361021.7178,107.0000,38629323.8094,-10361.8990
Leeder,2022-08-31,AAP,Equities,15573.4752,162.7800,2535050.2908,17416.5744
Leeder,2022-08-31,ABC,Equities,181144.1061,144.8700,26242346.6526,116410.8719
Leeder,2022-08-31,ALL,Equities,129505.7410,117.9400,15273907.0961,-45584.4787
Leeder,2022-08-31,APD,Equities,141800.5899,246.3500,34932575.3103,30865.5596
Leeder,2022-08-31,AVGO,Equities,141800.5899,484.7700,68740671.9431,-347732.5041
Leeder,2022-08-31,AZO,Equities,131964.7108,2119.2100,279660934.7494,-1391492.0395
Leeder,2022-08-31,BA,Equities,79506.6891,160.2500,12740946.9296,13668.5393
Leeder,2022-08-31,BBY,Equities,9016.2225,67.4500,608144.2060,-4147.4931
Leeder,2022-08-31,C,Equities,86883.5984,46.7200,4059201.7176,211.5091
Leeder,2022-08-31,CDW,Equities,55736.6480,168.6000,9397198.8587,26735.3993
Leeder,2022-08-31,CFG,Equities,160652.6914,34.9700,5618024.6181,-9865.2137
Leeder,2022-08-31,CHD,Equities,43441.7992,82.6700,3591333.5402,12198.6786
Leeder,2022-08-31,CHTR,Equities,227044.8751,412.6300,93685526.8054,167974.6065
Leeder,2022-08-31,COST,Equities,55736.6480,518.1900,28882173.6451,10394.1858
Leeder,2022-08-31,CRM,Equities,42622.1426,156.1200,6654168.9050,10904.0258
Leeder,2022-08-31,DOV,Equities,178685.1363,123.6300,22090843.4065,26414.2004
Leeder,2022-08-31,EG,Equities,52458.0217,265.2000,13911867.3495,35003.1003
Leeder,2022-08-31,EIX,Equities,41802.4860,64.8400,2710473.1939,916.6754
Leeder,2022-08-31,EMR,Equities,181963.7627,79.8400,14527986.8141,-29843.0744
Leeder,2022-08-31,EQT,Equities,111473.2961,47.0200,5241474.3812,14917.6236
Leeder,2022-08-31,EXR,Equities,181144.1061,189.9100,34401077.1919,-84026.5925
Leeder,2022-08-31,FICO,Equities,207373.1170,449.4000,93193478.7586,-359749.2506
Leeder,2022-08-31,FSLR,Equities,159833.0348,127.5500,20386703.5894,-188580.0638
Leeder,2022-08-31,FTV,Equities,61474.2442,63.1300,3880869.0336,-11767.6168
Leeder,2022-08-31,GOOG,Equities,119669.8620,109.1500,13061965.4326,24123.1669
Leeder,2022-08-31,HCA,Equities,93440.8511,195.9900,18313472.4104,-188105.2420
Leeder,2022-08-31,HOLX,Equities,91801.5379,67.5600,6202111.9032,15750.9975
Leeder,2022-08-31,ILMN,Equities,22950.3845,201.6400,4627715.5275,-9821.1292
Leeder,2022-08-31,INTC,Equities,120489.5185,30.8800,3720716.3327,-6553.4818
Leeder,2022-08-31,IP,Equities,173767.1968,39.4700,6858591.2583,14307.5174
Leeder,2022-08-31,IR,Equities,152456.1255,47.3100,7212699.2977,9859.7459
Leeder,2022-08-31,IT,Equities,77867.3759,285.3200,22217119.7006,-32629.1657
Leeder,2022-08-31,J,Equities,95899.8209,123.5200,11845545.8755,-16864.5667
Leeder,2022-08-31,KEY,Equities,158193.7216,16.9500,2681383.5816,-15917.5447
Leeder,2022-08-31,KR,Equities,158193.7216,46.8700,7414539.7327,-36220.9354
Leeder,2022-08-31,LMT,Equities,53277.6783,412.1200,21956796.7680,109423.1386
Leeder,2022-08-31,LNC,Equities,15573.4752,43.2500,673552.8018,590.4512
Leeder,2022-08-31,MA,Equities,109833.9829,322.3500,35404984.3852,-20637.2791
Leeder,2022-08-31,MGM,Equities,208192.7735,32.6400,6795412.1284,4111.5933
Leeder,2022-08-31,MS,Equities,166390.2875,82.2500,13685601.1482,-9845.4289
Leeder,2022-08-31,MSCI,Equities,127046.7713,444.5300,56476101.2263,-1281.9225
Leeder,2022-08-31,MSFT,Equities,118030.5488,258.9700,30566371.2174,-6348.8714
Leeder,2022-08-31,MTB,Equities,3278.6264,177.1000,580644.7275,-1920.3667
Leeder,2022-08-31,NI,Equities,79506.6891,28.4600,2262760.3720,4111.2533
Leeder,2022-08-31,ODFL,Equities,131964.7108,270.1700,35652905.9136,-62939.1191
Leeder,2022-08-31,OXY,Equities,210651.7433,70.3000,14808817.5545,41078.0697
Leeder,2022-08-31,PARA,Equities,93440.8511,22.5200,2104287.9672,9185.0654
Leeder,2022-08-31,PAYX,Equities,67211.8403,119.8000,8051978.4652,1124.4207
Leeder,2022-08-31,PCAR,Equities,120489.5185,55.9800,6745003.2482,30683.3388
Leeder,2022-08-31,PPL,Equities,120489.5185,28.1300,3389370.1567,7706.7492
Leeder,2022-08-31,PRU,Equities,227864.5317,90.8700,20706049.9930,29815.1476
Leeder,2022-08-31,REGN,Equities,120489.5185,581.0600,70011639.6462,-90631.6994
Leeder,2022-08-31,RHI,Equities,124587.8015,75.0700,9352806.2578,19677.3757
Leeder,2022-08-31,SEDG,Equities,186062.0456,275.9700,51347542.7368,-138341.1907
Leeder,2022-08-31,SHW,Equities,138521.9635,229.7700,31828191.5530,27904.4577
Leeder,2022-08-31,TJX,Equities,87703.2550,61.3600,5381471.7265,53.5535
Leeder,2022-08-31,TPR,Equities,68851.1535,33.6700,2318218.3368,-8493.5417
Leeder,2022-08-31,TRMB,Equities,168849.2573,63.2500,10679715.5231,3781.8823
Leeder,2022-08-31,TSN,Equities,230323.5014,73.5600,16942596.7658,-1605.5971
Leeder,2022-08-31,VLO,Equities,110653.6395,113.5000,12559188.0811,-27642.4183
Leeder,2022-08-31,VRSK,Equities,8196.5659,185.8900,1523659.6328,192.8566
Leeder,2022-08-31,WEC,Equities,122948.4883,99.7200,12260423.2545,167.6885
Leeder,2022-08-31,WRK,Equities,124587.8015,39.2300,4887579.4524,-10475.6786
Leeder,2022-08-31,WST,Equities,146718.5294,295.9300,43418414.4011,-29064.9283
Leeder,2022-08-31,WTW,Equities,126227.1147,203.8200,25727610.5114,96392.0707
Leeder,2022-08-31,XEL,Equities,45081.1124,72.0800,3249446.5804,-6341.5775
Leeder,2022-09-30,AAP,Equities,15394.3802,152.2500,2343794.3887,-9429.3499
Leeder,2022-09-30,ABC,Equities,184857.5603,133.7700,24728395.8398,206096.7067
Leeder,2022-09-30,ALL,Equities,127550.2043,121.8900,15547094.4061,38621.8496
Leeder,2022-09-30,APD,Equities,141332.6479,228.7000,32322776.5762,-41295.8768
Leeder,2022-09-30,AVGO,Equities,143218.5958,434.8700,62281470.7345,353792.4717
Leeder,2022-09-30,AZO,Equities,128230.1095,2141.9300,274659918.3832,424250.7094
Leeder,2022-09-30,BA,Equities,78043.7660,121.0800,9449539.1908,-286513.4851
Leeder,2022-09-30,BBY,Equities,8784.5056,61.1800,537436.0501,-7264.3254
Leeder,2022-09-30,C,Equities,84728.8852,39.8900,3379835.2293,-73583.4572
Leeder,2022-09-30,CDW,Equities,56450.0771,154.1600,8702343.8903,51509.5806
Leeder,2022-09-30,CFG,Equities,163689.0273,32.7500,5360815.6428,33703.3281
Leeder,2022-09-30,CHD,Equities,44606.0394,70.5600,3147402.1416,70494.7452
Leeder,2022-09-30,CHTR,Equities,226863.2392,303.3500,68818963.6061,-99245.8558
Leeder,2022-09-30,COST,Equities,54382.2475,468.7300,25490590.8648,-334943.2553
Leeder,2022-09-30,CRM,Equities,42068.0548,143.8400,6051068.9968,-34020.9942
Leeder,2022-09-30,DOV,Equities,176219.2815,115.3400,20325131.9242,-102209.6848
Leeder,2022-09-30,EG,Equities,52589.1667,258.6800,13603765.6507,4275.3288
Leeder,2022-09-30,EIX,Equities,42634.3555,54.7600,2334657.3071,41926.2214
Leeder,2022-09-30,EMR,Equities,180307.8925,71.5200,12895620.4688,-68884.2020
Leeder,2022-09-30,EQT,Equities,110057.5852,40.0900,4412208.5910,-49054.3813
Leeder,2022-09-30,EXR,Equities,178245.8004,166.3300,29647623.9831,-341710.2418
Leeder,2022-09-30,FICO,Equities,205299.3858,412.0100,84585399.9366,-387684.0421
Leeder,2022-09-30,FSLR,Equities,163988.6937,132.2700,21690784.5171,-98073.5502
Leeder,2022-09-30,FTV,Equities,61013.1873,58.1100,3545476.3154,-11572.5265
Leeder,2022-09-30,GOOG,Equities,121177.7022,96.1500,11651236.0682,98009.6169
Leeder,2022-09-30,HCA,Equities,92057.9265,182.5400,16804253.9071,-93001.6791
Leeder,2022-09-30,HOLX,Equities,92857.2556,64.5200,5991150.1330,16046.9088
Leeder,2022-09-30,ILMN,Equities,22961.8597,190.7900,4380893.2078,622.5292
Leeder,2022-09-30,INTC,Equities,120477.4696,24.9300,3003503.3170,-358.4563
Leeder,2022-09-30,IP,Equities,176252.0677,30.0600,5298137.1559,116913.1765
Leeder,2022-09-30,IR,Equities,151754.8273,43.2000,6555808.5406,-14411.6775
Leeder,2022-09-30,IT,Equities,78817.3579,276.6900,21807974.7621,40991.7227
Leeder,2022-09-30,J,Equities,95573.7615,107.7900,10301895.7513,-25644.5711
Leeder,2022-09-30,KEY,Equities,153969.9493,15.3500,2363438.7212,-33790.1789
Leeder,2022-09-30,KR,Equities,154539.4467,42.7800,6611197.5280,-74729.9231
Leeder,2022-09-30,LMT,Equities,54577.6536,378.9400,20681656.0621,215665.9105
Leeder,2022-09-30,LNC,Equities,15550.1150,41.2400,641286.7415,-234.7701
Leeder,2022-09-30,MA,Equities,110284.3022,282.5700,31163035.2788,89568.5147
Leeder,2022-09-30,MGM,Equities,204715.9542,29.7200,6084158.1595,-50761.5620
Leeder,2022-09-30,MS,Equities,171298.8010,76.2500,13061533.5760,147255.4045
Leeder,2022-09-30,MSCI,Equities,124264.4470,417.3700,51864252.2299,-377839.6386
Leeder,2022-09-30,MSFT,Equities,117263.3502,230.6700,27049136.9935,-108558.5972
Leeder,2022-09-30,MTB,Equities,3336.6580,171.7800,573171.1184,1543.6429
Leeder,2022-09-30,NI,Equities,79753.1598,24.2900,1937204.2526,5138.9149
Leeder,2022-09-30,ODFL,Equities,129510.1672,247.9100,32106865.5425,-273190.7050
Leeder,2022-09-30,OXY,Equities,213411.2811,60.9600,13009551.6986,128870.4170
Leeder,2022-09-30,PARA,Equities,92282.1846,18.5300,1709988.8800,-23115.3977
Leeder,2022-09-30,PAYX,Equities,65665.9680,108.9900,7156933.8470,-83554.3992
Leeder,2022-09-30,PCAR,Equities,119152.0849,53.5400,6379402.6250,-16316.6906
Leeder,2022-09-30,PPL,Equities,121079.9172,24.7100,2991884.7537,10095.8168
Leeder,2022-09-30,PRU,Equities,234267.5250,81.4000,19069376.5359,303181.7346
Leeder,2022-09-30,REGN,Equities,123224.6306,688.8700,84885751.2929,-1474362.1619
Leeder,2022-09-30,RHI,Equities,126244.8192,74.6100,9419125.9642,3811.1408
Leeder,2022-09-30,SEDG,Equities,185020.0982,231.4600,42824751.9270,-231885.4062
Leeder,2022-09-30,SHW,Equities,140973.8023,202.6900,28573979.9785,331978.9673
Leeder,2022-09-30,TJX,Equities,87492.7672,61.1400,5349307.7856,-231.5366
Leeder,2022-09-30,TPR,Equities,66806.2742,27.8100,1857882.4854,-59914.9622
Leeder,2022-09-30,TRMB,Equities,171061.1826,54.2700,9283490.3771,99315.4446
Leeder,2022-09-30,TSN,Equities,228250.5899,64.3400,14685642.9558,-95561.2207
Leeder,2022-09-30,VLO,Equities,113121.2156,103.5400,11712570.6675,122885.2928
Leeder,2022-09-30,VRSK,Equities,8012.9628,169.6600,1359479.2706,-14899.3896
Leeder,2022-09-30,WEC,Equities,126550.8790,86.4700,10942854.5088,238658.3844
Leeder,2022-09-30,WRK,Equities,124027.1564,29.8500,3702210.6180,-26294.2555
Leeder,2022-09-30,WST,Equities,147950.9650,245.4500,36314564.3672,311066.7573
Leeder,2022-09-30,WTW,Equities,125242.5432,198.8100,24899470.0081,-24663.5159
Leeder,2022-09-30,XEL,Equities,43791.7926,62.5400,2738738.7071,-61500.5551
Leeder,2022-10-31,AAP,Equities,15160.7781,184.9600,2804137.5162,38205.6280
Leeder,2022-10-31,ABC,Equities,177358.1943,155.4000,27561463.3935,811056.4322
Leeder,2022-10-31,ALL,Equities,128094.1284,123.5700,15828591.4519,-4568.9625
Leeder,2022-10-31,APD,Equities,139772.8414,246.0700,34393903.0878,135469.1935
Leeder,2022-10-31,AVGO,Equities,138610.0766,460.4500,63823009.7619,589429.6019
Leeder,2022-10-31,AZO,Equities,134221.3073,2532.8800,339966464.9421,-11711294.0360
Leeder,2022-10-31,BA,Equities,79625.9491,142.5100,11347494.0122,-169530.9206
Leeder,2022-10-31,BBY,Equities,8763.7682,66.0800,579109.8058,508.0641
Leeder,2022-10-31,C,Equities,84746.2619,43.9000,3720360.8968,-348.4032
Leeder,2022-10-31,CDW,Equities,54655.3571,170.6800,9328576.3435,148243.8775
Leeder,2022-10-31,CFG,Equities,158612.4022,38.9900,6184297.5623,158390.7015
Leeder,2022-10-31,CHD,Equities,42173.2987,73.2100,3087507.1954,32233.8150
Leeder,2022-10-31,CHTR,Equities,220619.5051,367.6200,81104142.4715,2006423.9417
Leeder,2022-10-31,COST,Equities,56154.6729,498.6400,28000966.0924,-265066.2197
Leeder,2022-10-31,CRM,Equities,42230.0189,162.5900,6866178.7734,-15184.1383
Leeder,2022-10-31,DOV,Equities,179399.8769,129.2900,23194610.0834,-221846.5310
Leeder,2022-10-31,EG,Equities,52358.3514,318.0400,16652050.0915,68505.9797
Leeder,2022-10-31,EIX,Equities,42751.4025,58.1100,2484283.9969,-1960.5366
Leeder,2022-10-31,EMR,Equities,183437.6692,84.5900,15516992.4359,-204530.9086
Leeder,2022-10-31,EQT,Equities,113948.0032,41.1600,4690099.8135,-20813.7365
Leeder,2022-10-31,EXR,Equities,181741.8817,170.8800,31056052.7386,-79535.8484
Leeder,2022-10-31,FICO,Equities,206564.3618,478.8400,98911279.0027,-422691.7349
Leeder,2022-10-31,FSLR,Equities,162726.0127,145.5700,23688025.6739,83968.2848
Leeder,2022-10-31,FTV,Equities,61166.8729,63.6900,3895718.1372,-4287.8285
Leeder,2022-10-31,GOOG,Equities,117647.4413,94.6600,11136506.7925,-26300.4439
Leeder,2022-10-31,HCA,Equities,90768.4428,215.9900,19605075.9550,215666.1564
Leeder,2022-10-31,HOLX,Equities,90351.0736,67.8000,6125802.7928,41101.3846
Leeder,2022-10-31,ILMN,Equities,23209.7238,228.8200,5310849.0067,-47131.3686
Leeder,2022-10-31,INTC,Equities,117477.2806,27.5000,3230625.2160,38552.4288
Leeder,2022-10-31,IP,Equities,171039.0518,31.8700,5451014.5816,47177.7939
Leeder,2022-10-31,IR,Equities,148705.7048,50.4300,7499228.6940,110225.7787
Leeder,2022-10-31,IT,Equities,75873.9711,301.9200,22907869.3567,371308.2461
Leeder,2022-10-31,J,Equities,94183.2141,114.4700,10781152.5168,46444.2833
Leeder,2022-10-31,KEY,Equities,156058.1064,17.1300,2673275.3624,-18584.5984
Leeder,2022-10-31,KR,Equities,157545.1274,46.2400,7284886.6896,-51998.2763
Leeder,2022-10-31,LMT,Equities,51881.8031,477.4200,24769410.4350,1327436.7962
Leeder,2022-10-31,LNC,Equities,15350.7745,51.0600,783810.5455,9787.6177
Leeder,2022-10-31,MA,Equities,112349.1811,326.6600,36699983.4982,-455202.5487
Leeder,2022-10-31,MGM,Equities,210795.1832,35.5700,7497984.6668,-177817.4479
Leeder,2022-10-31,MS,Equities,165325.3897,80.0700,13237603.9513,114092.1562
Leeder,2022-10-31,MSCI,Equities,123540.2804,463.9400,57315277.6744,168622.1919
Leeder,2022-10-31,MSFT,Equities,115304.0431,229.9100,26509552.5497,-7445.3670
Leeder,2022-10-31,MTB,Equities,3199.2836,164.0300,524778.4884,-5323.2597
Leeder,2022-10-31,NI,Equities,79610.0478,25.0000,1990251.1951,508.0477
Leeder,2022-10-31,ODFL,Equities,128256.5024,273.6500,35097391.8859,161346.6536
Leeder,2022-10-31,OXY,Equities,208102.8572,72.0300,14989648.8051,293821.2646
Leeder,2022-10-31,PARA,Equities,94337.8833,17.8300,1682044.4590,7194.9455
Leeder,2022-10-31,PAYX,Equities,68475.4229,114.9100,7868510.8425,-83159.8657
Leeder,2022-10-31,PCAR,Equities,120754.5955,61.9500,7480747.1904,-67385.5706
Leeder,2022-10-31,PPL,Equities,123272.8264,25.8200,3182904.3783,-12170.6463
Leeder,2022-10-31,PRU,Equities,230644.4790,99.8200,23022931.8896,333682.5415
Leeder,2022-10-31,REGN,Equities,122212.5187,748.7500,91506623.3474,303026.3196
Leeder,2022-10-31,RHI,Equities,125410.0810,74.5700,9351829.7386,-166.9477
Leeder,2022-10-31,SEDG,Equities,180591.8215,230.0300,41541536.7004,-31662.1783
Leeder,2022-10-31,SHW,Equities,140558.2364,222.7700,31312158.3143,41722.8154
Leeder,2022-10-31,TJX,Equities,87282.2794,70.9600,6193550.5442,10334.9516
Leeder,2022-10-31,TPR,Equities,69071.4771,30.9900,2140525.0767,-36016.7269
Leeder,2022-10-31,TRMB,Equities,170841.6785,60.1600,10277835.3796,6464.3938
Leeder,2022-10-31,TSN,Equities,228596.0752,66.7000,15247358.2143,-4076.7260
Leeder,2022-10-31,VLO,Equities,113397.8497,121.6700,13797116.3779,-25076.8810
Leeder,2022-10-31,VRSK,Equities,8074.4371,181.8900,1468659.3561,-3759.1500
Leeder,2022-10-31,WEC,Equities,120096.0834,88.3000,10604484.1627,59061.3801
Leeder,2022-10-31,WRK,Equities,124276.3320,32.9200,4091176.8490,-3824.8455
Leeder,2022-10-31,WST,Equities,148405.7925,229.5100,34060613.4306,36249.7471
Leeder,2022-10-31,WTW,Equities,127262.1770,215.8900,27474631.3941,-172476.7295
Leeder,2022-10-31,XEL,Equities,44138.9171,63.6200,2808117.9080,-1874.4727
Leeder,2022-11-30,AAP,Equities,15593.7207,147.0400,2292900.6923,82085.9189
Leeder,2022-11-30,ABC,Equities,175981.4991,169.2400,29783108.9058,95267.3083
Leeder,2022-11-30,ALL,Equities,132834.0386,131.9000,17520809.6869,-197417.2566
Leeder,2022-11-30,APD,Equities,141999.1107,304.8000,43281328.9349,-653743.9684
Leeder,2022-11-30,AVGO,Equities,144764.2222,539.6900,78127803.0689,-2438272.4866
Leeder,2022-11-30,AZO,Equities,135263.8286,2579.0000,348845413.8508,-240405.3922
Leeder,2022-11-30,BA,Equities,77185.0938,178.8800,13806869.5765,443869.5464
Leeder,2022-11-30,BBY,Equities,9146.9577,82.3900,753617.8451,-31249.1001
Leeder,2022-11-30,C,Equities,87083.4307,46.8700,4081600.3961,-34706.9566
Leeder,2022-11-30,CDW,Equities,56745.4814,186.9000,10605730.4670,-169509.0808
Leeder,2022-11-30,CFG,Equities,165102.7709,40.8200,6739495.1100,-59386.8739
Leeder,2022-11-30,CHD,Equities,43745.8918,81.1400,3549541.6605,-62353.3177
Leeder,2022-11-30,CHTR,Equities,224978.7667,391.2900,88031941.6297,-515918.6105
Leeder,2022-11-30,COST,Equities,55608.4537,536.1800,29816140.7286,102525.3346
Leeder,2022-11-30,CRM,Equities,43841.1359,160.2500,7025542.0269,18850.0688
Leeder,2022-11-30,DOV,Equities,173735.5581,140.9500,24488026.9100,330229.7873
Leeder,2022-11-30,EG,Equities,52332.1224,334.8100,17521317.9100,2199.3026
Leeder,2022-11-30,EIX,Equities,42651.0765,64.5200,2751847.4553,3215.4472
Leeder,2022-11-30,EMR,Equities,185257.3068,94.0800,17429007.4244,-86341.8054
Leeder,2022-11-30,EQT,Equities,108251.7178,41.8600,4531416.9077,19936.9990
Leeder,2022-11-30,EXR,Equities,184567.7297,154.7500,28561856.1739,227904.6457
Leeder,2022-11-30,FICO,Equities,212018.2748,619.7200,131391965.2421,-3841736.3002
Leeder,2022-11-30,FSLR,Equities,155341.7265,172.5300,26801108.0778,995401.7808
Leeder,2022-11-30,FTV,Equities,62156.6083,67.4000,4189355.3971,-18359.5904
Leeder,2022-11-30,GOOG,Equities,119813.4658,101.4500,12155076.1045,-73536.5318
Leeder,2022-11-30,HCA,Equities,94935.9047,238.5800,22649808.1517,-470714.8284
Leeder,2022-11-30,HOLX,Equities,89102.5727,76.1600,6786051.9387,52187.3383
Leeder,2022-11-30,ILMN,Equities,23083.4967,218.0800,5034048.9636,-6778.3961
Leeder,2022-11-30,INTC,Equities,121899.2459,29.4800,3593589.7695,-43777.4568
Leeder,2022-11-30,IP,Equities,175782.8963,35.6700,6270175.9109,-90133.0450
Leeder,2022-11-30,IR,Equities,148233.0908,53.9200,7992728.2576,8247.1141
Leeder,2022-11-30,IT,Equities,77112.0624,350.3700,27017753.2976,-299927.6119
Leeder,2022-11-30,J,Equities,97319.1382,125.7200,12234962.0586,-176395.7330
Leeder,2022-11-30,KEY,Equities,153685.2006,18.2200,2800144.3542,12932.3367
Leeder,2022-11-30,KR,Equities,162069.4678,48.3600,7837679.4632,-47958.0086
Leeder,2022-11-30,LMT,Equities,54044.8768,478.9300,25883712.8629,-16331.2067
Leeder,2022-11-30,LNC,Equities,15257.3336,36.9100,563148.1846,-6610.9402
Leeder,2022-11-30,MA,Equities,111009.2065,354.7500,39380516.0091,188199.4313
Leeder,2022-11-30,MGM,Equities,213918.0748,36.8600,7885020.2376,-20142.6508
Leeder,2022-11-30,MS,Equities,169834.5665,90.6900,15402296.8329,-239437.2876
Leeder,2022-11-30,MSCI,Equities,129981.5517,503.8500,65491204.8098,-1285355.6884
Leeder,2022-11-30,MSFT,Equities,117168.9258,253.4100,29691777.4802,-219123.7138
Leeder,2022-11-30,MTB,Equities,3375.6737,166.8100,563096.1291,-2451.8224
Leeder,2022-11-30,NI,Equities,77876.8020,27.1900,2117470.2459,18979.0418
Leeder,2022-11-30,ODFL,Equities,129417.7919,301.5600,39027229.3163,-162057.9434
Leeder,2022-11-30,OXY,Equities,210188.3095,68.9400,14490382.0550,32220.2374
Leeder,2022-11-30,PARA,Equities,95898.3455,19.5400,1873853.6711,-13341.9519
Leeder,2022-11-30,PAYX,Equities,65450.8901,121.3000,7939192.9645,96633.8234
Leeder,2022-11-30,PCAR,Equities,120742.5465,68.0000,8210493.1644,364.4808
Leeder,2022-11-30,PPL,Equities,118682.1758,28.7700,3414486.1968,67712.0972
Leeder,2022-11-30,PRU,Equities,234039.6605,103.6800,24265231.9985,-65527.0034
Leeder,2022-11-30,REGN,Equities,118055.6303,751.7000,88742417.2748,61314.1037
Leeder,2022-11-30,RHI,Equities,122058.6691,77.2700,9431473.3628,45244.0601
Leeder,2022-11-30,SEDG,Equities,182750.1412,298.8600,54616707.2089,-742785.7349
Leeder,2022-11-30,SHW,Equities,134948.0968,247.2900,33371314.8675,687803.1054
Leeder,2022-11-30,TJX,Equities,86422.7875,79.1100,6836906.7170,35024.2949
Leeder,2022-11-30,TPR,Equities,70558.6621,36.9400,2606436.9765,-44243.7512
Leeder,2022-11-30,TRMB,Equities,165945.0501,59.7500,9915216.7409,-10038.0883
Leeder,2022-11-30,TSN,Equities,229563.4339,65.1500,14956057.7175,7497.0300
Leeder,2022-11-30,VLO,Equities,113785.1375,130.3900,14836444.0758,-16885.7454
Leeder,2022-11-30,VRSK,Equities,7956.4065,182.7700,1454192.4173,519.3344
Leeder,2022-11-30,WEC,Equities,124780.4208,96.6300,12057532.0607,-195102.6529
Leeder,2022-11-30,WRK,Equities,124101.9091,36.9400,4584324.5208,3505.9007
Leeder,2022-11-30,WST,Equities,143608.0966,234.2500,33640196.6198,113705.3931
Leeder,2022-11-30,WTW,Equities,124030.7629,243.5500,30207692.2974,446904.5749
Leeder,2022-11-30,XEL,Equities,43899.9872,68.6200,3012417.1242,5973.2474
Leeder,2022-12-31,AAP,Equities,15766.5863,144.7000,2281425.0345,2022.5272
Leeder,2022-12-31,ABC,Equities,181506.3943,164.3000,29821500.5876,136464.9123
Leeder,2022-12-31,ALL,Equities,125737.1240,133.5800,16795965.0183,59614.0827
Leeder,2022-12-31,APD,Equities,144976.9231,304.5100,44146922.8428,4317.8280
Leeder,2022-12-31,AVGO,Equities,138581.7165,552.1900,76523438.0140,386406.6073
Leeder,2022-12-31,AZO,Equities,133930.9850,2466.1800,330297916.5353,-751857.0629
Leeder,2022-12-31,BA,Equities,78743.4249,190.4900,14999835.0079,-90461.1207
Leeder,2022-12-31,BBY,Equities,8840.4061,78.3200,692380.6087,-6238.3243
Leeder,2022-12-31,C,Equities,89255.5206,43.7900,3908499.2490,33450.1854
Leeder,2022-12-31,CDW,Equities,56817.9390,176.9400,10053366.1278,3608.3906
Leeder,2022-12-31,CFG,Equities,164042.4632,37.9200,6220490.2039,-15374.4626
Leeder,2022-12-31,CHD,Equities,43976.1333,79.8900,3513253.2920,1439.0096
Leeder,2022-12-31,CHTR,Equities,232902.6329,339.1000,78977282.8028,2067732.8693
Leeder,2022-12-31,COST,Equities,56751.0550,453.9000,25759303.8777,470066.1685
Leeder,2022-12-31,CRM,Equities,42140.5124,132.5900,5587410.5395,-235196.2287
Leeder,2022-12-31,DOV,Equities,183277.3444,134.4500,24641638.9480,310108.0541
Leeder,2022-12-31,EG,Equities,52054.0949,328.2000,17084153.9504,-9188.8094
Leeder,2022-12-31,EIX,Equities,42918.6124,62.2800,2672971.1805,2996.4022
Leeder,2022-12-31,EMR,Equities,186494.6604,94.3700,17599501.1013,-1794.1627
Leeder,2022-12-31,EQT,Equities,114739.4636,33.3900,3831150.6911,274756.0360
Leeder,2022-12-31,EXR,Equities,180129.6991,143.0900,25774758.6469,-258737.1840
Leeder,2022-12-31,FICO,Equities,203619.6635,598.5800,121882658.1994,-887733.2077
Leeder,2022-12-31,FSLR,Equities,163780.9108,149.7900,24532742.6235,959535.2478
Leeder,2022-12-31,FTV,Equities,62888.1518,64.1100,4031759.4101,12033.8907
Leeder,2022-12-31,GOOG,Equities,121117.8673,88.7300,10746788.3643,82959.9351
Leeder,2022-12-31,HCA,Equities,92833.4856,238.8700,22175134.7016,3048.5078
Leeder,2022-12-31,HOLX,Equities,90479.5958,74.8100,6768778.5613,9294.9057
Leeder,2022-12-31,ILMN,Equities,23395.6219,202.2000,4730594.7571,24782.7432
Leeder,2022-12-31,INTC,Equities,123104.1411,25.9100,3189628.2959,21507.3791
Leeder,2022-12-31,IP,Equities,178684.8085,33.2800,5946630.4264,34677.8506
Leeder,2022-12-31,IR,Equities,149391.7574,52.2000,7798249.7355,9964.5324
Leeder,2022-12-31,IT,Equities,78217.7791,336.1400,26292124.2743,78671.7459
Leeder,2022-12-31,J,Equities,93674.9450,119.2900,11174484.1937,-117160.8112
Leeder,2022-12-31,KEY,Equities,160360.9756,16.8800,2706893.2684,44727.6929
Leeder,2022-12-31,KR,Equities,160313.5175,43.8300,7026541.4719,-39772.2745
Leeder,2022-12-31,LMT,Equities,54657.5701,480.2100,26247111.7549,-3921.2371
Leeder,2022-12-31,LNC,Equities,15746.3408,29.1200,458533.4430,19046.8274
Leeder,2022-12-31,MA,Equities,109801.0327,346.1200,38004333.4371,-52132.7000
Leeder,2022-12-31,MGM,Equities,211419.7615,33.5300,7088904.6042,-41596.9162
Leeder,2022-12-31,MS,Equities,166406.9265,82.8500,13786813.8642,-134363.4850
Leeder,2022-12-31,MSCI,Equities,130553.2621,461.5200,60252941.5439,121002.5211
Leeder,2022-12-31,MSFT,Equities,115504.6950,238.1900,27512063.3105,-126647.9591
Leeder,2022-12-31,MTB,Equities,3360.5920,142.3200,478279.4554,-1846.7519
Leeder,2022-12-31,NI,Equities,81025.2669,26.6900,2162564.3728,7871.1622
Leeder,2022-12-31,ODFL,Equities,129721.3107,283.0900,36722805.8474,28029.9644
Leeder,2022-12-31,OXY,Equities,209514.2239,62.6200,13119780.7002,-21301.1043
Leeder,2022-12-31,PARA,Equities,95300.3241,16.6300,1584844.3890,-8701.2121
Leeder,2022-12-31,PAYX,Equities,67245.4462,113.0200,7600080.3292,74294.6240
Leeder,2022-12-31,PCAR,Equities,121935.3928,65.3200,7964819.8556,15984.1395
Leeder,2022-12-31,PPL,Equities,120585.9102,28.7000,3460815.6216,666.3070
Leeder,2022-12-31,PRU,Equities,223968.0482,95.4500,21377750.1988,-414446.8461
Leeder,2022-12-31,REGN,Equities,123694.5397,721.4900,89244373.4763,851757.2751
Leeder,2022-12-31,RHI,Equities,126593.6651,72.4100,9166647.2894,110200.4022
Leeder,2022-12-31,SEDG,Equities,182340.8047,283.2700,51651679.7566,-31907.7802
Leeder,2022-12-31,SHW,Equities,135890.0462,235.5300,32006182.5795,55386.6219
Leeder,2022-12-31,TJX,Equities,88562.7469,78.6700,6967231.2982,4707.9107
Leeder,2022-12-31,TPR,Equities,70131.7849,37.5500,2633448.5233,1301.9753
Leeder,2022-12-31,TRMB,Equities,168612.8683,50.5600,8525066.6223,122586.2493
Leeder,2022-12-31,TSN,Equities,224242.9610,61.1900,13721426.7836,-105345.3631
Leeder,2022-12-31,VLO,Equities,108849.9852,123.8000,13475628.1625,-162613.2690
Leeder,2022-12-31,VRSK,Equities,8101.4857,175.8100,1424322.2050,5048.7567
Leeder,2022-12-31,WEC,Equities,124706.6517,91.3900,11396940.8984,-1932.7502
Leeder,2022-12-31,WRK,Equities,123105.2067,34.2500,4216353.3278,-13405.6474
Leeder,2022-12-31,WST,Equities,148024.3243,234.9400,34776834.7504,-15235.9857
Leeder,2022-12-31,WTW,Equities,123955.0266,242.8100,30097520.0095,-280.2242
Leeder,2022-12-31,XEL,Equities,46190.1077,68.9800,3186193.6323,-4122.2169
Leeder,2023-01-31,AAP,Equities,15892.7314,149.8700,2381843.6590,-3260.8521
Leeder,2023-01-31,ABC,Equities,176561.1602,167.5200,29577525.5614,79618.2690
Leeder,2023-01-31,ALL,Equities,128197.7330,126.5500,16223423.1159,86490.4091
Leeder,2023-01-31,APD,Equities,139815.3816,316.6100,44266947.9669,312273.2590
Leeder,2023-01-31,AVGO,Equities,141318.4678,577.7500,81646744.7990,-349756.8269
Leeder,2023-01-31,AZO,Equities,130513.0990,2438.8500,318301871.4218,-467054.1232
Leeder,2023-01-31,BA,Equities,78671.8689,213.0000,16757108.0699,8053.6301
Leeder,2023-01-31,BBY,Equities,9205.5631,86.6300,797477.9355,-15172.2738
Leeder,2023-01-31,C,Equities,89246.8323,50.5600,4512319.8403,294.1010
Leeder,2023-01-31,CDW,Equities,56282.8672,194.2200,10931258.4648,46230.2053
Leeder,2023-01-31,CFG,Equities,159865.4932,42.1300,6735133.2288,87925.2180
Leeder,2023-01-31,CHD,Equities,42568.6190,80.1400,3411449.1298,1759.3929
Leeder,2023-01-31,CHTR,Equities,230223.5033,384.3100,88477194.5663,605617.2293
Leeder,2023-01-31,COST,Equities,54733.3884,508.2300,27817149.9714,548099.1479
Leeder,2023-01-31,CRM,Equities,42230.0189,167.9700,7093376.2751,-15833.6998
Leeder,2023-01-31,DOV,Equities,177005.4961,150.7600,26685348.5868,511469.2277
Leeder,2023-01-31,EG,Equities,53045.5515,346.4500,18377631.3250,-90470.4156
Leeder,2023-01-31,EIX,Equities,43002.2174,67.4500,2900499.5619,-2161.1885
Leeder,2023-01-31,EMR,Equities,185766.8053,88.6300,16464511.9575,-20889.4400
Leeder,2023-01-31,EQT,Equities,114650.2850,32.2500,3697471.6915,-508.3182
Leeder,2023-01-31,EXR,Equities,176307.5585,153.4500,27054394.8487,197986.8851
Leeder,2023-01-31,FICO,Equities,203702.6128,665.9500,135655754.9827,-27941.4538
Leeder,2023-01-31,FSLR,Equities,158122.8213,177.6000,28082613.0688,786757.3355
Leeder,2023-01-31,FTV,Equities,63170.9333,67.8800,4288042.9520,-5330.4317
Leeder,2023-01-31,GOOG,Equities,116211.4029,99.8700,11606032.8123,273290.0638
Leeder,2023-01-31,HCA,Equities,95636.7111,253.9100,24283117.3201,-210802.5601
Leeder,2023-01-31,HOLX,Equities,92875.6159,81.3700,7557288.8685,-78589.4606
Leeder,2023-01-31,ILMN,Equities,23446.1128,214.2000,5022157.3596,-3029.4508
Leeder,2023-01-31,INTC,Equities,122284.8124,27.7100,3388512.1508,7373.9585
Leeder,2023-01-31,IP,Equities,173263.2719,40.1900,6963450.8994,187314.0875
Leeder,2023-01-31,IR,Equities,149117.3364,55.9500,8343114.9692,5145.3942
Leeder,2023-01-31,IT,Equities,76894.0337,338.1400,26000948.5661,13237.4539
Leeder,2023-01-31,J,Equities,94480.5035,122.7500,11597481.8088,-13936.1620
Leeder,2023-01-31,KEY,Equities,159395.9939,18.5900,2963171.5268,8250.5936
Leeder,2023-01-31,KR,Equities,153511.1875,43.8800,6736070.9061,1700.5825
Leeder,2023-01-31,LMT,Equities,54028.8935,457.2800,24706332.4344,-72077.7726
Leeder,2023-01-31,LNC,Equities,15788.3891,34.0600,537752.5342,-1038.5951
Leeder,2023-01-31,MA,Equities,111832.9614,369.4900,41321160.9005,-237430.8667
Leeder,2023-01-31,MGM,Equities,211232.3880,41.4100,8747133.1885,7382.5157
Leeder,2023-01-31,MS,Equities,168520.0832,95.6100,16112205.1543,-134819.3944
Leeder,2023-01-31,MSCI,Equities,126373.4234,527.3900,66648079.7501,1376629.9003
Leeder,2023-01-31,MSFT,Equities,120934.1003,246.1300,29765510.1018,-215547.3882
Leeder,2023-01-31,MTB,Equities,3297.6424,153.0500,504704.1675,3377.2474
Leeder,2023-01-31,NI,Equities,77781.3940,27.0100,2100875.4507,5190.1967
Leeder,2023-01-31,ODFL,Equities,132109.8720,332.4300,43917284.7390,-589258.0641
Leeder,2023-01-31,OXY,Equities,211136.2423,64.4100,13599285.3677,-14517.0649
Leeder,2023-01-31,PARA,Equities,92982.9909,22.8100,2120942.0235,71605.5930
Leeder,2023-01-31,PAYX,Equities,65679.4103,113.3100,7442133.9832,2270.7520
Leeder,2023-01-31,PCAR,Equities,120947.3787,72.1400,8725143.9006,33691.2792
Leeder,2023-01-31,PPL,Equities,117115.8120,29.0800,3405727.8137,6593.1865
Leeder,2023-01-31,PRU,Equities,230302.6822,100.7100,23193783.1204,-166600.8737
Leeder,2023-01-31,REGN,Equities,119730.4346,758.4700,90811942.7151,732963.0441
Leeder,2023-01-31,RHI,Equities,124326.1671,82.3500,10238259.8612,112694.6500
Leeder,2023-01-31,SEDG,Equities,183326.9336,319.1300,58505124.3116,-176812.9014
Leeder,2023-01-31,SHW,Equities,140599.7930,234.8000,33012831.3848,17190.5757
Leeder,2023-01-31,TJX,Equities,85256.3342,80.9000,6897237.4353,36866.5018
Leeder,2023-01-31,TPR,Equities,67129.8746,44.9400,3016816.5653,110920.5852
Leeder,2023-01-31,TRMB,Equities,169794.8131,58.0600,9858286.8499,-44322.9300
Leeder,2023-01-31,TSN,Equities,235782.1684,64.6300,15238601.5451,-198474.3677
Leeder,2023-01-31,VLO,Equities,108938.5081,136.6500,14886447.1276,-5687.5971
Leeder,2023-01-31,VRSK,Equities,8255.5812,181.1600,1495581.0833,-4122.0530
Leeder,2023-01-31,WEC,Equities,120882.9537,91.6100,11074087.3892,4206.0678
Leeder,2023-01-31,WRK,Equities,125671.7154,38.2200,4803172.9612,-50945.1979
Leeder,2023-01-31,WST,Equities,149066.0259,265.3300,39551688.6403,-158286.5518
Leeder,2023-01-31,WTW,Equities,127186.4407,252.3500,32095498.3203,-154138.4543
Leeder,2023-01-31,XEL,Equities,45279.4693,67.6600,3063608.8912,-6010.2139
Leeder,2023-02-28,AAP,Equities,15498.7225,142.6600,2211047.7526,-14204.0216
Leeder,2023-02-28,ABC,Equities,176850.9908,154.7100,27360616.7864,18563.6480
Leeder,2023-02-28,ALL,Equities,131797.9926,127.7200,16833239.6197,-21061.5187
Leeder,2023-02-28,APD,Equities,143374.5764,282.5000,40503317.8331,607020.6740
Leeder,2023-02-28,AVGO,Equities,140084.8027,586.9200,82218572.4100,56563.5463
Leeder,2023-02-28,AZO,Equities,129219.8448,2486.5400,321310312.8984,308376.4558
Leeder,2023-02-28,BA,Equities,81669.2711,201.5500,16460441.5806,171601.2748
Leeder,2023-02-28,BBY,Equities,9077.5328,81.1500,736641.7858,-3508.0318
Leeder,2023-02-28,C,Equities,85875.7487,49.5700,4256860.8614,-16686.8639
Leeder,2023-02-28,CDW,Equities,56372.0458,201.1400,11338673.2967,-3085.5808
Leeder,2023-02-28,CFG,Equities,159945.8196,40.6200,6496999.1902,606.4639
Leeder,2023-02-28,CHD,Equities,43176.8042,83.3100,3597059.5603,-9639.7352
Leeder,2023-02-28,CHTR,Equities,220528.6872,367.6100,81068550.6898,-809517.1499
Leeder,2023-02-28,COST,Equities,55285.1812,482.2600,26661831.4786,71650.2971
Leeder,2023-02-28,CRM,Equities,43150.6572,163.6100,7059879.0217,20069.9145
Leeder,2023-02-28,DOV,Equities,175647.4890,149.3500,26232952.4865,-9573.9496
Leeder,2023-02-28,EG,Equities,51025.9177,380.4100,19410769.3477,342933.8251
Leeder,2023-02-28,EIX,Equities,42120.1849,64.8100,2729809.1847,-11642.8284
Leeder,2023-02-28,EMR,Equities,183747.0076,81.7400,15019480.3993,-69582.0330
Leeder,2023-02-28,EQT,Equities,110124.4692,32.9100,3624196.2809,14935.1922
Leeder,2023-02-28,EXR,Equities,184567.7297,160.0800,29545602.1733,-273824.6766
Leeder,2023-02-28,FICO,Equities,212101.2240,677.3900,143675248.1385,-480400.5627
Leeder,2023-02-28,FSLR,Equities,156732.2739,169.1400,26509696.8126,-58820.1551
Leeder,2023-02-28,FTV,Equities,62832.8250,66.5900,4184037.8135,-2180.7988
Leeder,2023-02-28,GOOG,Equities,116426.8087,90.3000,10513340.8254,10307.1652
Leeder,2023-02-28,HCA,Equities,95963.7541,242.3500,23256815.8055,18903.0842
Leeder,2023-02-28,HOLX,Equities,91847.4387,79.6400,7314730.0188,-8893.7330
Leeder,2023-02-28,ILMN,Equities,23374.9666,199.2000,4656293.3463,-5335.9644
Leeder,2023-02-28,INTC,Equities,118959.3017,24.7400,2943053.1231,-49383.8341
Leeder,2023-02-28,IP,Equities,172012.1481,35.3900,6087509.9222,-30026.9716
Leeder,2023-02-28,IR,Equities,151953.0203,58.0300,8817833.7676,-29491.1129
Leeder,2023-02-28,IT,Equities,76932.9674,327.8100,25219396.0499,2010.9250
Leeder,2023-02-28,J,Equities,97165.6985,118.9800,11560774.8098,50615.9255
Leeder,2023-02-28,KEY,Equities,161041.2086,17.9200,2885858.4584,5511.4693
Leeder,2023-02-28,KR,Equities,153447.9100,42.6600,6546087.8397,-385.9927
Leeder,2023-02-28,LMT,Equities,53687.9164,471.0800,25291303.6536,23527.4227
Leeder,2023-02-28,LNC,Equities,15288.4806,30.5000,466298.6580,-8898.3723
Leeder,2023-02-28,MA,Equities,108658.7593,354.2200,38489105.7104,-242350.3308
Leeder,2023-02-28,MGM,Equities,209025.5446,43.0100,8990188.6748,17654.7472
Leeder,2023-02-28,MS,Equities,168936.0589,94.7900,16013449.0245,1705.5004
Leeder,2023-02-28,MSCI,Equities,123883.3067,519.3200,64335078.8102,-100476.2095
Leeder,2023-02-28,MSFT,Equities,120674.4331,248.3500,29969495.4535,2882.3060
Leeder,2023-02-28,MTB,Equities,3325.5107,152.3600,506674.8121,96.1457
Leeder,2023-02-28,NI,Equities,81383.0470,26.9400,2192459.2854,1260.5786
Leeder,2023-02-28,ODFL,Equities,134102.5391,338.8300,45437963.3243,-63765.3483
Leeder,2023-02-28,OXY,Equities,211515.4155,58.2200,12314427.4878,11735.4086
Leeder,2023-02-28,PARA,Equities,92057.9265,21.1000,1942422.2496,-7909.3008
Leeder,2023-02-28,PAYX,Equities,68401.4899,108.7000,7435241.9467,62743.9332
Leeder,2023-02-28,PCAR,Equities,119188.2317,71.7200,8548179.9808,-3694.2086
Leeder,2023-02-28,PPL,Equities,120369.0290,26.5900,3200612.4818,40502.5517
Leeder,2023-02-28,PRU,Equities,223899.6888,97.1500,21751854.7689,-113973.2815
Leeder,2023-02-28,REGN,Equities,117923.0918,760.4200,89671077.4671,17621.5921
Leeder,2023-02-28,RHI,Equities,122818.6547,79.5400,9768995.7955,-21180.5492
Leeder,2023-02-28,SEDG,Equities,183866.5135,317.9200,58454841.9741,3264.4586
Leeder,2023-02-28,SHW,Equities,136887.4043,220.2700,30152188.5515,-269705.0334
Leeder,2023-02-28,TJX,Equities,86905.1554,75.9800,6603053.7054,40561.0014
Leeder,2023-02-28,TPR,Equities,70241.9468,42.9100,3014081.9352,31587.5322
Leeder,2023-02-28,TRMB,Equities,165894.3953,52.0600,8636462.2182,-117012.5353
Leeder,2023-02-28,TSN,Equities,224588.4463,58.7000,13183341.7950,-331893.8623
Leeder,2023-02-28,VLO,Equities,110808.5546,129.4900,14348599.7321,66947.6650
Leeder,2023-02-28,VRSK,Equities,8378.5297,170.5200,1428706.8759,6540.8596
Leeder,2023-02-28,WEC,Equities,121731.2983,87.1500,10608882.6449,18918.0839
Leeder,2023-02-28,WRK,Equities,125509.7512,30.8400,3870720.7276,-5976.4768
Leeder,2023-02-28,WST,Equities,145911.5775,316.7100,46211655.7018,810377.7893
Leeder,2023-02-28,WTW,Equities,124926.9754,232.6600,29065510.0933,-222444.3640
Leeder,2023-02-28,XEL,Equities,44815.1338,63.5300,2847105.4515,-9588.5272
Leeder,2023-03-31,AAP,Equities,16018.8766,119.6800,1917139.1487,59765.7028
Leeder,2023-03-31,ABC,Equities,179223.9786,159.2300,28537834.1106,-53629.5241
Leeder,2023-03-31,ALL,Equities,126332.8504,109.9000,13883980.2553,-486944.1764
Leeder,2023-03-31,APD,Equities,142679.7535,285.5000,40735069.6272,10422.3434
Leeder,2023-03-31,AVGO,Equities,142211.8116,638.1400,90751045.4313,-544726.9659
Leeder,2023-03-31,AZO,Equities,133191.9826,2458.1500,327405872.0245,563844.9600
Leeder,2023-03-31,BA,Equities,80126.8413,212.4300,17021344.8938,83908.1794
Leeder,2023-03-31,BBY,Equities,8934.1749,77.3400,690969.0830,-2730.9687
Leeder,2023-03-31,C,Equities,88386.6847,45.8500,4052529.4916,46703.4095
Leeder,2023-03-31,CDW,Equities,55324.1968,193.6600,10714083.9599,-39189.5520
Leeder,2023-03-31,CFG,Equities,155865.2412,29.5400,4604259.2248,-226064.0412
Leeder,2023-03-31,CHD,Equities,44006.5426,87.9100,3868615.1594,-19083.9824
Leeder,2023-03-31,CHTR,Equities,222208.8192,357.6100,79464095.8497,84006.6038
Leeder,2023-03-31,COST,Equities,54259.6269,494.9000,26853089.3339,64815.0333
Leeder,2023-03-31,CRM,Equities,41509.7047,199.7800,8292808.8035,296766.2579
Leeder,2023-03-31,DOV,Equities,176147.8074,151.3800,26665255.0858,-5078.2316
Leeder,2023-03-31,EG,Equities,52924.8981,356.3400,18859258.1792,228542.2893
Leeder,2023-03-31,EIX,Equities,42554.9308,69.8400,2972036.3653,-10933.8582
Leeder,2023-03-31,EMR,Equities,182345.8866,86.1200,15703627.7543,30684.5493
Leeder,2023-03-31,EQT,Equities,114248.9811,31.6500,3615980.2531,25984.4253
Leeder,2023-03-31,EXR,Equities,183571.4371,160.0500,29380608.5134,-149.4439
Leeder,2023-03-31,FICO,Equities,201234.8727,702.6900,141405732.6913,1374593.4430
Leeder,2023-03-31,FSLR,Equities,159065.8362,217.5000,34596819.3819,-564255.3661
Leeder,2023-03-31,FTV,Equities,61953.7433,68.1000,4219049.9160,6637.0668
Leeder,2023-03-31,GOOG,Equities,119693.7959,104.0000,12448154.7767,-223788.6254
Leeder,2023-03-31,HCA,Equities,94412.6360,263.1200,24841852.7761,161083.6176
Leeder,2023-03-31,HOLX,Equities,90378.6141,80.7000,7293554.1580,7784.7704
Leeder,2023-03-31,ILMN,Equities,22493.6718,232.5500,5230903.3849,146955.9019
Leeder,2023-03-31,INTC,Equities,120248.5395,32.4200,3898457.6509,-49506.7334
Leeder,2023-03-31,IP,Equities,174410.1354,35.0700,6116563.4500,3836.7797
Leeder,2023-03-31,IR,Equities,152440.8799,58.1400,8862912.7571,-268.3228
Leeder,2023-03-31,IT,Equities,78498.1017,325.7700,25572326.5830,15964.3694
Leeder,2023-03-31,J,Equities,95151.8023,117.0000,11132760.8668,-19937.5728
Leeder,2023-03-31,KEY,Equities,153843.3943,12.2700,1887658.4479,-203338.2549
Leeder,2023-03-31,KR,Equities,162797.1589,48.8200,7947757.2988,-287956.8676
Leeder,2023-03-31,LMT,Equities,54348.5596,469.5600,25519909.6466,5020.8884
Leeder,2023-03-31,LNC,Equities,15307.1688,21.6000,330634.8452,831.6236
Leeder,2023-03-31,MA,Equities,110910.3559,362.3200,40185040.1585,-91189.6643
Leeder,2023-03-31,MGM,Equities,211253.2073,44.4200,9383867.4688,-15705.0219
Leeder,2023-03-31,MS,Equities,167155.6828,86.2500,14417177.6448,-76022.0585
Leeder,2023-03-31,MSCI,Equities,125331.6398,556.6600,69767110.6354,-270403.8070
Leeder,2023-03-31,MSFT,Equities,117747.2755,287.0600,33800532.8942,566551.3554
Leeder,2023-03-31,MTB,Equities,3236.6599,118.3300,382993.9704,-15117.9592
Leeder,2023-03-31,NI,Equities,80301.7560,27.4700,2205889.2373,2865.4211
Leeder,2023-03-31,ODFL,Equities,129734.5072,340.4100,44162923.5877,34507.4522
Leeder,2023-03-31,OXY,Equities,210104.0488,62.2400,13076875.9958,28368.4703
Leeder,2023-03-31,PARA,Equities,93711.8296,22.2400,2084151.0900,-9427.2475
Leeder,2023-03-31,PAYX,Equities,67843.6316,112.8200,7654118.5144,11491.8805
Leeder,2023-03-31,PCAR,Equities,118923.1548,72.7200,8648091.8174,1325.3847
Leeder,2023-03-31,PPL,Equities,120272.6374,27.5400,3312308.4343,457.8602
Leeder,2023-03-31,PRU,Equities,230758.4112,80.3800,18548361.0942,575103.8735
Leeder,2023-03-31,REGN,Equities,121152.2109,821.6700,99547137.1283,-988917.7235
Leeder,2023-03-31,RHI,Equities,127316.2743,79.5000,10121643.8102,899.5239
Leeder,2023-03-31,SEDG,Equities,181894.2558,303.9500,55286759.0574,-137762.1992
Leeder,2023-03-31,SHW,Equities,142414.4307,223.6800,31855259.8528,-94235.7992
Leeder,2023-03-31,TJX,Equities,85484.3626,77.7300,6644699.5084,12431.9364
Leeder,2023-03-31,TPR,Equities,69925.2314,42.8100,2993499.1583,-158.3577
Leeder,2023-03-31,TRMB,Equities,164982.6093,52.4200,8648388.3790,1641.2148
Leeder,2023-03-31,TSN,Equities,227444.4577,58.7800,13369185.2218,-1142.4046
Leeder,2023-03-31,VLO,Equities,112910.9737,137.2200,15493643.8147,-81258.5002
Leeder,2023-03-31,VRSK,Equities,8285.0888,191.5600,1587091.6103,9829.9775
Leeder,2023-03-31,WEC,Equities,126071.3799,93.1700,11746070.4667,-130636.4573
Leeder,2023-03-31,WRK,Equities,121946.5401,29.9300,3649859.9451,-16212.6106
Leeder,2023-03-31,WST,Equities,148977.9947,346.1200,51564263.5388,-450916.6587
Leeder,2023-03-31,WTW,Equities,123374.3819,231.5400,28566104.3794,-8694.5237
Leeder,2023-03-31,XEL,Equities,46280.2700,66.8800,3095224.4556,-24541.0306
Leeder,2023-04-30,AAP,Equities,15872.4859,125.0900,1985489.2625,3959.8675
Leeder,2023-04-30,ABC,Equities,176216.9864,165.9400,29241446.7276,100884.5870
Leeder,2023-04-30,ALL,Equities,127330.0446,114.8100,14618762.4174,-24481.1178
Leeder,2023-04-30,APD,Equities,144764.2222,292.6100,42359459.0524,-74102.8612
Leeder,2023-04-30,AVGO,Equities,140212.4232,623.1800,87377577.9189,-149554.2461
Leeder,2023-04-30,AZO,Equities,135738.9015,2663.3100,361514773.7985,-2612629.4263
Leeder,2023-04-30,BA,Equities,79125.0570,206.7800,16361479.2866,-28300.4060
Leeder,2023-04-30,BBY,Equities,8972.0430,73.6300,660611.5251,702.4539
Leeder,2023-04-30,C,Equities,86605.5709,46.5300,4029757.2136,6055.7868
Leeder,2023-04-30,CDW,Equities,57001.8699,168.5200,9605955.1232,210883.5094
Leeder,2023-04-30,CFG,Equities,160684.8219,30.0900,4835006.2920,-13253.8470
Leeder,2023-04-30,CHD,Equities,43767.6127,96.5700,4226638.3582,10345.6645
Leeder,2023-04-30,CHTR,Equities,232743.7014,368.7000,85812602.7236,-584159.2182
Leeder,2023-04-30,COST,Equities,54488.1471,501.2300,27311093.9803,-7232.6661
Leeder,2023-04-30,CRM,Equities,43048.3640,198.3700,8539503.9748,10847.5484
Leeder,2023-04-30,DOV,Equities,181812.1262,145.6200,26475481.8220,163132.3821
Leeder,2023-04-30,EG,Equities,52347.8598,376.2300,19694835.3054,57386.4528
Leeder,2023-04-30,EIX,Equities,42559.1110,72.8200,3099154.4647,-62.2857
Leeder,2023-04-30,EMR,Equities,177814.9889,82.2900,14632395.4376,-86766.6908
Leeder,2023-04-30,EQT,Equities,113089.6589,34.5500,3907247.7137,16810.1730
Leeder,2023-04-30,EXR,Equities,177014.0205,149.3500,26437043.9607,-350821.7903
Leeder,2023-04-30,FICO,Equities,208575.8810,727.9500,151832812.5966,-927169.3534
Leeder,2023-04-30,FSLR,Equities,155341.7265,182.5800,28362292.4294,-650229.5555
Leeder,2023-04-30,FTV,Equities,59673.0488,63.0200,3760595.5355,-57929.6392
Leeder,2023-04-30,GOOG,Equities,117791.0451,108.2200,12747346.9033,40148.0420
Leeder,2023-04-30,HCA,Equities,95804.9047,286.7200,27469182.2614,-164287.7044
Leeder,2023-04-30,HOLX,Equities,89130.1132,86.0100,7666081.0351,33147.6993
Leeder,2023-04-30,ILMN,Equities,22468.4264,205.5600,4618609.7330,-3406.8698
Leeder,2023-04-30,INTC,Equities,121140.1619,30.8200,3733539.7912,7132.9795
Leeder,2023-04-30,IP,Equities,171195.4423,32.2000,5512493.2421,-46130.8466
Leeder,2023-04-30,IR,Equities,150596.1608,56.9800,8580969.2410,-10699.3709
Leeder,2023-04-30,IT,Equities,75749.3833,302.4600,22911158.4746,-320363.1261
Leeder,2023-04-30,J,Equities,96868.4091,114.9600,11135992.3072,17509.3893
Leeder,2023-04-30,KEY,Equities,159079.6065,11.0300,1754648.0594,32464.5156
Leeder,2023-04-30,KR,Equities,155172.2215,48.0900,7462232.1341,-27831.0214
Leeder,2023-04-30,LMT,Equities,52696.9516,461.3400,24311211.6398,-67881.0899
Leeder,2023-04-30,LNC,Equities,15400.6096,21.3500,328803.0152,116.8011
Leeder,2023-04-30,MA,Equities,106890.4322,379.4800,40562781.1925,344909.4598
Leeder,2023-04-30,MGM,Equities,208067.8579,44.9200,9346408.1759,7963.3736
Leeder,2023-04-30,MS,Equities,168769.6686,89.1500,15045815.9581,-23402.7939
Leeder,2023-04-30,MSCI,Equities,125471.3913,479.8400,60206192.3976,53678.5313
Leeder,2023-04-30,MSFT,Equities,119352.4909,305.9400,36514701.0738,-151532.3397
Leeder,2023-04-30,MTB,Equities,3324.8550,124.4900,413911.1973,-2716.4075
Leeder,2023-04-30,NI,Equities,81597.7150,28.2100,2301871.5411,-4795.0484
Leeder,2023-04-30,ODFL,Equities,128256.5024,319.9800,41039515.6428,-150978.1863
Leeder,2023-04-30,OXY,Equities,213642.9981,61.3500,13106997.9312,15748.3243
Leeder,2023-04-30,PARA,Equities,93515.6038,23.2600,2175172.9443,1000.7515
Leeder,2023-04-30,PAYX,Equities,65518.1019,108.1700,7087093.0828,-54068.5649
Leeder,2023-04-30,PCAR,Equities,122176.3718,74.2000,9065486.7880,-24073.8058
Leeder,2023-04-30,PPL,Equities,121465.4836,28.4600,3456907.6646,-5487.0927
Leeder,2023-04-30,PRU,Equities,231168.5674,84.5200,19538367.3150,-8490.2325
Leeder,2023-04-30,REGN,Equities,119983.4626,801.7900,96201540.4523,-116173.5840
Leeder,2023-04-30,RHI,Equities,127665.1202,72.0300,9195718.6070,13029.3923
Leeder,2023-04-30,SEDG,Equities,189839.1052,285.6300,54223743.6103,727748.2004
Leeder,2023-04-30,SHW,Equities,138868.2684,236.3800,32825681.2860,225181.3039
Leeder,2023-04-30,TJX,Equities,87124.4135,78.1900,6812257.8926,-3772.1170
Leeder,2023-04-30,TPR,Equities,70331.4533,40.5300,2850533.8004,4630.9286
Leeder,2023-04-30,TRMB,Equities,168815.4874,47.1000,7951209.4580,101954.5585
Leeder,2023-04-30,TSN,Equities,224289.0257,61.9200,13887976.4713,49540.2819
Leeder,2023-04-30,VLO,Equities,113032.6927,112.7200,12741045.1245,14910.5779
Leeder,2023-04-30,VRSK,Equities,8340.8254,193.8100,1616535.3799,-627.0373
Leeder,2023-04-30,WEC,Equities,120403.4546,94.5300,11381738.5637,38541.8921
Leeder,2023-04-30,WRK,Equities,124911.7298,29.4000,3672404.8553,7857.7526
Leeder,2023-04-30,WST,Equities,143754.8151,361.0600,51904113.5371,390171.5196
Leeder,2023-04-30,WTW,Equities,123790.9314,230.7600,28565995.3192,1624.5430
Leeder,2023-04-30,XEL,Equities,45577.0046,69.3300,3159853.7301,8615.0006
Leeder,2023-05-31,AAP,Equities,15956.5827,72.6300,1158926.5997,22058.5817
Leeder,2023-05-31,ABC,Equities,179350.7795,169.7100,30437620.7826,-59071.9987
Leeder,2023-05-31,ALL,Equities,131409.4754,107.5600,14134403.1756,147879.3680
Leeder,2023-05-31,APD,Equities,144083.5793,267.5400,38548120.8192,-85318.5789
Leeder,2023-05-31,AVGO,Equities,144863.4826,803.6800,116423883.6911,-4197581.0608
Leeder,2023-05-31,AZO,Equities,132822.4814,2386.8400,317026011.5246,-4031513.3369
Leeder,2023-05-31,BA,Equities,80516.4241,205.7000,16562228.4292,7513.3821
Leeder,2023-05-31,BBY,Equities,9043.2711,71.8100,649397.3008,648.1762
Leeder,2023-05-31,C,Equities,87743.7460,43.8100,3844053.5136,15479.1819
Leeder,2023-05-31,CDW,Equities,55023.2189,171.2000,9419975.0825,26513.9235
Leeder,2023-05-31,CFG,Equities,163014.2860,25.4400,4147083.4348,54160.0386
Leeder,2023-05-31,CHD,Equities,44640.7929,92.1900,4115434.6939,19122.6456
Leeder,2023-05-31,CHTR,Equities,226295.6270,326.1500,73806318.7444,-1371827.8397
Leeder,2023-05-31,COST,Equities,54265.2005,510.6000,27707811.3889,10445.0478
Leeder,2023-05-31,CRM,Equities,41965.7616,223.3800,9374311.8304,135379.4329
Leeder,2023-05-31,DOV,Equities,176594.5203,133.3300,23545347.3851,-320621.8876
Leeder,2023-05-31,EG,Equities,51519.0231,340.0200,17517498.2316,-150060.8922
Leeder,2023-05-31,EIX,Equities,41497.3279,66.8000,2772021.5023,-31959.6727
Leeder,2023-05-31,EMR,Equities,183328.4909,77.2600,14163959.2086,138664.5755
Leeder,2023-05-31,EQT,Equities,109299.5668,34.6500,3787229.9895,1895.0460
Leeder,2023-05-31,EXR,Equities,179839.8685,141.7200,25486906.1708,107806.1033
Leeder,2023-05-31,FICO,Equities,207041.3200,787.6700,163080236.4974,458219.9341
Leeder,2023-05-31,FSLR,Equities,160648.1833,202.9600,32605155.2791,-540727.9434
Leeder,2023-05-31,FTV,Equities,62593.0754,65.1100,4075435.1393,-30514.2779
Leeder,2023-05-31,GOOG,Equities,116546.4786,123.3700,14378339.0599,94275.9172
Leeder,2023-05-31,HCA,Equities,92001.8620,263.6300,24254450.8817,-439061.2728
Leeder,2023-05-31,HOLX,Equities,92627.7518,78.8900,7307403.3380,124515.9340
Leeder,2023-05-31,ILMN,Equities,22502.8520,196.6500,4425185.8433,1533.6594
Leeder,2023-05-31,INTC,Equities,122477.5956,31.3300,3837223.0702,-3410.4558
Leeder,2023-05-31,IP,Equities,172029.5248,29.0600,4999177.9920,13095.0960
Leeder,2023-05-31,IR,Equities,148934.3890,56.6400,8435643.7934,-2825.0120
Leeder,2023-05-31,IT,Equities,76535.8438,342.8600,26241079.4061,-158865.0204
Leeder,2023-05-31,J,Equities,97741.0974,109.3800,10690921.2385,24348.0055
Leeder,2023-05-31,KEY,Equities,159649.1039,9.3400,1491122.6301,4812.2530
Leeder,2023-05-31,KR,Equities,159395.9939,45.0600,7182383.4857,63990.1514
Leeder,2023-05-31,LMT,Equities,51881.8031,444.0100,23036039.3935,-70632.6156
Leeder,2023-05-31,LNC,Equities,15656.0146,20.5500,321731.1001,1021.6200
Leeder,2023-05-31,MA,Equities,111635.2602,364.4900,40689935.9945,355624.8632
Leeder,2023-05-31,MGM,Equities,211065.8338,39.2900,8292776.6106,84393.0227
Leeder,2023-05-31,MS,Equities,170649.8789,81.0100,13824346.6877,76524.5571
Leeder,2023-05-31,MSCI,Equities,127466.0256,469.3400,59824904.4555,104718.3012
Leeder,2023-05-31,MSFT,Equities,116106.6508,327.7000,38048149.4784,353147.4019
Leeder,2023-05-31,MTB,Equities,3193.3821,119.1600,380523.4074,-3503.7532
Leeder,2023-05-31,NI,Equities,80707.2401,26.6500,2150847.9490,-6945.7044
Leeder,2023-05-31,ODFL,Equities,130104.0084,310.0400,40337446.7538,91821.0458
Leeder,2023-05-31,OXY,Equities,212336.9573,57.4900,12207251.6725,-25206.5876
Leeder,2023-05-31,PARA,Equities,95122.7864,15.1600,1442061.4424,65090.8969
Leeder,2023-05-31,PAYX,Equities,67628.5537,104.1800,7045542.7231,42103.5131
Leeder,2023-05-31,PCAR,Equities,124019.8614,68.5600,8502801.7003,51986.4077
Leeder,2023-05-31,PPL,Equities,117212.2036,25.9700,3044000.9286,-52953.3361
Leeder,2023-05-31,PRU,Equities,226679.6361,77.6300,17597140.1510,-154643.6824
Leeder,2023-05-31,REGN,Equities,121116.0640,735.5600,89088132.0669,375060.9782
Leeder,2023-05-31,RHI,Equities,122993.0776,64.6100,7946582.7457,-173332.7788
Leeder,2023-05-31,SEDG,Equities,188518.0646,284.8300,53695600.3537,-5284.1621
Leeder,2023-05-31,SHW,Equities,137552.3098,227.2800,31262888.9608,-59876.1187
Leeder,2023-05-31,TJX,Equities,85554.5252,76.5000,6544921.1815,-13265.5558
Leeder,2023-05-31,TPR,Equities,66792.5040,39.7400,2654334.1076,-13978.8497
Leeder,2023-05-31,TRMB,Equities,165911.2802,46.6700,7743079.4472,-6244.0455
Leeder,2023-05-31,TSN,Equities,235252.4244,50.6400,11913182.7700,618335.6849
Leeder,2023-05-31,VLO,Equities,110554.0512,106.1900,11739734.6975,-80927.6458
Leeder,2023-05-31,VRSK,Equities,8384.2672,218.7700,1834226.1455,-5421.5365
Leeder,2023-05-31,WEC,Equities,119346.0976,86.5700,10331791.6696,-42082.8086
Leeder,2023-05-31,WRK,Equities,121099.3430,27.7900,3365350.7433,-30689.7131
Leeder,2023-05-31,WST,Equities,146058.2960,334.4600,48850657.6813,306362.9612
Leeder,2023-05-31,WTW,Equities,128221.5031,218.0600,27959980.9613,281341.3045
Leeder,2023-05-31,XEL,Equities,45698.7236,64.7500,2958992.3544,2787.3652
Leeder,2023-06-30,AAP,Equities,15953.4680,70.0500,1117540.4320,-40.1796
Leeder,2023-06-30,ABC,Equities,179966.6694,191.9300,34541002.8624,-68425.3746
Leeder,2023-06-30,ALL,Equities,128404.9422,109.0400,14001274.9000,22233.5456
Leeder,2023-06-30,APD,Equities,141261.7476,299.5300,42312131.2621,451351.9865
Leeder,2023-06-30,AVGO,Equities,138922.0379,867.4300,120505143.3175,1893835.5029
Leeder,2023-06-30,AZO,Equities,128612.8071,2493.3600,320678028.7960,2242072.5184
Leeder,2023-06-30,BA,Equities,78624.1649,211.1600,16602278.6517,51658.6762
Leeder,2023-06-30,BBY,Equities,8886.3889,81.9500,728239.5681,7953.9311
Leeder,2023-06-30,C,Equities,85528.2143,45.5100,3892389.0315,18832.0200
Leeder,2023-06-30,CDW,Equities,56338.6038,182.9700,10308274.3434,-77410.4010
Leeder,2023-06-30,CFG,Equities,157343.2460,25.7400,4050015.1508,8506.5600
Leeder,2023-06-30,CHD,Equities,42746.7304,99.9500,4272535.7051,73489.6229
Leeder,2023-06-30,CHTR,Equities,230564.0706,367.3700,84702322.6334,-879726.2366
Leeder,2023-06-30,COST,Equities,55095.6766,537.3600,29606212.7683,-111117.6963
Leeder,2023-06-30,CRM,Equities,43248.6881,211.2600,9136717.8504,77745.3455
Leeder,2023-06-30,DOV,Equities,180882.9635,147.6500,26707369.5643,-307052.5383
Leeder,2023-06-30,EG,Equities,53171.4508,341.8600,18177192.1618,-15202.3347
Leeder,2023-06-30,EIX,Equities,41672.8983,68.7100,2863344.8435,-1676.6977
Leeder,2023-06-30,EMR,Equities,182673.4214,89.9000,16422340.5817,41400.3953
Leeder,2023-06-30,EQT,Equities,112309.3458,40.9800,4602436.9905,-95259.5052
Leeder,2023-06-30,EXR,Equities,180926.7332,147.8600,26751826.7688,-33366.7443
Leeder,2023-06-30,FICO,Equities,201151.9234,809.2100,162774147.9703,634288.0054
Leeder,2023-06-30,FSLR,Equities,156924.0736,190.0900,29829697.1453,-239646.4599
Leeder,2023-06-30,FTV,Equities,62636.1074,74.7700,4683301.7481,-2078.4442
Leeder,2023-06-30,GOOG,Equities,116893.5212,120.9700,14140609.2547,4164.5112
Leeder,2023-06-30,HCA,Equities,95225.5714,303.4800,28899056.4004,-642324.0907
Leeder,2023-06-30,HOLX,Equities,93912.9733,80.9700,7604133.4491,-13366.3039
Leeder,2023-06-30,ILMN,Equities,22491.3768,187.4900,4216908.2353,-525.5638
Leeder,2023-06-30,INTC,Equities,121694.4137,33.3200,4054857.8655,7792.6596
Leeder,2023-06-30,IP,Equities,174740.2931,31.3900,5485097.8009,-31580.4503
Leeder,2023-06-30,IR,Equities,151876.7922,65.3400,9923629.6043,-127994.5402
Leeder,2023-06-30,IT,Equities,79681.6858,350.3100,27913291.3491,-117182.6140
Leeder,2023-06-30,J,Equities,97319.1382,118.6500,11546915.7513,19557.8095
Leeder,2023-06-30,KEY,Equities,156706.7006,9.2400,1447969.9140,-1471.2016
Leeder,2023-06-30,KR,Equities,161800.5385,46.7200,7559321.1578,-19957.7199
Leeder,2023-06-30,LMT,Equities,52441.2187,460.3800,24142888.2742,-45788.1686
Leeder,2023-06-30,LNC,Equities,15796.1759,25.3100,399801.2116,-3335.8384
Leeder,2023-06-30,MA,Equities,111525.4262,392.7300,43799380.6427,15508.5584
Leeder,2023-06-30,MGM,Equities,209546.0266,43.9200,9203261.4869,35183.5378
Leeder,2023-06-30,MS,Equities,164792.9408,84.6200,13944778.6467,105717.7331
Leeder,2023-06-30,MSCI,Equities,130273.7592,468.1000,60981146.7029,17407.9486
Leeder,2023-06-30,MSFT,Equities,120603.6147,339.8200,40983520.3619,-272516.0129
Leeder,2023-06-30,MTB,Equities,3370.1000,123.7600,417083.5797,-4064.5131
Leeder,2023-06-30,NI,Equities,78973.9943,27.1100,2140984.9852,3986.4654
Leeder,2023-06-30,ODFL,Equities,131384.0661,369.7500,48579258.4259,-382161.2247
Leeder,2023-06-30,OXY,Equities,214190.6926,58.8000,12594412.7246,-12141.9665
Leeder,2023-06-30,PARA,Equities,91254.3352,15.9100,1451856.4730,14506.6921
Leeder,2023-06-30,PAYX,Equities,67890.6799,111.0700,7540617.8125,-9030.2468
Leeder,2023-06-30,PCAR,Equities,119043.6443,83.3800,9925859.0637,368737.6883
Leeder,2023-06-30,PPL,Equities,122959.5537,26.4600,3253509.7903,-14081.0076
Leeder,2023-06-30,PRU,Equities,225654.2457,87.0300,19638689.0045,48193.3484
Leeder,2023-06-30,REGN,Equities,121489.5815,718.5400,87295123.9267,31786.3399
Leeder,2023-06-30,RHI,Equities,121385.8950,74.7400,9072381.7916,81403.8007
Leeder,2023-06-30,SEDG,Equities,183531.6018,269.0500,49379177.4709,-393431.9168
Leeder,2023-06-30,SHW,Equities,142095.8302,264.9300,37645448.2833,-855317.7158
Leeder,2023-06-30,TJX,Equities,87536.6188,84.4600,7393342.8248,-78887.3238
Leeder,2023-06-30,TPR,Equities,70820.2964,42.8000,3031108.6878,-61625.2249
Leeder,2023-06-30,TRMB,Equities,165202.1133,52.9400,8745799.8794,22232.3817
Leeder,2023-06-30,TSN,Equities,233225.5776,51.0400,11903833.4785,4053.6936
Leeder,2023-06-30,VLO,Equities,108352.0438,116.3700,12608927.3346,112082.1780
Leeder,2023-06-30,VRSK,Equities,8232.6308,226.0300,1860821.5346,5504.4038
Leeder,2023-06-30,WEC,Equities,126255.8026,87.4500,11041069.9415,-30402.7022
Leeder,2023-06-30,WRK,Equities,123030.4540,28.8400,3548198.2925,-10138.3323
Leeder,2023-06-30,WST,Equities,149652.9000,382.2800,57209310.6018,-859469.8092
Leeder,2023-06-30,WTW,Equities,123222.9093,235.5000,29018995.1491,435877.3742
Leeder,2023-06-30,XEL,Equities,44337.2740,62.1700,2756448.3262,-17562.6998
Leeder,2023-07-31,AAP,Equities,15518.9680,74.3900,1154456.0312,9428.6491
Leeder,2023-07-31,ABC,Equities,185419.1070,186.4100,34563975.7391,150487.2776
Leeder,2023-07-31,ALL,Equities,130710.1444,112.6800,14728419.0725,-41954.6799
Leeder,2023-07-31,APD,Equities,142665.5735,305.3300,43560079.5419,-40710.9493
Leeder,2023-07-31,AVGO,Equities,139347.4396,898.6500,125224576.6403,-66405.2162
Leeder,2023-07-31,AZO,Equities,133865.0026,2481.7200,332215454.3109,305677.7775
Leeder,2023-07-31,BA,Equities,79323.8237,238.8500,18946495.2963,-96867.7697
Leeder,2023-07-31,BBY,Equities,8942.2895,83.0500,742657.1390,-307.4532
Leeder,2023-07-31,C,Equities,85293.6286,47.1100,4018182.8413,1876.6857
Leeder,2023-07-31,CDW,Equities,55903.8580,186.5300,10427746.6288,7738.4762
Leeder,2023-07-31,CFG,Equities,160315.3207,31.8400,5104439.8124,-90648.2811
Leeder,2023-07-31,CHD,Equities,43237.6227,95.4000,4124869.2101,11167.8005
Leeder,2023-07-31,CHTR,Equities,224479.2680,405.1900,90956754.5986,1150636.1815
Leeder,2023-07-31,COST,Equities,55931.7263,559.6100,31299953.3564,-93010.5314
Leeder,2023-07-31,CRM,Equities,43112.2973,225.0100,9700698.0053,9376.8714
Leeder,2023-07-31,DOV,Equities,181419.0189,145.9700,26481734.1936,4502.8654
Leeder,2023-07-31,EG,Equities,53528.1653,360.5100,19297438.8802,-33263.6315
Leeder,2023-07-31,EIX,Equities,40924.6338,71.9600,2944936.6497,12159.2981
Leeder,2023-07-31,EMR,Equities,177760.3998,90.8600,16151309.9243,23582.5036
Leeder,2023-07-31,EQT,Equities,111551.3274,42.0300,4688502.2896,3979.5967
Leeder,2023-07-31,EXR,Equities,176669.8467,139.5700,24657810.5028,-176447.9452
Leeder,2023-07-31,FICO,Equities,208617.3557,837.9700,174815085.5179,-1073529.1518
Leeder,2023-07-31,FSLR,Equities,163621.0777,207.4000,33935011.5213,-579625.7099
Leeder,2023-07-31,FTV,Equities,61763.1731,78.3500,4839144.6127,15625.5234
Leeder,2023-07-31,GOOG,Equities,116833.6862,133.1100,15551731.9739,3631.9803
Leeder,2023-07-31,HCA,Equities,91357.1201,272.8100,24923135.9446,-593226.9971
Leeder,2023-07-31,HOLX,Equities,94399.5215,79.4200,7497209.9946,3770.7482
Leeder,2023-07-31,ILMN,Equities,23485.1284,192.1500,4512667.4304,-23154.4134
Leeder,2023-07-31,INTC,Equities,121935.3928,35.6400,4345777.3983,-2795.3568
Leeder,2023-07-31,IP,Equities,175921.9101,35.5900,6261060.7788,-24813.9557
Leeder,2023-07-31,IR,Equities,155047.8796,65.2500,10116874.1465,1426.9893
Leeder,2023-07-31,IT,Equities,77672.7075,353.5900,27464292.6418,32947.2441
Leeder,2023-07-31,J,Equities,93550.2753,125.4100,11732140.0218,127387.5681
Leeder,2023-07-31,KEY,Equities,158003.8892,12.3100,1945027.8756,-19911.8437
Leeder,2023-07-31,KR,Equities,154365.4336,48.3500,7463568.7129,60596.1051
Leeder,2023-07-31,LMT,Equities,52425.2354,446.3700,23401052.3327,-1119.6304
Leeder,2023-07-31,LNC,Equities,15925.4357,28.0400,446549.2177,-1764.3969
Leeder,2023-07-31,MA,Equities,108428.1079,394.2800,42751034.3872,24004.2170
Leeder,2023-07-31,MGM,Equities,205527.9060,50.7700,10434651.7897,137620.6281
Leeder,2023-07-31,MS,Equities,163611.5697,91.5600,14980275.3230,40993.5751
Leeder,2023-07-31,MSCI,Equities,129041.4056,546.7000,70546936.4221,484314.9967
Leeder,2023-07-31,MSFT,Equities,119824.6131,335.2100,40166408.5643,-17955.9874
Leeder,2023-07-31,MTB,Equities,3318.6256,139.8600,464142.9759,4143.6919
Leeder,2023-07-31,NI,Equities,78878.5863,27.8400,2195979.8416,348.2393
Leeder,2023-07-31,ODFL,Equities,129180.2554,419.4900,54189825.3338,548087.7137
Leeder,2023-07-31,OXY,Equities,212695.0652,63.1300,13427439.4672,32380.3327
Leeder,2023-07-31,PARA,Equities,91095.4858,16.0300,1460260.6366,95.3097
Leeder,2023-07-31,PAYX,Equities,68408.2110,124.5700,8521610.8485,-34933.3540
Leeder,2023-07-31,PCAR,Equities,118899.0569,85.8600,10208673.0255,1792.8840
Leeder,2023-07-31,PPL,Equities,119887.0710,27.5300,3300491.0633,16437.7826
Leeder,2023-07-31,PRU,Equities,225221.3031,95.1900,21438815.8425,17664.0585
Leeder,2023-07-31,REGN,Equities,119465.3576,741.9100,88632543.4853,236530.5641
Leeder,2023-07-31,RHI,Equities,127229.0629,73.6800,9374237.3531,30968.7898
Leeder,2023-07-31,SEDG,Equities,188201.7592,241.4600,45443196.7693,644248.2058
Leeder,2023-07-31,SHW,Equities,137012.0741,275.8900,37800261.1224,278589.8321
Leeder,2023-07-31,TJX,Equities,85300.1858,86.2000,7352876.0167,19456.9671
Leeder,2023-07-31,TPR,Equities,67983.6289,43.1500,2933493.5879,4964.1682
Leeder,2023-07-31,TRMB,Equities,173188.6832,53.8000,9317551.1558,-34342.2504
Leeder,2023-07-31,TSN,Equities,231475.1189,55.7200,12897793.6276,40960.7315
Leeder,2023-07-31,VLO,Equities,113121.2156,127.8900,14467072.2684,-274704.2992
Leeder,2023-07-31,VRSK,Equities,7982.6355,228.9400,1827544.5754,3637.4310
Leeder,2023-07-31,WEC,Equities,120305.0958,89.0600,10714371.8331,47903.1900
Leeder,2023-07-31,WRK,Equities,123242.2532,33.0300,4070691.6243,-4437.1946
Leeder,2023-07-31,WST,Equities,143182.6128,368.0400,52696928.8250,-460684.4448
Leeder,2023-07-31,WTW,Equities,125507.6201,211.3300,26523525.3586,276107.2972
Leeder,2023-07-31,XEL,Equities,44959.3934,62.7300,2820302.7466,-1741.9342
Leeder,2023-08-31,AAP,Equities,15757.2422,62.7100,988136.6579,13915.2115
Leeder,2023-08-31,ABC,Equities,183951.8398,179.5400,33026713.3101,-50400.6304
Leeder,2023-08-31,ALL,Equities,127666.7595,105.2100,13431819.7669,-113670.4265
Leeder,2023-08-31,APD,Equities,138071.2343,293.8700,40574993.6355,-263255.6311
Leeder,2023-08-31,AVGO,Equities,141261.7476,858.6200,121290161.7344,383148.7388
Leeder,2023-08-31,AZO,Equities,131410.4590,2451.6900,322177708.2327,-368549.7246
Leeder,2023-08-31,BA,Equities,80102.9893,222.0200,17784465.6792,65566.7813
Leeder,2023-08-31,BBY,Equities,9109.9912,73.5600,670130.9519,7957.4475
Leeder,2023-08-31,C,Equities,85441.3307,40.1800,3433032.6665,5117.8784
Leeder,2023-08-31,CDW,Equities,55084.5293,212.9900,11732453.8855,108397.1905
Leeder,2023-08-31,CFG,Equities,158130.4441,26.8600,4247383.7296,-54403.4274
Leeder,2023-08-31,CHD,Equities,42299.2799,98.4400,4163941.1118,14262.8115
Leeder,2023-08-31,CHTR,Equities,223298.6346,459.1200,102520869.1377,318357.7829
Leeder,2023-08-31,COST,Equities,54220.6112,520.5500,28224539.1644,-334180.7780
Leeder,2023-08-31,CRM,Equities,41441.5093,208.1600,8626464.5685,-140763.8882
Leeder,2023-08-31,DOV,Equities,179524.9565,141.4400,25392009.8456,-42900.5144
Leeder,2023-08-31,EG,Equities,52867.1942,362.1300,19144797.0533,5353.8657
Leeder,2023-08-31,EIX,Equities,42993.8569,70.9100,3048694.3912,10863.4211
Leeder,2023-08-31,EMR,Equities,179943.9649,95.0700,17107272.7464,-45964.0465
Leeder,2023-08-31,EQT,Equities,113156.5428,44.2100,5002650.7590,-17496.8486
Leeder,2023-08-31,EXR,Equities,176561.1602,128.9800,22772858.4462,-5754.9483
Leeder,2023-08-31,FICO,Equities,202665.7472,883.5900,179073427.5667,1357561.8889
Leeder,2023-08-31,FSLR,Equities,155853.1922,147.9600,23060038.3237,-2308615.5681
Leeder,2023-08-31,FTV,Equities,60048.0417,73.6600,4423138.7510,-40219.8316
Leeder,2023-08-31,GOOG,Equities,116929.4221,132.9100,15541089.4937,95.7359
Leeder,2023-08-31,HCA,Equities,90983.3567,276.0000,25111406.4582,5961.5263
Leeder,2023-08-31,HOLX,Equities,93867.0725,78.6500,7382645.2555,-2049.9283
Leeder,2023-08-31,ILMN,Equities,22711.7005,140.4700,3190312.5673,-199853.7841
Leeder,2023-08-31,INTC,Equities,121091.9661,33.2500,4026307.8741,-10078.9482
Leeder,2023-08-31,IP,Equities,175348.4783,31.2900,5486653.8862,-12328.7826
Leeder,2023-08-31,IR,Equities,149376.5118,71.1200,10623657.5172,166454.6470
Leeder,2023-08-31,IT,Equities,76169.8671,348.0100,26507875.4619,-41929.2459
Leeder,2023-08-31,J,Equities,95909.4109,136.5000,13091634.5831,-130814.0687
Leeder,2023-08-31,KEY,Equities,156358.6745,10.0600,1572968.2650,-18508.6654
Leeder,2023-08-31,KR,Equities,153954.1299,47.8600,7368244.6565,-1007.6940
Leeder,2023-08-31,LMT,Equities,52185.4859,438.8300,22900556.7617,-9038.5581
Leeder,2023-08-31,LNC,Equities,15688.7189,26.3600,413554.6303,-1988.4213
Leeder,2023-08-31,MA,Equities,111108.0571,407.8500,45315421.0856,-181834.5520
Leeder,2023-08-31,MGM,Equities,207235.0868,43.2600,8964989.8542,64104.6369
Leeder,2023-08-31,MS,Equities,163728.0429,81.0000,13261971.4761,6149.7850
Leeder,2023-08-31,MSCI,Equities,128228.3062,471.1000,60408355.0642,-307351.5490
Leeder,2023-08-31,MSFT,Equities,117416.7899,345.3600,40551062.5688,122197.0272
Leeder,2023-08-31,MTB,Equities,3358.2970,123.1500,413574.2725,3314.5437
Leeder,2023-08-31,NI,Equities,81311.4910,26.7000,2171016.8084,13867.5567
Leeder,2023-08-31,ODFL,Equities,129259.4342,372.5600,48156894.8119,18579.3116
Leeder,2023-08-31,OXY,Equities,213937.9105,61.1400,13080163.8482,12366.3106
Leeder,2023-08-31,PARA,Equities,93244.6253,15.0200,1400534.2725,10853.1549
Leeder,2023-08-31,PAYX,Equities,67299.2157,122.4800,8242807.9352,-11589.0016
Leeder,2023-08-31,PCAR,Equities,119417.1618,86.6800,10351079.5875,-2124.2302
Leeder,2023-08-31,PPL,Equities,122875.2110,25.3400,3113657.8471,32720.1337
Leeder,2023-08-31,PRU,Equities,224195.9127,94.4000,21164094.1600,-4050.2921
Leeder,2023-08-31,REGN,Equities,121778.7564,836.5600,101875236.4491,-1094815.9613
Leeder,2023-08-31,RHI,Equities,122407.5150,74.8200,9158530.2696,27482.8231
Leeder,2023-08-31,SEDG,Equities,185745.7402,139.8200,25970969.3903,-1248148.8571
Leeder,2023-08-31,SHW,Equities,136541.0994,262.7000,35869346.8177,-31060.7799
Leeder,2023-08-31,TJX,Equities,90308.0417,88.7000,8010323.2961,-62598.1983
Leeder,2023-08-31,TPR,Equities,67315.7727,32.0100,2154777.8852,-37199.5897
Leeder,2023-08-31,TRMB,Equities,164492.9464,51.5500,8479611.3892,-97827.0384
Leeder,2023-08-31,TSN,Equities,230438.6632,55.1900,12717909.8214,-2746.6078
Leeder,2023-08-31,VLO,Equities,110952.4043,128.4200,14248507.7612,5747.3500
Leeder,2023-08-31,VRSK,Equities,7981.8159,232.1000,1852579.4614,12.9506
Leeder,2023-08-31,WEC,Equities,120096.0834,84.1200,10102482.5342,-5162.6070
Leeder,2023-08-31,WRK,Equities,126082.8551,31.0900,3919915.9653,27553.8382
Leeder,2023-08-31,WST,Equities,145970.2649,394.2000,57541478.4180,-364624.8892
Leeder,2023-08-31,WTW,Equities,129849.8329,198.7700,25810251.2772,272690.9604
Leeder,2023-08-31,XEL,Equities,46266.7456,57.3600,2653860.5297,35102.4082
Magnum,2022-08-31,A,Equities,167887.8846,127.3900,21387237.6201,-33368.3544
Magnum,2022-08-31,AEP,Equities,21839.0744,96.4700,2106815.5093,8819.5314
Magnum,2022-08-31,AJG,Equities,172665.1821,179.5700,31005486.7563,90822.9965
Magnum,2022-08-31,AMP,Equities,21156.6033,263.6900,5578784.7360,13508.9481
Magnum,2022-08-31,ANSS,Equities,40265.7935,248.3000,9997996.5168,15566.8999
Magnum,2022-08-31,ATO,Equities,49137.9174,110.5400,5431705.3945,-2678.7734
Magnum,2022-08-31,ATVI,Equities,83943.9423,77.6500,6518247.1199,-5972.2282
Magnum,2022-08-31,BG,Equities,190409.4301,96.6700,18406879.6081,-7919.7160
Magnum,2022-08-31,CCL,Equities,3412.3554,9.4600,32280.8819,-221.2847
Magnum,2022-08-31,CHTR,Equities,2729.8843,412.6300,1126432.1598,-8965.1402
Magnum,2022-08-31,CI,Equities,63469.8100,278.8600,17699191.2262,-53545.4363
Magnum,2022-08-31,CLX,Equities,27981.3141,139.8800,3914026.2165,-3980.2046
Magnum,2022-08-31,CNC,Equities,109195.3721,89.7400,9799192.6924,-823.6605
Magnum,2022-08-31,CPRT,Equities,176760.0086,29.9100,5286891.8569,16760.4645
Magnum,2022-08-31,CRL,Equities,107830.4300,205.2500,22132195.7474,42348.0748
Magnum,2022-08-31,DE0001030567,Government Bond,6068.4387,121.6600,738286.2479,88.3550
Magnum,2022-08-31,DFS,Equities,32076.1406,97.9200,3140895.6831,16437.3249
Magnum,2022-08-31,DHI,Equities,29346.2563,70.4600,2067737.2155,-1105.9729
Magnum,2022-08-31,DHR,Equities,165158.0003,268.7900,44392818.9018,553.3485
Magnum,2022-08-31,DOW,Equities,147413.7523,48.9800,7220325.5895,3728.7567
Magnum,2022-08-31,EA,Equities,30028.7273,126.2800,3792027.6870,-2347.8699
Magnum,2022-08-31,EMR,Equities,9554.5951,79.8400,762838.8695,-3435.2550
Magnum,2022-08-31,ES0000012C12,Government Bond,5282.2196,131.0200,692076.4146,-13.3261
Magnum,2022-08-31,FFIV,Equities,197916.6119,157.0600,31084783.0705,-103018.8606
Magnum,2022-08-31,FICO,Equities,81896.5291,449.4000,36804300.1670,95261.4647
Magnum,2022-08-31,FTNT,Equities,129669.5044,48.6900,6313608.1678,24110.0856
Magnum,2022-08-31,GB00B4PTCY75,Government Bond,4921.3688,350.2100,1723512.5698,113.6161
Magnum,2022-08-31,GB00B54QLM75,Government Bond,8546.4665,194.8200,1665022.6059,-42.1103
Magnum,2022-08-31,GB00B73ZYW09,Government Bond,5041.2603,271.5200,1368803.0022,-93.5102
Magnum,2022-08-31,GB00B7RN0G65,Government Bond,4755.9550,225.1100,1070613.0369,179.6163
Magnum,2022-08-31,GB00BLH38265,Government Bond,892.2508,166.9200,148934.5104,16.2250
Magnum,2022-08-31,GB00BMBL1F74,Government Bond,6488.1193,88.0700,571408.6671,106.2569
Magnum,2022-08-31,GB00BNNGP882,Government Bond,1276.5198,213.0900,272013.5993,6.2138
Magnum,2022-08-31,GWW,Equities,7507.1818,548.9100,4120767.1794,27082.3781
Magnum,2022-08-31,HCA,Equities,21156.6033,195.9900,4146482.6895,-24766.8949
Magnum,2022-08-31,HIG,Equities,99640.7770,63.2100,6298293.5169,-10378.0013
Magnum,2022-08-31,IDXX,Equities,79166.6448,347.6200,27519909.0564,82983.0172
Magnum,2022-08-31,INTC,Equities,87356.2977,30.8800,2697562.4724,-9787.6623
Magnum,2022-08-31,IQV,Equities,106465.4878,212.6600,22640950.6355,80186.6475
Magnum,2022-08-31,IT0003745541,Government Bond,4170.8923,180.0400,750927.4435,93.8921
Magnum,2022-08-31,IT0004243512,Government Bond,5517.6869,135.0300,745053.2601,10.1954
Magnum,2022-08-31,JNJ,Equities,9554.5951,156.8300,1498447.1431,-812.1991
Magnum,2022-08-31,JP1201401C92,Government Bond,5858614.6718,116.7200,683817504.4906,-17625.5573
Magnum,2022-08-31,JPM,Equities,158333.2895,110.2700,17459411.8385,15258.9814
Magnum,2022-08-31,K,Equities,147413.7523,70.8800,10448686.7657,6041.9228
Magnum,2022-08-31,KLAC,Equities,68247.1076,339.7400,23186272.3237,3256.7844
Magnum,2022-08-31,LDOS,Equities,103735.6035,93.5900,9708615.1313,-7152.9181
Magnum,2022-08-31,LUV,Equities,204058.8516,36.1300,7372646.3089,-44169.2702
Magnum,2022-08-31,LYB,Equities,3412.3554,78.7200,268620.6154,1338.5973
Magnum,2022-08-31,MCK,Equities,182902.2483,365.4100,66834310.5407,97114.6708
Magnum,2022-08-31,MLM,Equities,167205.4135,345.8600,57829664.3240,-69200.0592
Magnum,2022-08-31,MO,Equities,105783.0167,41.4700,4386821.7035,13995.0267
Magnum,2022-08-31,MRNA,Equities,6824.7108,132.2700,902704.4917,11471.9213
Magnum,2022-08-31,MSFT,Equities,171982.7111,258.9700,44538362.6834,-29924.0636
Magnum,2022-08-31,NFLX,Equities,60739.9257,223.5600,13579017.7966,-34494.4881
Magnum,2022-08-31,NL0011819040,Government Bond,31516.9840,104.5900,3296361.3577,156.0993
Magnum,2022-08-31,NOC,Equities,157650.8185,470.5800,74187322.1568,279311.8587
Magnum,2022-08-31,NTAP,Equities,119432.4382,69.9900,8359076.3522,38831.5324
Magnum,2022-08-31,NVDA,Equities,180172.3640,150.8200,27173595.9337,90827.5751
Magnum,2022-08-31,ON,Equities,182902.2483,68.7700,12578187.6136,-8865.5485
Magnum,2022-08-31,PEG,Equities,152191.0499,62.0900,9449542.2863,1068.4435
Magnum,2022-08-31,PFE,Equities,180854.8350,43.4800,7863568.2277,-7206.9617
Magnum,2022-08-31,PGR,Equities,83261.4712,122.2800,10181212.7017,-902.9790
Magnum,2022-08-31,PH,Equities,166522.9425,260.6200,43399209.2628,152041.6473
Magnum,2022-08-31,PRU,Equities,36170.9670,90.8700,3286855.7721,20537.0010
Magnum,2022-08-31,PTC,Equities,113290.1986,114.8900,13015910.9121,65272.1450
Magnum,2022-08-31,QRVO,Equities,182219.7772,89.7800,16359691.5966,102906.8563
Magnum,2022-08-31,RF,Equities,103735.6035,20.8300,2160812.6208,223.6153
Magnum,2022-08-31,RTX,Equities,137176.6862,87.5900,12015305.9445,-19346.7199
Magnum,2022-08-31,SBUX,Equities,102370.6613,82.3200,8427152.8420,9911.7557
Magnum,2022-08-31,SO,Equities,99640.7770,74.0000,7373417.5012,18550.7270
Magnum,2022-08-31,SYK,Equities,85308.8845,202.8200,17302347.9451,126208.2420
Magnum,2022-08-31,TJX,Equities,123527.2647,61.3600,7579632.9614,-26087.7722
Magnum,2022-08-31,TMO,Equities,184949.6615,544.0300,100618164.3448,288005.7439
Magnum,2022-08-31,TROW,Equities,6824.7108,114.9500,784500.5014,2234.9550
Magnum,2022-08-31,TTWO,Equities,153555.9920,122.5600,18819822.3818,2555.3979
Magnum,2022-08-31,US912810QV35,Government Bond,8867.9764,154.7700,1372496.7025,-164.9089
Magnum,2022-08-31,US912810SG40,Government Bond,5664.0321,156.0000,883589.0141,15.3209
Magnum,2022-08-31,US9128283R96,Government Bond,11410.1368,125.8600,1436079.8191,11.6538
Magnum,2022-08-31,US912828B253,Government Bond,1862.3540,126.4800,235550.5278,-7.2805
Magnum,2022-08-31,US912828WU04,Government Bond,13162.2718,124.4700,1638307.9650,-92.9161
Magnum,2022-08-31,US91282CCA71,Government Bond,10267.0509,114.1500,1171983.8612,-83.0871
Magnum,2022-08-31,VLO,Equities,36170.9670,113.5000,4105404.7555,-11170.3193
Magnum,2022-08-31,WHR,Equities,21156.6033,148.8000,3148102.5777,-9219.3451
Magnum,2022-08-31,WY,Equities,79166.6448,32.5000,2572915.9552,14856.5057
Magnum,2022-08-31,ZTS,Equities,192456.8433,155.1600,29861603.8111,140282.1680
Magnum,2022-09-30,A,Equities,164211.1399,120.7300,19825210.9242,-122435.5976
Magnum,2022-09-30,AEP,Equities,22243.0973,83.2300,1851292.9880,26746.3144
Magnum,2022-09-30,AJG,Equities,174961.6291,169.8100,29710234.2305,112066.6098
Magnum,2022-09-30,AMP,Equities,21683.4028,247.8900,5375098.7122,41617.1544
Magnum,2022-09-30,ANSS,Equities,40885.8867,221.7000,9064401.0774,82472.3982
Magnum,2022-09-30,ATO,Equities,49757.0552,99.3000,4940875.5819,34795.5421
Magnum,2022-09-30,ATVI,Equities,86420.2886,73.5500,6356212.2266,50765.0991
Magnum,2022-09-30,BG,Equities,191266.2725,80.4900,15395022.2766,69318.5530
Magnum,2022-09-30,CCL,Equities,3360.8288,7.0300,23626.6265,-626.0478
Magnum,2022-09-30,CHTR,Equities,2684.5682,303.3500,814363.7705,-24760.7058
Magnum,2022-09-30,CI,Equities,61743.4312,274.0500,16920787.3208,-41519.4109
Magnum,2022-09-30,CLX,Equities,27679.1159,124.4200,3443835.6014,-23359.9203
Magnum,2022-09-30,CNC,Equities,109544.7973,77.8100,8523680.6774,20843.2126
Magnum,2022-09-30,CPRT,Equities,174656.5645,26.6000,4645864.6154,-34811.9999
Magnum,2022-09-30,CRL,Equities,110310.5298,196.8000,21709112.2725,104784.2203
Magnum,2022-09-30,DE0001030567,Government Bond,6181.9185,121.3200,749990.3485,192.9157
Magnum,2022-09-30,DFS,Equities,31161.9705,88.6000,2760950.5907,-42600.3223
Magnum,2022-09-30,DHI,Equities,29005.8397,66.7000,1934689.5067,-6399.8316
Magnum,2022-09-30,DHR,Equities,165290.1267,257.4600,42555596.0214,7484.9606
Magnum,2022-09-30,DOW,Equities,149374.3552,42.1900,6302104.0477,66562.4687
Magnum,2022-09-30,EA,Equities,29599.3165,115.1700,3408953.2844,-23853.7700
Magnum,2022-09-30,EMR,Equities,9427.5189,71.5200,674256.1549,-5286.3664
Magnum,2022-09-30,ES0000012C12,Government Bond,5300.1792,130.3100,690666.3472,63.7564
Magnum,2022-09-30,FFIV,Equities,193958.2797,144.7300,28071581.8205,-244031.1825
Magnum,2022-09-30,FICO,Equities,83870.2354,412.0100,34555375.6984,368984.4023
Magnum,2022-09-30,FTNT,Equities,130823.5630,49.1300,6427361.6482,-2538.9289
Magnum,2022-09-30,GB00B4PTCY75,Government Bond,5066.5492,349.4200,1770353.6167,573.4625
Magnum,2022-09-30,GB00B54QLM75,Government Bond,8510.5714,194.3700,1654199.7539,-80.7641
Magnum,2022-09-30,GB00B73ZYW09,Government Bond,4903.1298,270.9800,1328650.1098,-372.9524
Magnum,2022-09-30,GB00B7RN0G65,Government Bond,4689.8473,224.5400,1053058.3028,-188.4072
Magnum,2022-09-30,GB00BLH38265,Government Bond,881.6331,166.5000,146791.9038,-22.2973
Magnum,2022-09-30,GB00BMBL1F74,Government Bond,6551.0541,87.9000,575837.6520,53.4945
Magnum,2022-09-30,GB00BNNGP882,Government Bond,1248.6916,212.6600,265546.7654,-59.8305
Magnum,2022-09-30,GWW,Equities,7281.9664,483.8700,3523525.0709,-73240.0660
Magnum,2022-09-30,HCA,Equities,21317.3935,182.5400,3891277.0150,10813.1400
Magnum,2022-09-30,HIG,Equities,99730.4537,60.8800,6071590.0238,1044.7335
Magnum,2022-09-30,IDXX,Equities,81209.1442,325.8000,26457939.1834,222836.6884
Magnum,2022-09-30,INTC,Equities,88954.9179,24.9300,2217646.1040,47558.9524
Magnum,2022-09-30,IQV,Equities,105305.0140,181.1400,19074950.2328,-182890.6736
Magnum,2022-09-30,IT0003745541,Government Bond,4272.2449,179.0700,765030.9027,491.5605
Magnum,2022-09-30,IT0004243512,Government Bond,5459.7512,134.9200,736629.6282,-31.8646
Magnum,2022-09-30,JNJ,Equities,9272.7345,158.7900,1472417.5120,2762.2334
Magnum,2022-09-30,JP1201401C92,Government Bond,5866230.8709,116.6000,684002519.5419,4569.7194
Magnum,2022-09-30,JPM,Equities,156433.2901,101.3200,15849820.9502,-85024.9765
Magnum,2022-09-30,K,Equities,148858.4071,67.8800,10104508.6747,21669.8216
Magnum,2022-09-30,KLAC,Equities,70035.1818,298.7700,20924411.2610,366287.0036
Magnum,2022-09-30,LDOS,Equities,101048.8514,86.4600,8736683.6891,-95782.7135
Magnum,2022-09-30,LUV,Equities,199732.8040,30.3600,6063887.9283,-124806.4748
Magnum,2022-09-30,LYB,Equities,3398.0235,71.4000,242618.8769,-524.5473
Magnum,2022-09-30,MCK,Equities,182719.3460,338.4000,61832226.6941,-24700.9486
Magnum,2022-09-30,MLM,Equities,164095.3928,320.3800,52572881.9580,-396216.6361
Magnum,2022-09-30,MO,Equities,108036.1950,37.9400,4098893.2375,39768.5962
Magnum,2022-09-30,MRNA,Equities,6936.6360,118.2500,820257.2085,7845.9605
Magnum,2022-09-30,MSFT,Equities,176712.2356,230.6700,40762211.3893,669227.7244
Magnum,2022-09-30,NFLX,Equities,59670.9030,235.4400,14048917.4115,63499.9480
Magnum,2022-09-30,NL0011819040,Government Bond,31784.8784,104.2900,3314844.9657,401.8415
Magnum,2022-09-30,NOC,Equities,159321.9171,463.0300,73770827.2972,63083.9750
Magnum,2022-09-30,NTAP,Equities,120113.2031,60.0200,7209194.4521,33936.1302
Magnum,2022-09-30,NVDA,Equities,182604.6909,121.3300,22155427.1447,358646.6034
Magnum,2022-09-30,ON,Equities,179610.0078,62.3300,11195091.7863,-106010.1431
Magnum,2022-09-30,PEG,Equities,156711.1240,54.6800,8568964.2630,167468.7484
Magnum,2022-09-30,PFE,Equities,182048.4770,42.0600,7656958.9407,8474.8576
Magnum,2022-09-30,PGR,Equities,81771.0909,115.8600,9473998.5909,-47841.2088
Magnum,2022-09-30,PH,Equities,168271.4334,238.3100,40100765.2820,195044.1594
Magnum,2022-09-30,PRU,Equities,37086.0925,81.4000,3018807.9274,43331.1908
Magnum,2022-09-30,PTC,Equities,115476.6994,104.6000,12078862.7560,112495.4678
Magnum,2022-09-30,QRVO,Equities,183477.0937,79.4100,14569916.0074,65191.8586
Magnum,2022-09-30,RF,Equities,104358.0171,19.4700,2031850.5933,4232.4126
Magnum,2022-09-30,RTX,Equities,133239.7153,79.8900,10644520.8561,-151573.3794
Magnum,2022-09-30,SBUX,Equities,104499.9711,82.5100,8622292.6156,-2022.8443
Magnum,2022-09-30,SO,Equities,100497.6877,65.2900,6561494.0316,37318.4602
Magnum,2022-09-30,SYK,Equities,86196.0969,200.8700,17314209.9749,8650.3209
Magnum,2022-09-30,TJX,Equities,125207.2355,61.1400,7655170.3779,1847.9679
Magnum,2022-09-30,TMO,Equities,179974.5156,506.2600,91113898.2695,-939556.3021
Magnum,2022-09-30,TROW,Equities,6901.1475,101.6400,701432.6336,5086.8664
Magnum,2022-09-30,TTWO,Equities,153433.1472,109.0000,16724213.0475,-8328.8770
Magnum,2022-09-30,US912810QV35,Government Bond,8941.5806,154.7100,1383351.9303,22.0813
Magnum,2022-09-30,US912810SG40,Government Bond,5507.1385,156.0100,859168.6698,7.8447
Magnum,2022-09-30,US9128283R96,Government Bond,11365.6373,125.5400,1426842.1039,-71.1993
Magnum,2022-09-30,US912828B253,Government Bond,1855.0908,126.2100,234131.0063,-9.8053
Magnum,2022-09-30,US912828WU04,Government Bond,12912.1886,124.2000,1603693.8228,-337.6123
Magnum,2022-09-30,US91282CCA71,Government Bond,10357.4010,113.8700,1179397.2469,126.4901
Magnum,2022-09-30,VLO,Equities,35946.7070,103.5400,3721922.0442,-11168.1478
Magnum,2022-09-30,WHR,Equities,20947.1530,128.1000,2683330.2957,-21678.1136
Magnum,2022-09-30,WY,Equities,79134.9781,27.3100,2161176.2524,-821.7498
Magnum,2022-09-30,ZTS,Equities,196344.4716,146.9900,28860673.8754,158809.6134
Magnum,2022-10-31,A,Equities,172890.9436,137.6600,23800167.2916,-734745.3776
Magnum,2022-10-31,AEP,Equities,21454.7067,84.6500,1816140.9231,5597.5732
Magnum,2022-10-31,AJG,Equities,171853.6558,185.5400,31885727.2935,244442.0984
Magnum,2022-10-31,AMP,Equities,21038.1264,304.1400,6398535.7530,181483.9881
Magnum,2022-10-31,ANSS,Equities,40644.2919,221.1600,8988891.6013,-652.3059
Magnum,2022-10-31,ATO,Equities,48744.8141,103.8800,5063611.2894,23180.3212
Magnum,2022-10-31,ATVI,Equities,85731.9483,72.0200,6174414.9147,-5265.8035
Magnum,2022-10-31,BG,Equities,193608.3085,96.2100,18627055.3636,-184084.0288
Magnum,2022-10-31,CCL,Equities,3506.1952,9.0600,31766.1281,-1475.4683
Magnum,2022-10-31,CHTR,Equities,2779.0222,367.6200,1021624.1485,-30352.7919
Magnum,2022-10-31,CI,Equities,61622.8386,319.0800,19662615.3285,27151.4327
Magnum,2022-10-31,CLX,Equities,27880.5814,142.7500,3979952.9906,-18464.3095
Magnum,2022-10-31,CNC,Equities,111444.7968,85.1300,9487295.5488,-69539.9808
Magnum,2022-10-31,CPRT,Equities,174568.1845,28.7600,5020580.9858,954.5040
Magnum,2022-10-31,CRL,Equities,108466.6295,212.2500,23022042.1087,142441.3022
Magnum,2022-10-31,DE0001030567,Government Bond,6169.7816,121.6000,750245.4414,16.9916
Magnum,2022-10-31,DFS,Equities,32339.1649,101.7900,3291803.5959,-77635.9679
Magnum,2022-10-31,DHI,Equities,28527.4957,76.1300,2171798.2479,22553.9185
Magnum,2022-10-31,DHR,Equities,161161.1767,250.8600,40428892.7862,-136255.3503
Magnum,2022-10-31,DOW,Equities,149433.3207,44.8900,6708061.7682,-796.0343
Magnum,2022-10-31,EA,Equities,29725.4372,125.3700,3726678.0595,-6432.1534
Magnum,2022-10-31,EMR,Equities,9378.7905,84.5900,793351.8892,3184.4032
Magnum,2022-10-31,ES0000012C12,Government Bond,5294.3687,130.4600,690703.3438,4.3578
Magnum,2022-10-31,FFIV,Equities,195165.5710,142.9100,27891111.7558,10986.3511
Magnum,2022-10-31,FICO,Equities,79480.5815,478.8400,38058481.6305,1466802.8702
Magnum,2022-10-31,FTNT,Equities,126570.4032,57.1600,7234764.2479,170764.3637
Magnum,2022-10-31,GB00B4PTCY75,Government Bond,4999.6186,350.3700,1751716.3586,317.9204
Magnum,2022-10-31,GB00B54QLM75,Government Bond,8413.1416,194.9000,1639721.3046,258.1888
Magnum,2022-10-31,GB00B73ZYW09,Government Bond,4965.6414,271.9500,1350406.1829,-303.1814
Magnum,2022-10-31,GB00B7RN0G65,Government Bond,4833.4771,224.9600,1087339.0078,-301.6227
Magnum,2022-10-31,GB00BLH38265,Government Bond,881.7223,166.8100,147080.0937,-0.1383
Magnum,2022-10-31,GB00BMBL1F74,Government Bond,6417.3988,88.2100,566078.7485,207.1656
Magnum,2022-10-31,GB00BNNGP882,Government Bond,1277.0304,213.4200,272543.8247,-107.6872
Magnum,2022-10-31,GWW,Equities,7341.2731,578.0000,4243255.8596,-27912.7155
Magnum,2022-10-31,HCA,Equities,21713.0220,215.9900,4689795.6245,-66168.8637
Magnum,2022-10-31,HIG,Equities,96860.7994,71.1700,6893583.0907,147643.7178
Magnum,2022-10-31,IDXX,Equities,78897.4782,359.6800,28377844.9524,391596.2250
Magnum,2022-10-31,INTC,Equities,86814.6886,27.5000,2387403.9375,27501.9464
Magnum,2022-10-31,IQV,Equities,103409.9283,209.6700,21681959.6666,270333.9727
Magnum,2022-10-31,IT0003745541,Government Bond,4286.4260,179.2800,768470.4499,-14.8901
Magnum,2022-10-31,IT0004243512,Government Bond,5605.9699,135.0400,757030.1719,-87.7312
Magnum,2022-10-31,JNJ,Equities,9409.3652,169.1100,1591217.7513,-7050.1446
Magnum,2022-10-31,JP1201401C92,Government Bond,5924817.0176,116.7200,691544642.2913,-35151.6880
Magnum,2022-10-31,JPM,Equities,159109.1227,123.1400,19592697.3652,-291933.3359
Magnum,2022-10-31,K,Equities,145305.7357,74.8600,10877587.3730,123988.2330
Magnum,2022-10-31,KLAC,Equities,66609.1770,312.4100,20809372.9810,233653.5273
Magnum,2022-10-31,LDOS,Equities,102895.3451,100.4200,10332750.5558,-128885.2632
Magnum,2022-10-31,LUV,Equities,208997.0758,35.7800,7477915.3730,-251061.7675
Magnum,2022-10-31,LYB,Equities,3494.9344,72.5100,253417.6918,-537.8555
Magnum,2022-10-31,MCK,Equities,181640.2228,387.6800,70418281.5588,265895.9724
Magnum,2022-10-31,MLM,Equities,167589.9860,334.2000,56008573.3154,-241476.3862
Magnum,2022-10-31,MO,Equities,106703.3290,43.4800,4639460.7436,36920.3885
Magnum,2022-10-31,MRNA,Equities,6927.0814,150.3300,1041348.1495,1532.5570
Magnum,2022-10-31,MSFT,Equities,169179.3929,229.9100,38896034.2149,-28624.8024
Magnum,2022-10-31,NFLX,Equities,60982.8854,291.8800,17799684.6007,-370241.4321
Magnum,2022-10-31,NL0011819040,Government Bond,30788.9417,104.5900,3220215.4103,1493.9050
Magnum,2022-10-31,NOC,Equities,157430.1073,540.5000,85090973.0100,732792.5344
Magnum,2022-10-31,NTAP,Equities,119850.4518,67.7200,8116272.5939,10115.9275
Magnum,2022-10-31,NVDA,Equities,182856.9322,134.9000,24667400.1527,-17114.5729
Magnum,2022-10-31,ON,Equities,185298.2677,61.4300,11382872.5863,25597.1696
Magnum,2022-10-31,PEG,Equities,147914.4814,54.5300,8065776.6689,-6597.4820
Magnum,2022-10-31,PFE,Equities,181162.2883,44.7500,8107012.3998,11919.2379
Magnum,2022-10-31,PGR,Equities,83652.8001,128.1200,10717596.7543,-115348.7770
Magnum,2022-10-31,PH,Equities,165373.9342,285.8200,47267177.8596,688300.9347
Magnum,2022-10-31,PRU,Equities,35118.3919,99.8200,3505517.8764,181225.2257
Magnum,2022-10-31,PTC,Equities,116371.6920,117.8300,13712076.4633,-59203.7584
Magnum,2022-10-31,QRVO,Equities,187230.8211,86.0800,16116829.0776,-125186.8091
Magnum,2022-10-31,RF,Equities,102200.3166,21.3000,2176866.7428,19742.9601
Magnum,2022-10-31,RTX,Equities,139618.4312,92.5300,12918893.4406,-403134.8454
Magnum,2022-10-31,SBUX,Equities,101029.6057,84.7900,8566300.2658,39562.1658
Magnum,2022-10-31,SO,Equities,96781.0867,62.8700,6084626.9235,-44970.8719
Magnum,2022-10-31,SYK,Equities,83969.5350,227.3400,19089634.0798,294685.4654
Magnum,2022-10-31,TJX,Equities,126491.9190,70.9600,8975866.5753,-63077.9624
Magnum,2022-10-31,TMO,Equities,185171.6011,513.0300,94998586.5081,-175921.3438
Magnum,2022-10-31,TROW,Equities,6793.9996,102.7500,698083.4546,594.6712
Magnum,2022-10-31,TTWO,Equities,153509.9252,118.4800,18187855.9402,-3639.2770
Magnum,2022-10-31,US912810QV35,Government Bond,8690.6168,154.4200,1342005.0525,-363.8974
Magnum,2022-10-31,US912810SG40,Government Bond,5831.6875,155.7500,908285.3271,421.9138
Magnum,2022-10-31,US9128283R96,Government Bond,11157.9728,125.5700,1401106.6430,31.1497
Magnum,2022-10-31,US912828B253,Government Bond,1881.3500,126.3700,237746.1947,-21.0074
Magnum,2022-10-31,US912828WU04,Government Bond,13041.1789,124.3600,1621801.0021,-103.1922
Magnum,2022-10-31,US91282CCA71,Government Bond,10307.0924,113.8900,1173874.7543,5.0309
Magnum,2022-10-31,VLO,Equities,36749.7025,121.6700,4471336.3009,-72791.5391
Magnum,2022-10-31,WHR,Equities,21666.4775,131.3600,2846108.4825,-11724.9896
Magnum,2022-10-31,WY,Equities,80251.2278,29.5800,2373831.3185,-12669.4340
Magnum,2022-10-31,ZTS,Equities,189974.1501,149.7700,28452428.4531,88547.4690
Magnum,2022-11-30,A,Equities,163287.7566,154.2000,25178972.0629,794183.5649
Magnum,2022-11-30,AEP,Equities,21238.4999,94.0700,1997905.6831,10183.3420
Magnum,2022-11-30,AJG,Equities,170282.4026,197.4700,33625666.0460,93725.2508
Magnum,2022-11-30,AMP,Equities,21583.9667,327.9300,7078030.2105,-64927.7116
Magnum,2022-11-30,ANSS,Equities,41417.3952,254.3000,10532443.5881,-128103.2060
Magnum,2022-11-30,ATO,Equities,48730.0727,117.9300,5746737.4772,1035.5816
Magnum,2022-11-30,ATVI,Equities,83843.2096,73.1600,6133969.2123,10765.8106
Magnum,2022-11-30,BG,Equities,190961.6175,102.8400,19638492.7386,87737.8093
Magnum,2022-11-30,CCL,Equities,3417.8151,9.9300,33938.9044,384.4530
Magnum,2022-11-30,CHTR,Equities,2760.1860,391.2900,1080033.1871,2229.2645
Magnum,2022-11-30,CI,Equities,64840.7579,324.8400,21062871.8063,-92676.0778
Magnum,2022-11-30,CLX,Equities,27528.0168,145.3000,3999820.8429,4495.1981
Magnum,2022-11-30,CNC,Equities,106967.7865,87.0500,9311545.8158,42979.2985
Magnum,2022-11-30,CPRT,Equities,173489.9484,33.2800,5773745.4838,24368.1348
Magnum,2022-11-30,CRL,Equities,109803.7268,228.5700,25097837.8390,-109107.1422
Magnum,2022-11-30,DE0001030567,Government Bond,6013.8227,121.6200,731401.1188,15.5959
Magnum,2022-11-30,DFS,Equities,31896.5142,106.1800,3386771.8743,9716.1837
Magnum,2022-11-30,DHI,Equities,28950.0818,85.1600,2465388.9655,-19079.7620
Magnum,2022-11-30,DHR,Equities,166049.8535,272.5300,45253566.5760,-529688.1323
Magnum,2022-11-30,DOW,Equities,149801.8551,49.6400,7436164.0884,-8752.6915
Magnum,2022-11-30,EA,Equities,30692.3622,130.3600,4001056.3367,-24124.7792
Magnum,2022-11-30,EMR,Equities,9781.0390,94.0800,920200.1455,-19086.6890
Magnum,2022-11-30,ES0000012C12,Government Bond,5330.8160,131.1000,698869.9829,-116.6314
Magnum,2022-11-30,FFIV,Equities,202627.0273,154.6100,31328164.6907,-436495.1918
Magnum,2022-11-30,FICO,Equities,79931.0124,619.7200,49534846.9914,-317283.5329
Magnum,2022-11-30,FTNT,Equities,126985.3456,53.1600,6750540.9737,8298.8483
Magnum,2022-11-30,GB00B4PTCY75,Government Bond,4925.7980,351.6300,1732058.3643,465.0694
Magnum,2022-11-30,GB00B54QLM75,Government Bond,8292.6365,195.6100,1622122.6173,427.7934
Magnum,2022-11-30,GB00B73ZYW09,Government Bond,5165.2753,272.6800,1408467.2754,-728.6638
Magnum,2022-11-30,GB00B7RN0G65,Government Bond,4623.7395,225.9800,1044872.6478,1069.6618
Magnum,2022-11-30,GB00BLH38265,Government Bond,887.7896,167.5700,148766.9011,-23.0558
Magnum,2022-11-30,GB00BMBL1F74,Government Bond,6304.5055,88.4500,557633.5139,135.4719
Magnum,2022-11-30,GB00BNNGP882,Government Bond,1261.2015,213.9900,269884.5175,45.1122
Magnum,2022-11-30,GWW,Equities,7604.7752,598.2500,4549556.7609,-26679.5858
Magnum,2022-11-30,HCA,Equities,20807.5194,238.5800,4964257.9760,102276.5213
Magnum,2022-11-30,HIG,Equities,99013.0401,75.4800,7473504.2704,-46380.7889
Magnum,2022-11-30,IDXX,Equities,77820.8118,425.8700,33141549.1268,356322.7348
Magnum,2022-11-30,INTC,Equities,88771.4697,29.4800,2616982.9269,-19372.1326
Magnum,2022-11-30,IQV,Equities,105336.9536,218.0200,22965562.6302,-80453.3075
Magnum,2022-11-30,IT0003745541,Government Bond,4159.2138,180.1500,749282.3601,553.3731
Magnum,2022-11-30,IT0004243512,Government Bond,5407.3331,135.0800,730422.5615,39.7273
Magnum,2022-11-30,JNJ,Equities,9347.2603,174.1400,1627731.9167,1561.9374
Magnum,2022-11-30,JP1201401C92,Government Bond,5702189.6600,116.6000,664875314.3615,-133576.4145
Magnum,2022-11-30,JPM,Equities,156496.6234,135.1700,21153648.5835,157141.8315
Magnum,2022-11-30,K,Equities,147811.7695,71.6700,10593669.5179,39971.2389
Magnum,2022-11-30,KLAC,Equities,70185.3254,389.5100,27337886.1038,-1378605.2222
Magnum,2022-11-30,LDOS,Equities,102843.4773,108.0700,11114294.5926,1983.9434
Magnum,2022-11-30,LUV,Equities,203324.2398,39.2900,7988609.3798,99558.2731
Magnum,2022-11-30,LYB,Equities,3460.4696,81.7300,282824.1795,1588.8268
Magnum,2022-11-30,MCK,Equities,187785.7383,380.5600,71463740.5674,218780.3533
Magnum,2022-11-30,MLM,Equities,167924.3968,365.2100,61327668.9588,-51850.3987
Magnum,2022-11-30,MO,Equities,102916.2970,43.7700,4504646.3184,5491.1964
Magnum,2022-11-30,MRNA,Equities,6626.7941,175.9100,1165719.3579,38406.7423
Magnum,2022-11-30,MSFT,Equities,169316.9790,253.4100,42906615.6584,-16166.3748
Magnum,2022-11-30,NFLX,Equities,59652.6811,305.5300,18225683.6446,90786.4485
Magnum,2022-11-30,NL0011819040,Government Bond,31041.0776,104.5500,3245344.6581,50.4272
Magnum,2022-11-30,NOC,Equities,155222.9959,526.7700,81766817.5334,-151518.2016
Magnum,2022-11-30,NTAP,Equities,117700.6679,66.1000,7780014.1470,-17413.2495
Magnum,2022-11-30,NVDA,Equities,179830.0365,169.1800,30423645.5712,518809.9255
Magnum,2022-11-30,ON,Equities,184804.4317,75.2000,13897293.2603,34000.6134
Magnum,2022-11-30,PEG,Equities,154230.4099,58.8900,9082628.8411,-137687.2428
Magnum,2022-11-30,PFE,Equities,177762.2174,48.6000,8639243.7639,65451.3648
Magnum,2022-11-30,PGR,Equities,84851.7653,131.8600,11188553.7762,-22420.6490
Magnum,2022-11-30,PH,Equities,170902.4958,295.3600,50477761.1720,-263712.3926
Magnum,2022-11-30,PRU,Equities,37162.0515,103.6800,3852961.5000,-39442.6310
Magnum,2022-11-30,PTC,Equities,114581.7068,127.2100,14575938.9245,83950.3029
Magnum,2022-11-30,QRVO,Equities,180251.8036,99.2500,17889991.5075,459568.3002
Magnum,2022-11-30,RF,Equities,100986.6100,22.5200,2274218.4573,7403.6100
Magnum,2022-11-30,RTX,Equities,133980.4694,96.9000,12982707.4863,123189.4654
Magnum,2022-11-30,SBUX,Equities,104745.6607,100.6500,10542650.7483,-294683.1620
Magnum,2022-11-30,SO,Equities,98275.6984,65.6300,6449834.0858,-20625.6408
Magnum,2022-11-30,SYK,Equities,84626.4134,231.9600,19629942.8474,-15173.8913
Magnum,2022-11-30,TJX,Equities,125268.9991,79.1100,9910030.5206,49833.9868
Magnum,2022-11-30,TMO,Equities,186373.7739,559.1900,104218350.6224,-277461.4822
Magnum,2022-11-30,TROW,Equities,6933.2237,120.9000,838226.7402,-12634.5870
Magnum,2022-11-30,TTWO,Equities,150285.2494,105.6900,15883648.0079,-206218.0195
Magnum,2022-11-30,US912810QV35,Government Bond,8939.8070,154.9500,1385223.0910,-660.3539
Magnum,2022-11-30,US912810SG40,Government Bond,5573.4076,156.2400,870789.2077,632.7857
Magnum,2022-11-30,US9128283R96,Government Bond,11186.4981,125.8400,1407708.9247,-38.5092
Magnum,2022-11-30,US912828B253,Government Bond,1814.4915,126.4500,229442.4445,26.7434
Magnum,2022-11-30,US912828WU04,Government Bond,13076.7170,124.4300,1627135.8946,-12.4383
Magnum,2022-11-30,US91282CCA71,Government Bond,10291.6918,114.1400,1174693.7056,19.2507
Magnum,2022-11-30,VLO,Equities,35320.9493,130.3900,4605498.5772,62293.6394
Magnum,2022-11-30,WHR,Equities,21190.4539,140.8900,2985523.0514,22682.5234
Magnum,2022-11-30,WY,Equities,79728.7280,31.2800,2493914.6103,4441.2488
Magnum,2022-11-30,ZTS,Equities,193265.1621,153.1100,29590828.9648,-54959.9007
Magnum,2022-12-31,A,Equities,166427.2600,149.1200,24817633.0128,79743.3874
Magnum,2022-12-31,AEP,Equities,22243.0973,92.2700,2052370.5876,9041.3768
Magnum,2022-12-31,AJG,Equities,170800.3982,187.4700,32019950.6448,25899.7773
Magnum,2022-12-31,AMP,Equities,20543.0618,307.6000,6319045.8244,-105807.9815
Magnum,2022-12-31,ANSS,Equities,40253.7137,241.5900,9724894.6987,-73951.9549
Magnum,2022-12-31,ATO,Equities,48567.9176,109.9500,5340042.5405,-6469.9896
Magnum,2022-12-31,ATVI,Equities,85698.3707,75.7300,6489937.6129,-23838.8205
Magnum,2022-12-31,BG,Equities,194027.2093,97.8700,18989442.9718,76179.9568
Magnum,2022-12-31,CCL,Equities,3386.4215,8.0600,27294.5571,-293.5308
Magnum,2022-12-31,CHTR,Equities,2793.7636,339.1000,947365.2351,8762.0687
Magnum,2022-12-31,CI,Equities,64218.7538,328.3800,21088154.3705,11009.4732
Magnum,2022-12-31,CLX,Equities,27592.3738,137.1600,3784569.9952,2619.3308
Magnum,2022-12-31,CNC,Equities,106061.4649,82.0100,8698100.7383,-22839.3040
Magnum,2022-12-31,CPRT,Equities,181002.2488,30.4400,5509708.4534,106674.6652
Magnum,2022-12-31,CRL,Equities,107237.3626,217.9000,23367021.3075,-136915.5318
Magnum,2022-12-31,DE0001030567,Government Bond,6113.3451,121.4300,742343.4968,94.5463
Magnum,2022-12-31,DFS,Equities,32406.5248,95.8600,3106489.4676,26316.5488
Magnum,2022-12-31,DHI,Equities,30053.5010,88.5300,2660636.4460,-18592.6141
Magnum,2022-12-31,DHR,Equities,165422.2531,264.8300,43808775.2898,-24162.6154
Magnum,2022-12-31,DOW,Equities,146986.2525,49.0800,7214085.2705,-7883.6875
Magnum,2022-12-31,EA,Equities,30767.4340,121.7900,3747165.7893,3216.8274
Magnum,2022-12-31,EMR,Equities,9801.1036,94.3700,924930.1478,-29.0937
Magnum,2022-12-31,ES0000012C12,Government Bond,5292.2558,130.6800,691591.9928,-80.9764
Magnum,2022-12-31,FFIV,Equities,203359.3188,143.5100,29184095.8357,40642.1763
Magnum,2022-12-31,FICO,Equities,80471.5295,598.5800,48168648.1106,57132.6566
Magnum,2022-12-31,FTNT,Equities,127439.1889,48.8900,6230501.9451,9689.5537
Magnum,2022-12-31,GB00B4PTCY75,Government Bond,4908.0811,350.3000,1719300.8131,-117.8176
Magnum,2022-12-31,GB00B54QLM75,Government Bond,8377.2465,194.8600,1632390.2482,317.2876
Magnum,2022-12-31,GB00B73ZYW09,Government Bond,4968.1620,271.5400,1349054.7219,-1123.5457
Magnum,2022-12-31,GB00B7RN0G65,Government Bond,4675.5794,225.2100,1052987.2345,199.5837
Magnum,2022-12-31,GB00BLH38265,Government Bond,917.1446,166.9900,153153.9834,85.1297
Magnum,2022-12-31,GB00BMBL1F74,Government Bond,6646.4294,88.0800,585417.5029,632.5592
Magnum,2022-12-31,GB00BNNGP882,Government Bond,1309.1987,213.1000,278990.2394,213.5873
Magnum,2022-12-31,GWW,Equities,7724.1394,551.8100,4262257.3551,27716.3652
Magnum,2022-12-31,HCA,Equities,20765.2062,238.8700,4960184.8009,61.3541
Magnum,2022-12-31,HIG,Equities,100886.2868,74.9500,7561427.1924,4964.1035
Magnum,2022-12-31,IDXX,Equities,81129.9776,407.9600,33097785.6472,296335.7931
Magnum,2022-12-31,INTC,Equities,86823.4243,25.9100,2249594.9227,-34772.6111
Magnum,2022-12-31,IQV,Equities,107466.2634,204.8900,22018762.7049,139789.1855
Magnum,2022-12-31,IT0003745541,Government Bond,4059.9465,179.5800,729085.1981,-282.9116
Magnum,2022-12-31,IT0004243512,Government Bond,5573.4155,134.8500,751575.0832,190.9947
Magnum,2022-12-31,JNJ,Equities,9840.2775,172.8200,1700596.7491,3253.9129
Magnum,2022-12-31,JP1201401C92,Government Bond,5858028.8103,116.6600,683397641.0115,-46751.7451
Magnum,2022-12-31,JPM,Equities,154628.2906,131.1800,20284139.1573,-37273.2397
Magnum,2022-12-31,K,Equities,146824.0973,69.9900,10276218.5720,-8296.4460
Magnum,2022-12-31,KLAC,Equities,68260.7570,373.5400,25498123.1643,-153676.7894
Magnum,2022-12-31,LDOS,Equities,102760.4888,104.3300,10721001.7990,-1551.8846
Magnum,2022-12-31,LUV,Equities,203630.3280,33.1400,6748309.0708,9412.2145
Magnum,2022-12-31,LYB,Equities,3482.3087,79.8200,277957.8775,208.5632
Magnum,2022-12-31,MCK,Equities,184237.4347,374.0200,68908485.3203,-116029.5283
Magnum,2022-12-31,MLM,Equities,170365.5958,336.8000,57379132.6813,346772.3233
Magnum,2022-12-31,MO,Equities,104132.8017,43.8400,4565182.0249,-425.7766
Magnum,2022-12-31,MRNA,Equities,6720.2927,179.6200,1207098.9715,-1734.3979
Magnum,2022-12-31,MSFT,Equities,175955.5117,238.1900,41910843.3286,505192.3344
Magnum,2022-12-31,NFLX,Equities,59689.1250,294.8800,17601129.1849,1940.6406
Magnum,2022-12-31,NL0011819040,Government Bond,30826.7621,104.3600,3217080.8887,-203.5997
Magnum,2022-12-31,NOC,Equities,157713.8788,538.9400,84998317.8404,-151570.2264
Magnum,2022-12-31,NTAP,Equities,122704.8870,58.7200,7205230.9672,184655.6871
Magnum,2022-12-31,NVDA,Equities,178298.5714,146.1000,26049421.2791,-176731.0718
Magnum,2022-12-31,ON,Equities,183505.8257,62.3700,11445258.3483,-83305.5725
Magnum,2022-12-31,PEG,Equities,155128.3371,60.1300,9327866.9116,-5567.1486
Magnum,2022-12-31,PFE,Equities,185412.3769,49.6800,9211286.8838,-41310.8614
Magnum,2022-12-31,PGR,Equities,84935.0268,129.4200,10992291.1684,1015.7899
Magnum,2022-12-31,PH,Equities,165540.4571,287.5200,47596192.2240,-210191.9189
Magnum,2022-12-31,PRU,Equities,37198.2225,95.4500,3550570.3349,1488.4353
Magnum,2022-12-31,PTC,Equities,116213.0857,120.0400,13950218.8049,58484.9321
Magnum,2022-12-31,QRVO,Equities,181490.8981,90.6400,16450335.0026,53343.0176
Magnum,2022-12-31,RF,Equities,104638.1032,21.1100,2208910.3596,25743.0274
Magnum,2022-12-31,RTX,Equities,135434.5423,99.0600,13416145.7591,-15703.9870
Magnum,2022-12-31,SBUX,Equities,104653.5271,97.7000,10224649.5971,-1358.9705
Magnum,2022-12-31,SO,Equities,96850.8353,69.2900,6710794.3770,26074.9949
Magnum,2022-12-31,SYK,Equities,85957.2320,243.2200,20906517.9614,-74925.0870
Magnum,2022-12-31,TJX,Equities,125824.8718,78.6700,9898642.6656,1222.9199
Magnum,2022-12-31,TMO,Equities,183137.1548,549.9700,100719941.0338,-149208.1394
Magnum,2022-12-31,TROW,Equities,6963.2524,106.6400,742561.2343,2141.0483
Magnum,2022-12-31,TTWO,Equities,154369.8388,104.1300,16074531.3118,31859.7972
Magnum,2022-12-31,US912810QV35,Government Bond,8644.5034,154.9400,1339379.3511,-14.7652
Magnum,2022-12-31,US912810SG40,Government Bond,5751.2582,156.2400,898576.5869,0.0000
Magnum,2022-12-31,US9128283R96,Government Bond,11438.6622,125.7700,1438640.5391,88.2574
Magnum,2022-12-31,US912828B253,Government Bond,1809.4631,126.4000,228716.1358,-1.2571
Magnum,2022-12-31,US912828WU04,Government Bond,13511.0720,124.3900,1680642.2403,86.8710
Magnum,2022-12-31,US91282CCA71,Government Bond,10243.4367,114.0700,1168468.8234,-16.8893
Magnum,2022-12-31,VLO,Equities,36000.9635,123.8000,4456919.2768,22406.4672
Magnum,2022-12-31,WHR,Equities,21672.8245,136.0100,2947720.8557,11769.8416
Magnum,2022-12-31,WY,Equities,81438.7275,29.8000,2426874.0789,12653.9965
Magnum,2022-12-31,ZTS,Equities,194920.2909,145.5700,28374546.7499,62398.3577
Magnum,2023-01-31,A,Equities,167149.1779,151.5400,25329786.4212,-8735.2066
Magnum,2023-01-31,AEP,Equities,21513.6722,91.3100,1964413.4096,-3501.2404
Magnum,2023-01-31,AJG,Equities,171456.5259,194.6100,33367154.4979,-23423.7586
Magnum,2023-01-31,AMP,Equities,21700.3281,345.8800,7505709.4662,-221500.7512
Magnum,2023-01-31,ANSS,Equities,40467.1224,266.3600,10778822.7304,-26430.6682
Magnum,2023-01-31,ATO,Equities,48902.0554,115.3200,5639385.0336,-8971.6010
Magnum,2023-01-31,ATVI,Equities,82970.1926,75.7500,6284992.0874,272.8178
Magnum,2023-01-31,BG,Equities,191018.7403,97.2100,18568931.7426,-9927.9477
Magnum,2023-01-31,CCL,Equities,3326.3640,10.8200,35991.2587,828.7929
Magnum,2023-01-31,CHTR,Equities,2806.5941,384.3100,1078602.1599,-2900.3246
Magnum,2023-01-31,CI,Equities,62282.9246,313.8400,19546873.0523,-140734.7833
Magnum,2023-01-31,CLX,Equities,27351.7345,142.6000,3900357.3445,6545.3890
Magnum,2023-01-31,CNC,Equities,106137.9017,76.2400,8091953.6243,2205.2005
Magnum,2023-01-31,CPRT,Equities,172181.9244,33.3000,5733658.0814,126130.6393
Magnum,2023-01-31,CRL,Equities,107474.5895,243.2500,26143193.9037,-30068.5154
Magnum,2023-01-31,DE0001030567,Government Bond,5906.4114,121.3800,716920.2099,-51.7334
Magnum,2023-01-31,DFS,Equities,31514.8081,114.3800,3604663.7499,82572.9671
Magnum,2023-01-31,DHI,Equities,29460.7067,98.0200,2887738.4660,28128.0932
Magnum,2023-01-31,DHR,Equities,164860.7159,263.7900,43488608.2483,-2919.9934
Magnum,2023-01-31,DOW,Equities,149507.0276,57.8000,8641506.1965,-109905.7972
Magnum,2023-01-31,EA,Equities,29632.3481,128.2700,3800941.2943,36776.7829
Magnum,2023-01-31,EMR,Equities,9373.0578,88.6300,830734.1086,-12284.9161
Magnum,2023-01-31,ES0000012C12,Government Bond,5134.3175,130.3500,669258.2823,-260.5983
Magnum,2023-01-31,FFIV,Equities,198253.0702,147.6600,29274048.3421,105954.6582
Magnum,2023-01-31,FICO,Equities,82093.0807,665.9500,54669887.1231,-546219.5472
Magnum,2023-01-31,FTNT,Equities,127439.1889,52.3400,6670167.1468,0.0000
Magnum,2023-01-31,GB00B4PTCY75,Government Bond,4825.4021,349.8700,1688263.4379,-177.7598
Magnum,2023-01-31,GB00B54QLM75,Government Bond,8467.8390,194.6300,1648095.5086,104.1814
Magnum,2023-01-31,GB00B73ZYW09,Government Bond,4922.2866,271.2900,1335367.1254,-57.3443
Magnum,2023-01-31,GB00B7RN0G65,Government Bond,4710.2979,224.8700,1059204.6803,59.0214
Magnum,2023-01-31,GB00BLH38265,Government Bond,896.1767,166.7400,149428.5104,-26.2099
Magnum,2023-01-31,GB00BMBL1F74,Government Bond,6620.4769,88.0000,582601.9705,-10.3810
Magnum,2023-01-31,GB00BNNGP882,Government Bond,1280.6046,212.9000,272640.7279,-28.5940
Magnum,2023-01-31,GWW,Equities,7318.7516,584.7800,4279859.5420,66828.1820
Magnum,2023-01-31,HCA,Equities,20612.8786,253.9100,5233816.0152,11455.0313
Magnum,2023-01-31,HIG,Equities,100328.2984,76.7100,7696183.7706,4910.2975
Magnum,2023-01-31,IDXX,Equities,78192.8950,480.5000,37571686.0683,1065279.8304
Magnum,2023-01-31,INTC,Equities,88640.4353,27.7100,2456226.4610,-16353.0989
Magnum,2023-01-31,IQV,Equities,104559.7556,229.4100,23987053.5248,356337.8584
Magnum,2023-01-31,IT0003745541,Government Bond,4287.2602,179.1300,767976.9124,511.4557
Magnum,2023-01-31,IT0004243512,Government Bond,5576.7261,134.9800,752746.4937,-2.1519
Magnum,2023-01-31,JNJ,Equities,9621.4772,159.8800,1538281.7786,-14156.3747
Magnum,2023-01-31,JP1201401C92,Government Bond,5801200.2480,116.6900,676942056.9391,8524.2843
Magnum,2023-01-31,JPM,Equities,157129.9565,137.9200,21671363.6070,-84306.1434
Magnum,2023-01-31,K,Equities,147384.2696,67.3800,9930752.0848,7310.2480
Magnum,2023-01-31,KLAC,Equities,66936.7631,388.8400,26027690.9633,101285.5323
Magnum,2023-01-31,LDOS,Equities,103652.6150,98.0300,10161065.8498,28101.9750
Magnum,2023-01-31,LUV,Equities,199222.6568,35.3900,7050489.8253,49586.3009
Magnum,2023-01-31,LYB,Equities,3345.8144,92.9600,311026.9111,8967.6699
Magnum,2023-01-31,MCK,Equities,179097.8815,377.5700,67621987.1206,91227.0689
Magnum,2023-01-31,MLM,Equities,167205.4135,358.3900,59924748.1555,341141.6810
Magnum,2023-01-31,MO,Equities,104513.6205,43.2000,4514988.4066,1218.6204
Magnum,2023-01-31,MRNA,Equities,6778.3027,176.0600,1193387.9775,1032.5787
Magnum,2023-01-31,MSFT,Equities,175061.2016,246.1300,43087813.5471,35504.1109
Magnum,2023-01-31,NFLX,Equities,59944.2327,353.8600,21211866.1849,-75231.2572
Magnum,2023-01-31,NL0011819040,Government Bond,30634.5085,104.3400,3196404.6125,-19.2254
Magnum,2023-01-31,NOC,Equities,162065.0414,442.5600,71723504.7174,2096825.2520
Magnum,2023-01-31,NTAP,Equities,116076.3867,65.2800,7577466.5252,217414.8106
Magnum,2023-01-31,NVDA,Equities,178064.3473,195.3200,34779528.3166,57642.5444
Magnum,2023-01-31,ON,Equities,178329.6921,73.4500,13098315.8821,286757.8029
Magnum,2023-01-31,PEG,Equities,153256.3872,60.7700,9313390.6511,5990.2397
Magnum,2023-01-31,PFE,Equities,179046.2867,43.2100,7736590.0480,-205943.0178
Magnum,2023-01-31,PGR,Equities,82170.7460,136.1500,11187547.0617,93018.0504
Magnum,2023-01-31,PH,Equities,168737.6976,322.1000,54350412.3939,-552802.8816
Magnum,2023-01-31,PRU,Equities,35255.8415,100.7100,3550615.8018,51084.6184
Magnum,2023-01-31,PTC,Equities,112089.3225,134.8800,15118607.8122,305983.2315
Magnum,2023-01-31,QRVO,Equities,177919.3905,108.6600,19332720.9667,321792.8377
Magnum,2023-01-31,RF,Equities,105125.6606,23.0500,2423146.4765,-4729.3062
Magnum,2023-01-31,RTX,Equities,140414.0560,98.0100,13761981.6283,26142.4470
Magnum,2023-01-31,SBUX,Equities,104029.0661,107.4800,11181044.0201,30536.1446
Magnum,2023-01-31,SO,Equities,100288.4421,65.6700,6585941.9923,62220.6832
Magnum,2023-01-31,SYK,Equities,84472.8574,252.5000,21329396.4903,68874.9810
Magnum,2023-01-31,TJX,Equities,126578.3881,80.9000,10240191.5996,-8401.7069
Magnum,2023-01-31,TMO,Equities,181121.2035,569.5800,103163015.0924,197664.0260
Magnum,2023-01-31,TROW,Equities,6972.8070,113.8800,794063.2589,-345.8763
Magnum,2023-01-31,TTWO,Equities,157118.4910,113.2300,17790526.7397,-125063.6777
Magnum,2023-01-31,US912810QV35,Government Bond,8927.3918,154.5500,1379728.4042,551.6325
Magnum,2023-01-31,US912810SG40,Government Bond,5607.9582,155.8000,873719.8912,-315.2600
Magnum,2023-01-31,US9128283R96,Government Bond,11529.9432,125.5200,1447238.4765,114.1014
Magnum,2023-01-31,US912828B253,Government Bond,1859.7467,126.2700,234830.2103,32.6843
Magnum,2023-01-31,US912828WU04,Government Bond,13257.0401,124.2600,1647319.8039,-165.1207
Magnum,2023-01-31,US91282CCA71,Government Bond,10282.4515,113.8400,1170554.2771,44.8670
Magnum,2023-01-31,VLO,Equities,37147.5831,136.6500,5076217.2331,-73670.3128
Magnum,2023-01-31,WHR,Equities,21581.8511,149.6000,3228644.9204,6181.6421
Magnum,2023-01-31,WY,Equities,78374.9783,33.1000,2594211.7826,50551.8610
Magnum,2023-01-31,ZTS,Equities,191244.3652,164.7700,31511334.0568,352888.8679
Magnum,2023-02-28,A,Equities,172555.1678,141.4700,24411379.5885,272191.5907
Magnum,2023-02-28,AEP,Equities,21780.1089,86.2800,1879187.7976,6700.8832
Magnum,2023-02-28,AJG,Equities,175824.9550,186.2900,32754430.8613,181726.6509
Magnum,2023-02-28,AMP,Equities,20536.7149,339.9200,6980840.1175,-34675.6729
Magnum,2023-02-28,ANSS,Equities,40004.0658,303.6100,12145634.4191,86244.2964
Magnum,2023-02-28,ATO,Equities,47938.9523,111.3800,5339440.5027,-18973.1327
Magnum,2023-02-28,ATVI,Equities,82709.9664,75.4400,6239639.8616,-403.3506
Magnum,2023-02-28,BG,Equities,184868.5157,94.2700,17427554.9738,-90408.3015
Magnum,2023-02-28,CCL,Equities,3454.3273,10.6200,36684.9565,127.9633
Magnum,2023-02-28,CHTR,Equities,2736.7090,367.6100,1006041.6004,-5835.4007
Magnum,2023-02-28,CI,Equities,65266.0057,289.4900,18893855.9780,363190.1205
Magnum,2023-02-28,CLX,Equities,28311.4936,153.2000,4337320.8207,-50867.2309
Magnum,2023-02-28,CNC,Equities,108747.6711,68.4000,7438340.7016,102302.9602
Magnum,2023-02-28,CPRT,Equities,175398.9565,35.2300,6179305.2383,-31044.3603
Magnum,2023-02-28,CRL,Equities,104660.2153,219.3400,22956171.6262,-336458.4382
Magnum,2023-02-28,DE0001030567,Government Bond,6072.0797,121.4500,737454.0829,-57.9839
Magnum,2023-02-28,DFS,Equities,31710.4726,110.3600,3499567.7509,3932.8556
Magnum,2023-02-28,DHI,Equities,28982.3627,92.0800,2668695.9551,-14206.8161
Magnum,2023-02-28,DHR,Equities,162267.7353,246.9800,40076885.2642,-217940.0198
Magnum,2023-02-28,DOW,Equities,145806.9424,56.3900,8222053.4840,-26085.6005
Magnum,2023-02-28,EA,Equities,30719.3881,110.7700,3402786.6150,95115.9938
Magnum,2023-02-28,EMR,Equities,9352.0376,81.7400,764435.5570,-724.1428
Magnum,2023-02-28,ES0000012C12,Government Bond,5353.5296,130.4400,698314.3990,-98.6455
Magnum,2023-02-28,FFIV,Equities,194928.0711,142.9800,27870815.6051,-77804.9785
Magnum,2023-02-28,FICO,Equities,81208.5982,677.3900,55009892.3566,50592.3998
Magnum,2023-02-28,FTNT,Equities,130758.7282,59.4400,7772298.8047,-117843.6456
Magnum,2023-02-28,GB00B4PTCY75,Government Bond,4877.5686,350.1000,1707636.7753,-59.9915
Magnum,2023-02-28,GB00B54QLM75,Government Bond,8396.9033,194.7500,1635296.9271,42.5614
Magnum,2023-02-28,GB00B73ZYW09,Government Bond,4938.4186,271.4900,1340731.2684,-16.1320
Magnum,2023-02-28,GB00B7RN0G65,Government Bond,4640.3853,225.0000,1044086.6977,45.4432
Magnum,2023-02-28,GB00BLH38265,Government Bond,882.4361,166.8400,147225.6359,6.8703
Magnum,2023-02-28,GB00BMBL1F74,Government Bond,6462.1668,88.0600,569058.4108,47.4930
Magnum,2023-02-28,GB00BNNGP882,Government Bond,1263.3716,213.0600,269173.9580,13.7864
Magnum,2023-02-28,GWW,Equities,7311.9951,664.8300,4861233.7053,2704.2746
Magnum,2023-02-28,HCA,Equities,21414.7139,242.3500,5189855.9150,46346.0784
Magnum,2023-02-28,HIG,Equities,102590.1440,77.3700,7937399.4447,-7464.0906
Magnum,2023-02-28,IDXX,Equities,78295.8117,473.2400,37052709.9202,3735.8740
Magnum,2023-02-28,INTC,Equities,87635.8378,24.7400,2168110.6280,-14918.2717
Magnum,2023-02-28,IQV,Equities,104751.3934,208.4700,21837522.9917,20064.4858
Magnum,2023-02-28,IT0003745541,Government Bond,4135.8568,179.2500,741352.3261,90.8420
Magnum,2023-02-28,IT0004243512,Government Bond,5358.2257,135.0400,723574.8031,65.5501
Magnum,2023-02-28,JNJ,Equities,9436.1181,151.0200,1425042.5525,-8211.4101
Magnum,2023-02-28,JP1201401C92,Government Bond,5824634.7067,116.7900,680259087.3940,-11717.2293
Magnum,2023-02-28,JPM,Equities,157050.7899,141.2600,22184994.5817,1322.0830
Magnum,2023-02-28,K,Equities,144465.4773,65.3500,9440818.9410,-29625.7418
Magnum,2023-02-28,KLAC,Equities,68001.4180,377.0800,25641974.6906,62601.7068
Magnum,2023-02-28,LDOS,Equities,100903.6215,96.2800,9715000.6801,-24053.6931
Magnum,2023-02-28,LUV,Equities,200161.3276,33.2300,6651360.9145,10137.6437
Magnum,2023-02-28,LYB,Equities,3313.0558,92.2800,305728.7926,-111.3793
Magnum,2023-02-28,MCK,Equities,182006.0273,349.3200,63578345.4406,410775.5868
Magnum,2023-02-28,MLM,Equities,168359.1309,358.6200,60376951.5179,-1326.7750
Magnum,2023-02-28,MO,Equities,105465.6677,44.5300,4696386.1815,-6331.1136
Magnum,2023-02-28,MRNA,Equities,7020.5800,138.8100,974526.7036,45124.1344
Magnum,2023-02-28,MSFT,Equities,168388.2724,248.3500,41819227.4505,74069.5140
Magnum,2023-02-28,NFLX,Equities,61304.8070,322.1300,19748117.4922,215855.1185
Magnum,2023-02-28,NL0011819040,Government Bond,32181.9924,104.3600,3358512.7241,-154.7484
Magnum,2023-02-28,NOC,Equities,156373.8468,460.1100,71949170.6709,499402.3215
Magnum,2023-02-28,NTAP,Equities,123003.4681,63.6200,7825480.6431,57494.7758
Magnum,2023-02-28,NVDA,Equities,180352.5363,232.1000,41859823.6828,-420797.9612
Magnum,2023-02-28,ON,Equities,179847.7807,77.4100,13922016.7059,-30058.1555
Magnum,2023-02-28,PEG,Equities,153195.5108,59.3000,9084493.7902,-447.4417
Magnum,2023-02-28,PFE,Equities,183857.0253,39.6900,7297285.3344,84668.9996
Magnum,2023-02-28,PGR,Equities,82204.0505,143.3100,11780662.4834,-1192.3043
Magnum,2023-02-28,PH,Equities,165773.5892,348.9600,57848351.6924,398079.7549
Magnum,2023-02-28,PRU,Equities,35114.7748,97.1500,3411400.3691,-2510.9885
Magnum,2023-02-28,PTC,Equities,114445.7586,125.3300,14343486.9230,112519.8252
Magnum,2023-02-28,QRVO,Equities,184861.9640,100.8900,18650723.5444,269718.9809
Magnum,2023-02-28,RF,Equities,104855.9480,22.8400,2394909.8527,-283.1982
Magnum,2023-02-28,RTX,Equities,138479.8647,96.8200,13407620.5024,-11508.4381
Magnum,2023-02-28,SBUX,Equities,104121.1997,101.0500,10521447.2251,2962.0951
Magnum,2023-02-28,SO,Equities,99989.5198,61.8300,6182352.0069,-5739.3088
Magnum,2023-02-28,SYK,Equities,83389.4346,261.5200,21808004.9247,48862.3697
Magnum,2023-02-28,TJX,Equities,120117.9122,75.9800,9126558.9678,-158927.7082
Magnum,2023-02-28,TMO,Equities,188278.7554,541.0500,101868220.6119,1021024.7785
Magnum,2023-02-28,TROW,Equities,6979.6317,109.7800,766223.9670,139.9066
Magnum,2023-02-28,TTWO,Equities,158147.3162,109.5500,17325038.4875,18930.3827
Magnum,2023-02-28,US912810QV35,Government Bond,9047.9963,154.7100,1399815.5058,-96.4836
Magnum,2023-02-28,US912810SG40,Government Bond,5807.8986,156.0100,906090.2541,-209.9374
Magnum,2023-02-28,US9128283R96,Government Bond,11095.2170,125.5800,1393337.3553,130.4179
Magnum,2023-02-28,US912828B253,Government Bond,1903.8844,126.3400,240536.7608,-15.4482
Magnum,2023-02-28,US912828WU04,Government Bond,13384.7141,124.3200,1663987.6625,-38.3022
Magnum,2023-02-28,US91282CCA71,Government Bond,10179.7810,113.9000,1159477.0532,30.8012
Magnum,2023-02-28,VLO,Equities,36536.2938,129.4900,4731084.6810,-21884.1585
Magnum,2023-02-28,WHR,Equities,21264.5020,132.6600,2820948.8382,-26879.4645
Magnum,2023-02-28,WY,Equities,77654.5619,30.8600,2396419.7790,-8068.6644
Magnum,2023-02-28,ZTS,Equities,192533.8261,166.2800,32014524.5985,-9735.4294
Magnum,2023-03-31,A,Equities,169415.6644,137.8500,23353949.3316,-56825.0123
Magnum,2023-03-31,AEP,Equities,21358.6148,89.2400,1906042.7833,6238.1132
Magnum,2023-03-31,AJG,Equities,177137.2104,190.7800,33794236.9913,-29460.1334
Magnum,2023-03-31,AMP,Equities,21770.1448,303.8600,6615076.2116,222387.4245
Magnum,2023-03-31,ANSS,Equities,40942.2588,332.8000,13625583.7263,-136929.2666
Magnum,2023-03-31,ATO,Equities,48764.4693,110.9400,5409930.2212,1816.1374
Magnum,2023-03-31,ATVI,Equities,85177.9183,84.6800,7212866.1179,-114019.3780
Magnum,2023-03-31,BG,Equities,193608.3085,94.2900,18255327.4112,-873.9793
Magnum,2023-03-31,CCL,Equities,3323.6341,10.1500,33734.8865,-307.1290
Magnum,2023-03-31,CHTR,Equities,2774.9274,357.6100,992341.7852,1910.9190
Magnum,2023-03-31,CI,Equities,62117.9031,254.3300,15798446.2905,-553436.4332
Magnum,2023-03-31,CLX,Equities,28484.9778,155.9600,4442517.1307,-2394.0812
Magnum,2023-03-31,CNC,Equities,107535.6024,63.2100,6797325.4306,-31453.1810
Magnum,2023-03-31,CPRT,Equities,178191.7647,37.6000,6700010.3512,-33094.7764
Magnum,2023-03-31,CRL,Equities,108423.4973,201.8200,21882030.2282,329663.5037
Magnum,2023-03-31,DE0001030567,Government Bond,6083.0029,121.3200,737989.9139,7.1001
Magnum,2023-03-31,DFS,Equities,32634.2654,97.3900,3178251.1074,59907.9662
Magnum,2023-03-31,DHI,Equities,29648.5227,97.2700,2883911.8022,-17286.8524
Magnum,2023-03-31,DHR,Equities,165752.5691,251.7500,41728209.2723,-83113.2863
Magnum,2023-03-31,DOW,Equities,144583.4083,54.0400,7813287.3842,-14376.5262
Magnum,2023-03-31,EA,Equities,30815.4800,120.2700,3706177.7777,-4564.3666
Magnum,2023-03-31,EMR,Equities,9302.3537,86.1200,801118.7049,1088.0773
Magnum,2023-03-31,ES0000012C12,Government Bond,5373.6020,130.4800,701147.5915,-4.0145
Magnum,2023-03-31,FFIV,Equities,197481.1954,145.6900,28771035.3562,-34594.8342
Magnum,2023-03-31,FICO,Equities,80823.6845,702.6900,56793994.8934,48691.5814
Magnum,2023-03-31,FTNT,Equities,127789.2966,66.4600,8492876.6492,104227.0509
Magnum,2023-03-31,GB00B4PTCY75,Government Bond,4995.6815,349.6000,1746490.2439,295.2821
Magnum,2023-03-31,GB00B54QLM75,Government Bond,8327.6770,194.4700,1619483.3403,-96.9169
Magnum,2023-03-31,GB00B73ZYW09,Government Bond,5109.8215,271.0900,1385221.4998,342.8057
Magnum,2023-03-31,GB00B7RN0G65,Government Bond,4752.1503,224.6900,1067760.6434,173.2357
Magnum,2023-03-31,GB00BLH38265,Government Bond,902.7794,166.6000,150403.0482,24.4120
Magnum,2023-03-31,GB00BMBL1F74,Government Bond,6421.2917,87.9300,564624.1770,-26.5688
Magnum,2023-03-31,GB00BNNGP882,Government Bond,1281.1152,212.7400,272544.4579,28.3898
Magnum,2023-03-31,GWW,Equities,7411.8406,685.1000,5077852.0106,-10119.3433
Magnum,2023-03-31,HCA,Equities,21679.1714,263.1200,5704223.5912,-27463.9157
Magnum,2023-03-31,HIG,Equities,97478.5722,69.2600,6751365.9093,-207274.2390
Magnum,2023-03-31,IDXX,Equities,79419.9780,500.0800,39716342.6169,-150863.1249
Magnum,2023-03-31,INTC,Equities,88963.6536,32.4200,2884201.6484,-50988.1238
Magnum,2023-03-31,IQV,Equities,103377.9887,198.8900,20560848.1633,-65786.0896
Magnum,2023-03-31,IT0003745541,Government Bond,4080.3839,179.3000,731612.8339,13.8682
Magnum,2023-03-31,IT0004243512,Government Bond,5449.2676,134.8500,734833.7315,86.4897
Magnum,2023-03-31,JNJ,Equities,9302.3537,152.7300,1420748.4881,1143.6850
Magnum,2023-03-31,JP1201401C92,Government Bond,5710977.5821,116.7300,666642413.1532,-34097.1374
Magnum,2023-03-31,JPM,Equities,156369.9568,128.4100,20079466.1473,-43743.5296
Magnum,2023-03-31,K,Equities,146499.7871,66.3700,9723190.8681,-10374.9799
Magnum,2023-03-31,KLAC,Equities,67673.8319,396.7500,26849592.7906,32218.0945
Magnum,2023-03-31,LDOS,Equities,101557.1558,91.6600,9308728.9028,15096.6424
Magnum,2023-03-31,LUV,Equities,198488.0450,32.3700,6425058.0156,-7195.1151
Magnum,2023-03-31,LYB,Equities,3440.6779,91.3800,314409.1490,574.2994
Magnum,2023-03-31,MCK,Equities,180963.4844,355.5500,64341566.8924,32475.2087
Magnum,2023-03-31,MLM,Equities,165884.4908,354.4700,58801075.4413,-51348.7825
Magnum,2023-03-31,MO,Equities,105793.5950,43.7000,4623180.1026,1360.8985
Magnum,2023-03-31,MRNA,Equities,6662.9651,153.5800,1023298.1818,26409.8562
Magnum,2023-03-31,MSFT,Equities,177004.6062,287.0600,50810942.2626,-1667691.4117
Magnum,2023-03-31,NFLX,Equities,62270.5719,345.4800,21513237.1663,-112753.0426
Magnum,2023-03-31,NL0011819040,Government Bond,31917.2497,104.2900,3328649.9720,-92.6599
Magnum,2023-03-31,NOC,Equities,160851.1301,457.7400,73627996.2862,53055.8064
Magnum,2023-03-31,NTAP,Equities,119671.3031,62.9300,7530915.1049,-11495.9693
Magnum,2023-03-31,NVDA,Equities,176118.4858,277.7400,48915148.2403,966210.3363
Magnum,2023-03-31,ON,Equities,186596.8737,82.3200,15360654.6418,-165690.2322
Magnum,2023-03-31,PEG,Equities,148203.6444,61.8800,9170841.5130,64395.0770
Magnum,2023-03-31,PFE,Equities,183404.8882,39.9200,7321523.1377,519.9577
Magnum,2023-03-31,PGR,Equities,82104.1368,142.8500,11728575.9387,-229.8017
Magnum,2023-03-31,PH,Equities,166173.2443,333.3400,55392189.2472,31213.0603
Magnum,2023-03-31,PRU,Equities,36326.5022,80.3800,2919924.2442,101603.3421
Magnum,2023-03-31,PTC,Equities,110333.3244,128.2300,14148042.1844,59630.2960
Magnum,2023-03-31,QRVO,Equities,184916.6299,101.5700,18781982.0987,-185.8642
Magnum,2023-03-31,RF,Equities,103113.1899,18.3500,1892127.0342,-39124.9202
Magnum,2023-03-31,RTX,Equities,139865.3493,96.6600,13519384.6588,1108.3876
Magnum,2023-03-31,SBUX,Equities,103435.3162,103.0600,10660043.6900,6893.1285
Magnum,2023-03-31,SO,Equities,100467.7955,68.2200,6853913.0085,-15280.9096
Magnum,2023-03-31,SYK,Equities,87620.7552,284.7600,24950886.2574,-491679.4617
Magnum,2023-03-31,TJX,Equities,121489.0648,77.7300,9443345.0087,-11997.5856
Magnum,2023-03-31,TMO,Equities,179808.0609,575.9900,103567645.0026,1479830.3286
Magnum,2023-03-31,TROW,Equities,6744.1792,111.6700,753122.4879,2225.0263
Magnum,2023-03-31,TTWO,Equities,151206.5853,119.3000,18038945.6312,338360.6284
Magnum,2023-03-31,US912810QV35,Government Bond,8679.9753,154.5400,1341403.3781,-312.8179
Magnum,2023-03-31,US912810SG40,Government Bond,5821.4922,155.9000,907570.6395,7.4765
Magnum,2023-03-31,US9128283R96,Government Bond,11322.2788,125.4300,1420153.4246,170.2963
Magnum,2023-03-31,US912828B253,Government Bond,1875.3904,126.1500,236580.5027,-27.0693
Magnum,2023-03-31,US912828WU04,Government Bond,12792.4119,124.1400,1588050.0153,-533.0720
Magnum,2023-03-31,US91282CCA71,Government Bond,10206.4753,113.7700,1161190.6958,17.3513
Magnum,2023-03-31,VLO,Equities,37252.4789,137.2200,5111785.1577,-27680.5559
Magnum,2023-03-31,WHR,Equities,21057.1673,128.5800,2707530.5726,-4229.6281
Magnum,2023-03-31,WY,Equities,78675.8116,29.9300,2354767.0405,4748.8112
Magnum,2023-03-31,ZTS,Equities,196459.9457,165.7200,32557342.1966,10993.1349
Magnum,2023-04-30,A,Equities,172068.2929,135.1700,23258471.1559,35545.2229
Magnum,2023-04-30,AEP,Equities,21633.7871,90.6500,1961102.8025,-1939.9650
Magnum,2023-04-30,AJG,Equities,169885.2727,207.4900,35249495.2334,605899.3906
Magnum,2023-04-30,AMP,Equities,21201.0322,302.5000,6413312.2441,-3869.9659
Magnum,2023-04-30,ANSS,Equities,40394.6440,313.9200,12680686.6450,-51694.8363
Magnum,2023-04-30,ATO,Equities,50484.2964,112.6900,5689075.3595,-15048.4872
Magnum,2023-04-30,ATVI,Equities,81904.1045,76.8800,6296787.5544,-127678.7362
Magnum,2023-04-30,BG,Equities,194065.2912,92.3900,17929692.2504,4341.3350
Magnum,2023-04-30,CCL,Equities,3501.7591,9.2100,32251.2012,837.1873
Magnum,2023-04-30,CHTR,Equities,2800.8613,368.7000,1032677.5593,-1438.0348
Magnum,2023-04-30,CI,Equities,64751.9002,252.1000,16323954.0397,29369.0678
Magnum,2023-04-30,CLX,Equities,28112.8263,164.4100,4622029.7683,15723.3999
Magnum,2023-04-30,CNC,Equities,109097.0963,68.9300,7520062.8457,-44658.7233
Magnum,2023-04-30,CPRT,Equities,177166.5566,39.5200,7001622.3172,9841.9973
Magnum,2023-04-30,CRL,Equities,109987.0385,190.1200,20910735.7691,91467.1622
Magnum,2023-04-30,DE0001030567,Government Bond,6090.8919,121.5700,740469.7268,-9.8612
Magnum,2023-04-30,DFS,Equities,32287.8431,101.9500,3291745.6023,7898.4289
Magnum,2023-04-30,DHI,Equities,28794.5466,109.3400,3148395.7291,51537.4550
Magnum,2023-04-30,DHR,Equities,167354.6017,236.6400,39602792.9483,121033.5632
Magnum,2023-04-30,DOW,Equities,143551.5120,53.6300,7698667.5900,-2115.3873
Magnum,2023-04-30,EA,Equities,29428.1528,127.0900,3740023.9370,47307.8576
Magnum,2023-04-30,EMR,Equities,9710.3350,82.2900,799063.4637,7812.8402
Magnum,2023-04-30,ES0000012C12,Government Bond,5167.0672,130.6200,674922.3218,144.5744
Magnum,2023-04-30,FFIV,Equities,192691.6134,134.3600,25890045.1737,-271329.8208
Magnum,2023-04-30,FICO,Equities,80962.9086,727.9500,58936949.3482,-17584.0038
Magnum,2023-04-30,FTNT,Equities,126077.6591,63.0500,7949196.4063,-29183.4187
Magnum,2023-04-30,GB00B4PTCY75,Government Bond,4911.5261,350.0000,1719034.1242,168.3108
Magnum,2023-04-30,GB00B54QLM75,Government Bond,8782.3490,194.6900,1709835.5245,-500.1392
Magnum,2023-04-30,GB00B73ZYW09,Government Bond,5153.1763,271.3700,1398417.4524,-60.6968
Magnum,2023-04-30,GB00B7RN0G65,Government Bond,4761.6622,224.9600,1071183.5232,-12.8411
Magnum,2023-04-30,GB00BLH38265,Government Bond,892.6970,166.8100,148910.7810,10.5866
Magnum,2023-04-30,GB00BMBL1F74,Government Bond,6561.4351,88.0200,577537.5133,-63.0645
Magnum,2023-04-30,GB00BNNGP882,Government Bond,1286.3490,212.9700,273953.7421,-6.0188
Magnum,2023-04-30,GWW,Equities,7422.3507,691.8200,5134930.6456,-353.1378
Magnum,2023-04-30,HCA,Equities,21226.4201,286.7200,6086039.1813,53424.6548
Magnum,2023-04-30,HIG,Equities,98634.4052,70.5500,6958657.2865,-7455.1229
Magnum,2023-04-30,IDXX,Equities,78050.3951,492.1600,38413282.4439,-54235.4850
Magnum,2023-04-30,INTC,Equities,89627.5614,30.8200,2762321.4430,5311.2629
Magnum,2023-04-30,IQV,Equities,105006.9106,188.2300,19765450.7854,86821.5406
Magnum,2023-04-30,IT0003745541,Government Bond,4155.8771,179.5000,745979.9311,-75.4932
Magnum,2023-04-30,IT0004243512,Government Bond,5470.2348,134.9300,738098.7786,-8.3869
Magnum,2023-04-30,JNJ,Equities,9663.5174,161.3000,1558725.3635,-15475.8643
Magnum,2023-04-30,JP1201401C92,Government Bond,5921887.7102,116.7300,691261952.4162,0.0000
Magnum,2023-04-30,JPM,Equities,156417.4567,137.3000,21476116.8110,-2111.3744
Magnum,2023-04-30,K,Equities,151452.8892,69.1500,10472967.2849,-68848.1189
Magnum,2023-04-30,KLAC,Equities,70035.1818,384.1900,26906816.4888,148292.7751
Magnum,2023-04-30,LDOS,Equities,103455.5174,92.8600,9606879.3428,-11390.1693
Magnum,2023-04-30,LUV,Equities,204813.8694,30.1300,6171041.8840,70849.2333
Magnum,2023-04-30,LYB,Equities,3332.8475,92.0800,306888.5976,377.4065
Magnum,2023-04-30,MCK,Equities,182883.9580,363.7300,66520382.0602,-78547.3705
Magnum,2023-04-30,MLM,Equities,169161.7169,362.6000,61338038.5370,-133219.2412
Magnum,2023-04-30,MO,Equities,103878.9224,46.5300,4833486.2603,27092.6173
Magnum,2023-04-30,MRNA,Equities,6723.7050,132.8900,893513.1624,6283.5453
Magnum,2023-04-30,MSFT,Equities,176110.2961,305.9400,53879183.9969,84422.8732
Magnum,2023-04-30,NFLX,Equities,60545.5580,329.9300,19975795.9409,-134119.8300
Magnum,2023-04-30,NL0011819040,Government Bond,31290.0617,104.4700,3268872.7485,564.4692
Magnum,2023-04-30,NOC,Equities,159495.3330,457.2900,72935620.8498,-3050.5433
Magnum,2023-04-30,NTAP,Equities,118668.0706,62.4800,7414381.0531,-2257.2731
Magnum,2023-04-30,NVDA,Equities,182118.2255,277.4600,50530522.8471,8399.6356
Magnum,2023-04-30,ON,Equities,180542.8093,71.9600,12991860.5550,-313600.5368
Magnum,2023-04-30,PEG,Equities,155843.6351,62.6300,9760486.8641,-28649.9651
Magnum,2023-04-30,PFE,Equities,182319.7592,38.0500,6937266.8379,-10145.9562
Magnum,2023-04-30,PGR,Equities,84801.8084,136.3000,11558486.4911,88348.7471
Magnum,2023-04-30,PH,Equities,162093.4322,322.2100,52228124.7848,-227041.5428
Magnum,2023-04-30,PRU,Equities,36746.0854,84.5200,3105779.1367,-8685.3726
Magnum,2023-04-30,PTC,Equities,115601.3186,125.7900,14541489.8675,64269.5296
Magnum,2023-04-30,QRVO,Equities,185554.3991,92.0800,17085849.0708,30262.1495
Magnum,2023-04-30,RF,Equities,105146.4077,18.0500,1897892.6591,3049.8267
Magnum,2023-04-30,RTX,Equities,136079.2727,98.6000,13417416.2896,36724.9424
Magnum,2023-04-30,SBUX,Equities,101234.3470,113.1200,11451629.3332,110708.7517
Magnum,2023-04-30,SO,Equities,98166.0935,72.1100,7078757.0054,44768.1029
Magnum,2023-04-30,SYK,Equities,83235.8786,298.9000,24879204.1023,310010.7799
Magnum,2023-04-30,TJX,Equities,127171.3190,78.1900,9943525.4325,-13069.1846
Magnum,2023-04-30,TMO,Equities,182748.7605,554.5300,101339670.1746,315537.0690
Magnum,2023-04-30,TROW,Equities,6823.3458,111.1000,758073.7200,225.6249
Magnum,2023-04-30,TTWO,Equities,149394.6246,124.2900,18568257.8959,45208.4196
Magnum,2023-04-30,US912810QV35,Government Bond,8963.7505,154.6700,1386423.2918,-184.4539
Magnum,2023-04-30,US912810SG40,Government Bond,5520.1657,155.9100,860649.0382,15.0663
Magnum,2023-04-30,US9128283R96,Government Bond,11075.8198,125.7100,1392341.3075,345.0425
Magnum,2023-04-30,US912828B253,Government Bond,1892.7103,126.4500,239333.2201,-25.9798
Magnum,2023-04-30,US912828WU04,Government Bond,13457.1066,124.4400,1674602.3502,-997.0421
Magnum,2023-04-30,US91282CCA71,Government Bond,10522.7005,114.0200,1199798.3083,-395.2815
Magnum,2023-04-30,VLO,Equities,36727.9999,112.7200,4139980.1488,-64248.6801
Magnum,2023-04-30,WHR,Equities,21016.9698,135.9500,2857257.0392,1481.2796
Magnum,2023-04-30,WY,Equities,79736.6446,29.7100,2368975.7116,1166.9163
Magnum,2023-04-30,ZTS,Equities,190782.4688,175.3900,33461337.2016,274506.0071
Magnum,2023-05-31,A,Equities,166930.9237,115.4500,19272175.1371,-506544.6099
Magnum,2023-05-31,AEP,Equities,22457.1202,82.2700,1847547.2810,34497.6571
Magnum,2023-05-31,AJG,Equities,172855.1138,199.7800,34532994.6423,114487.3757
Magnum,2023-05-31,AMP,Equities,20805.4037,297.3300,6186070.6908,-10226.9963
Magnum,2023-05-31,ANSS,Equities,40434.9098,323.5900,13084332.4606,-1946.8511
Magnum,2023-05-31,ATO,Equities,50081.3655,114.5500,5736820.4135,3747.2576
Magnum,2023-05-31,ATVI,Equities,86269.1895,79.3400,6844597.4954,-53690.5455
Magnum,2023-05-31,BG,Equities,188353.0083,92.0900,17345428.5305,-8568.4244
Magnum,2023-05-31,CCL,Equities,3321.2455,11.2300,37297.5868,1823.1874
Magnum,2023-05-31,CHTR,Equities,2664.0941,326.1500,868894.2877,-29097.2226
Magnum,2023-05-31,CI,Equities,62054.4333,246.2500,15280904.1929,-78900.9076
Magnum,2023-05-31,CLX,Equities,28644.4712,157.0200,4497754.8749,19644.2816
Magnum,2023-05-31,CNC,Equities,109719.5099,62.4100,6847594.6121,20290.6840
Magnum,2023-05-31,CPRT,Equities,178280.1447,43.8000,7808670.3363,-23830.7844
Magnum,2023-05-31,CRL,Equities,105997.3126,193.3800,20497760.3187,65032.5323
Magnum,2023-05-31,DE0001030567,Government Bond,5945.8562,121.7100,723670.1585,101.5250
Magnum,2023-05-31,DFS,Equities,32999.9334,101.9300,3363683.2118,71.2090
Magnum,2023-05-31,DHI,Equities,28985.2973,106.6200,3090412.3982,2594.2091
Magnum,2023-05-31,DHR,Equities,166314.1063,229.3600,38145803.4225,-37874.0326
Magnum,2023-05-31,DOW,Equities,145969.0976,48.7800,7120372.5792,58626.4493
Magnum,2023-05-31,EA,Equities,30452.1324,128.0000,3897872.9451,-4659.1072
Magnum,2023-05-31,EMR,Equities,9474.3365,77.2600,731987.2349,-5935.3622
Magnum,2023-05-31,ES0000012C12,Government Bond,5134.3175,130.7900,671517.3819,27.8373
Magnum,2023-05-31,FFIV,Equities,202508.2773,147.5800,29886171.5687,-648881.4872
Magnum,2023-05-31,FICO,Equities,80610.7536,787.6700,63494672.2646,105153.5054
Magnum,2023-05-31,FTNT,Equities,129954.7773,68.3300,8879809.9316,-102355.9200
Magnum,2023-05-31,GB00B4PTCY75,Government Bond,4935.6408,350.0500,1727721.0537,-6.0287
Magnum,2023-05-31,GB00B54QLM75,Government Bond,8439.6357,194.7300,1643450.2562,68.5427
Magnum,2023-05-31,GB00B73ZYW09,Government Bond,4951.0218,271.4100,1343756.8160,40.4309
Magnum,2023-05-31,GB00B7RN0G65,Government Bond,4718.3830,225.0000,1061636.1718,8.6558
Magnum,2023-05-31,GB00BLH38265,Government Bond,870.3907,166.8400,145215.9836,3.3459
Magnum,2023-05-31,GB00BMBL1F74,Government Bond,6432.9703,88.0400,566358.7043,12.8465
Magnum,2023-05-31,GB00BNNGP882,Government Bond,1309.1987,213.0000,278859.3195,-3.4275
Magnum,2023-05-31,GWW,Equities,7702.3686,647.3300,4985974.2397,62289.9779
Magnum,2023-05-31,HCA,Equities,20839.2543,263.6300,5493852.6097,-44698.2964
Magnum,2023-05-31,HIG,Equities,98604.5130,68.5200,6756381.2282,-303.4062
Magnum,2023-05-31,IDXX,Equities,80979.5609,464.7700,37636870.5378,401149.2641
Magnum,2023-05-31,INTC,Equities,85906.1831,31.3300,2691440.7178,9489.5146
Magnum,2023-05-31,IQV,Equities,105933.1604,196.9100,20859298.6066,-40199.2389
Magnum,2023-05-31,IT0003745541,Government Bond,4200.9227,179.7400,755073.8443,-54.0548
Magnum,2023-05-31,IT0004243512,Government Bond,5586.6580,135.0800,754645.7587,-87.3174
Magnum,2023-05-31,JNJ,Equities,9835.5002,153.9400,1514076.8937,6328.9638
Magnum,2023-05-31,JP1201401C92,Government Bond,6018554.8523,116.6400,702004237.9750,43500.2139
Magnum,2023-05-31,JPM,Equities,160629.1222,134.7800,21649593.0964,53066.9853
Magnum,2023-05-31,K,Equities,150789.5273,66.7700,10068216.7356,-7894.0064
Magnum,2023-05-31,KLAC,Equities,67469.0905,441.7900,29807169.5086,739034.2784
Magnum,2023-05-31,LDOS,Equities,104617.3561,77.7200,8130860.9182,87951.1941
Magnum,2023-05-31,LUV,Equities,201732.5807,29.7100,5993474.9728,-6470.7062
Magnum,2023-05-31,LYB,Equities,3400.7534,84.4400,287159.6146,2594.0043
Magnum,2023-05-31,MCK,Equities,183908.2106,390.8400,71878685.0452,-138837.4386
Magnum,2023-05-31,MLM,Equities,163694.0998,398.0400,65156799.5032,968861.7364
Magnum,2023-05-31,MO,Equities,106618.7026,43.5100,4638979.7482,41370.6800
Magnum,2023-05-31,MRNA,Equities,6628.1591,127.7100,846482.1969,-2474.6401
Magnum,2023-05-31,MSFT,Equities,173719.7364,327.7000,56927957.6322,260092.8936
Magnum,2023-05-31,NFLX,Equities,60369.4122,395.2300,23859802.7778,57511.5987
Magnum,2023-05-31,NL0011819040,Government Bond,31507.5289,104.6800,3298208.1269,-228.3405
Magnum,2023-05-31,NOC,Equities,153693.7829,433.6100,66643161.2158,-686903.5342
Magnum,2023-05-31,NTAP,Equities,121068.6626,65.9200,7980846.2413,-41290.1825
Magnum,2023-05-31,NVDA,Equities,185217.1902,378.3000,70067663.0374,-1562497.9817
Magnum,2023-05-31,ON,Equities,184200.8542,83.6000,15399191.4139,-212898.2170
Magnum,2023-05-31,PEG,Equities,155919.7306,59.2100,9232007.2482,1301.2335
Magnum,2023-05-31,PFE,Equities,176080.2674,37.6000,6620618.0542,-14038.8566
Magnum,2023-05-31,PGR,Equities,83769.3662,127.8100,10706562.6943,-43827.1732
Magnum,2023-05-31,PH,Equities,167355.5572,319.2500,53428261.6259,77879.4497
Magnum,2023-05-31,PRU,Equities,35306.4809,77.6300,2740842.1121,-49594.3746
Magnum,2023-05-31,PTC,Equities,111987.3613,134.4000,15051101.3550,155580.8632
Magnum,2023-05-31,QRVO,Equities,187012.1573,97.2600,18188802.4225,-37755.9378
Magnum,2023-05-31,RF,Equities,105914.0512,17.0700,1807952.8535,3761.4530
Magnum,2023-05-31,RTX,Equities,134501.7408,91.5000,12306909.2852,-56002.3821
Magnum,2023-05-31,SBUX,Equities,103599.1093,97.1200,10061545.4935,189180.9822
Magnum,2023-05-31,SO,Equities,100288.4421,69.0300,6922911.1577,32684.1677
Magnum,2023-05-31,SYK,Equities,87381.8903,274.8900,24020407.8375,497728.7147
Magnum,2023-05-31,TJX,Equities,121871.9993,76.5000,9323207.9498,-44779.2511
Magnum,2023-05-31,TMO,Equities,184320.8326,508.1200,93657101.4856,364799.3361
Magnum,2023-05-31,TROW,Equities,7025.3573,105.9900,744617.6152,5161.3923
Magnum,2023-05-31,TTWO,Equities,155997.5323,137.7300,21485540.1225,-443715.3945
Magnum,2023-05-31,US912810QV35,Government Bond,9043.5623,154.8400,1400305.1865,-67.8400
Magnum,2023-05-31,US912810SG40,Government Bond,5756.9223,156.1300,898828.2738,-260.4322
Magnum,2023-05-31,US9128283R96,Government Bond,11661.1598,125.8000,1466973.9056,-263.4030
Magnum,2023-05-31,US912828B253,Government Bond,1854.7183,126.5200,234658.9594,13.2972
Magnum,2023-05-31,US912828WU04,Government Bond,12976.6837,124.5000,1615597.1232,144.1269
Magnum,2023-05-31,US91282CCA71,Government Bond,10365.6146,114.1000,1182716.6256,62.8344
Magnum,2023-05-31,VLO,Equities,36832.8957,106.1900,3911285.1949,3424.8480
Magnum,2023-05-31,WHR,Equities,20703.8520,127.6200,2642225.5965,-13041.3534
Magnum,2023-05-31,WY,Equities,80908.3110,28.4700,2303459.6130,7264.3313
Magnum,2023-05-31,ZTS,Equities,194766.3254,162.6500,31678742.8344,253771.6690
Magnum,2023-06-30,A,Equities,171178.4871,120.2500,20584213.0792,-101941.5235
Magnum,2023-06-30,AEP,Equities,21400.1090,83.3400,1783485.0861,5655.0099
Magnum,2023-06-30,AJG,Equities,176740.0804,219.5700,38806819.4611,-384417.4449
Magnum,2023-06-30,AMP,Equities,20725.0086,330.8900,6857698.1077,13490.2966
Magnum,2023-06-30,ANSS,Equities,40507.3882,330.2700,13378375.1086,-2420.7795
Magnum,2023-06-30,ATO,Equities,47850.5040,115.6000,5531518.2634,11712.0226
Magnum,2023-06-30,ATVI,Equities,86428.6830,83.4000,7208152.1618,-3237.7179
Magnum,2023-06-30,BG,Equities,186886.8556,93.7900,17528118.1911,12462.2972
Magnum,2023-06-30,CCL,Equities,3410.9904,18.8300,64228.9499,-3410.3080
Magnum,2023-06-30,CHTR,Equities,2712.9590,367.3700,996659.7551,-10071.0619
Magnum,2023-06-30,CI,Equities,63095.3382,280.6000,17704551.8863,-178775.4139
Magnum,2023-06-30,CLX,Equities,27975.7178,157.8700,4416526.5751,2842.2020
Magnum,2023-06-30,CNC,Equities,111455.7163,67.4500,7517688.0647,-43752.4017
Magnum,2023-06-30,CPRT,Equities,175505.0125,45.6000,8003028.5713,24976.1892
Magnum,2023-06-30,CRL,Equities,106601.1630,210.2500,22412894.5311,-50934.7819
Magnum,2023-06-30,DE0001030567,Government Bond,6230.4660,121.2400,755381.6951,668.8330
Magnum,2023-06-30,DFS,Equities,32210.8603,115.9300,3734205.0398,55235.1140
Magnum,2023-06-30,DHI,Equities,29102.6823,121.4400,3534229.7416,-8698.2304
Magnum,2023-06-30,DHR,Equities,169419.0767,240.0000,40660578.4110,-165184.4256
Magnum,2023-06-30,DOW,Equities,148902.6312,53.2600,7930554.1397,-65711.1542
Magnum,2023-06-30,EA,Equities,30395.0778,129.7000,3942241.5909,484.9639
Magnum,2023-06-30,EMR,Equities,9752.3752,89.9000,876738.5284,-17572.0469
Magnum,2023-06-30,ES0000012C12,Government Bond,5256.8650,130.4200,685600.3288,226.7129
Magnum,2023-06-30,FFIV,Equities,201043.6944,146.2600,29404650.7435,-9666.2473
Magnum,2023-06-30,FICO,Equities,79963.7710,809.2100,64707483.1231,69680.0238
Magnum,2023-06-30,FTNT,Equities,125973.9235,75.5900,9522368.8771,144504.9924
Magnum,2023-06-30,GB00B4PTCY75,Government Bond,4984.3623,349.1900,1740489.4811,209.5027
Magnum,2023-06-30,GB00B54QLM75,Government Bond,8330.2409,194.2500,1618149.2967,-262.5475
Magnum,2023-06-30,GB00B73ZYW09,Government Bond,5138.0525,270.8000,1391384.6220,570.4438
Magnum,2023-06-30,GB00B7RN0G65,Government Bond,4851.5497,224.4000,1088687.7586,399.5002
Magnum,2023-06-30,GB00BLH38265,Government Bond,913.1295,166.3900,151935.6193,96.1623
Magnum,2023-06-30,GB00BMBL1F74,Government Bond,6598.4173,87.8400,579604.9784,165.4470
Magnum,2023-06-30,GB00BNNGP882,Government Bond,1299.1142,212.5200,276087.7449,-24.2028
Magnum,2023-06-30,GWW,Equities,7398.3277,786.5300,5819006.6823,211612.4415
Magnum,2023-06-30,HCA,Equities,21789.1858,303.4800,6612582.1020,-189273.8494
Magnum,2023-06-30,HIG,Equities,101115.4605,72.0200,7282335.4683,-43941.5827
Magnum,2023-06-30,IDXX,Equities,78287.8950,502.2300,39318529.5144,504149.0273
Magnum,2023-06-30,INTC,Equities,86063.4245,33.3200,2867633.3035,-1564.5513
Magnum,2023-06-30,IQV,Equities,104463.9366,224.7700,23480359.0361,204662.8658
Magnum,2023-06-30,IT0003745541,Government Bond,4159.6309,179.2200,745489.0421,-107.3588
Magnum,2023-06-30,IT0004243512,Government Bond,5588.3133,134.8600,753639.9285,1.8208
Magnum,2023-06-30,JNJ,Equities,9417.0089,164.3300,1547497.0709,21740.6211
Magnum,2023-06-30,JP1201401C92,Government Bond,6006837.6230,116.6700,700817745.4730,1757.5844
Magnum,2023-06-30,JPM,Equities,162687.4550,144.4500,23500202.8763,-99520.3891
Magnum,2023-06-30,K,Equities,147988.6660,67.4000,9974436.0865,8822.7131
Magnum,2023-06-30,KLAC,Equities,66418.0851,483.7000,32126427.7537,220238.1934
Magnum,2023-06-30,LDOS,Equities,101225.2019,88.4800,8956405.8634,182497.8978
Magnum,2023-06-30,LUV,Equities,208527.7405,36.2100,7550789.4823,-220842.6922
Magnum,2023-06-30,LYB,Equities,3484.3561,90.6500,315856.8784,-2595.8640
Magnum,2023-06-30,MCK,Equities,184383.7565,427.3100,78789022.9824,-86715.7849
Magnum,2023-06-30,MLM,Equities,169295.4812,461.6900,78162030.7155,-1782639.6157
Magnum,2023-06-30,MO,Equities,104756.9215,45.3000,4745488.5422,16662.9408
Magnum,2023-06-30,MRNA,Equities,6989.8688,121.5000,849269.0539,11231.0853
Magnum,2023-06-30,MSFT,Equities,176213.4858,339.8200,59880866.7286,-151121.2082
Magnum,2023-06-30,NFLX,Equities,60503.0400,440.4900,26650984.0991,-30239.9794
Magnum,2023-06-30,NL0011819040,Government Bond,31532.7425,104.2200,3286342.4236,57.9913
Magnum,2023-06-30,NOC,Equities,153977.5544,453.8300,69879633.5143,-28689.2959
Magnum,2023-06-30,NTAP,Equities,120280.4085,75.9000,9129283.0088,39333.8792
Magnum,2023-06-30,NVDA,Equities,176713.0546,423.0200,74753156.3486,1901524.7155
Magnum,2023-06-30,ON,Equities,181896.2859,94.5800,17203750.7210,126520.8012
Magnum,2023-06-30,PEG,Equities,155037.0225,62.6100,9706867.9787,15006.0375
Magnum,2023-06-30,PFE,Equities,176659.0029,36.2800,6409188.6242,3819.6541
Magnum,2023-06-30,PGR,Equities,81271.5221,132.2700,10749784.2236,55701.9243
Magnum,2023-06-30,PH,Equities,161527.2542,388.5900,62767875.7026,2020672.6452
Magnum,2023-06-30,PRU,Equities,35140.0944,87.0300,3058242.4199,7820.1631
Magnum,2023-06-30,PTC,Equities,112610.4574,142.3000,16024468.0830,-24612.2956
Magnum,2023-06-30,QRVO,Equities,184041.9750,102.0300,18777802.7059,70838.8495
Magnum,2023-06-30,RF,Equities,105530.2294,17.8200,1880548.6886,1439.3315
Magnum,2023-06-30,RTX,Equities,133939.3164,97.2800,13029616.7003,16254.0655
Magnum,2023-06-30,SBUX,Equities,101500.5107,98.5300,10000845.3217,14795.1198
Magnum,2023-06-30,SO,Equities,99052.8965,69.5300,6887147.8908,3088.8641
Magnum,2023-06-30,SYK,Equities,82800.8033,305.0900,25261697.0641,691744.1514
Magnum,2023-06-30,TJX,Equities,122860.2175,84.4600,10376773.9668,-39331.0811
Magnum,2023-06-30,TMO,Equities,182082.9417,521.7500,95001774.8553,152512.2651
Magnum,2023-06-30,TROW,Equities,6619.9694,112.0200,741568.9760,12222.4427
Magnum,2023-06-30,TTWO,Equities,150408.0942,147.1600,22134055.1399,263542.0069
Magnum,2023-06-30,US912810QV35,Government Bond,8680.8621,154.5600,1341714.0410,-507.7803
Magnum,2023-06-30,US912810SG40,Government Bond,5645.9072,155.9300,880366.3158,-111.0150
Magnum,2023-06-30,US9128283R96,Government Bond,11561.8916,125.4000,1449861.2106,-198.5364
Magnum,2023-06-30,US912828B253,Government Bond,1848.5725,126.0000,232920.1391,-15.9790
Magnum,2023-06-30,US912828WU04,Government Bond,13293.8945,124.0000,1648442.9143,793.0269
Magnum,2023-06-30,US91282CCA71,Government Bond,9991.8939,113.7300,1136378.0983,-691.3832
Magnum,2023-06-30,VLO,Equities,36474.8031,116.3700,4244572.8404,18226.9120
Magnum,2023-06-30,WHR,Equities,21156.6033,146.8700,3107270.3332,-43577.3137
Magnum,2023-06-30,WY,Equities,78295.8117,33.5100,2623692.6494,65834.9818
Magnum,2023-06-30,ZTS,Equities,191802.4901,171.8300,32957421.8675,136040.0443
Magnum,2023-07-31,A,Equities,172085.0817,121.7700,20954800.4013,-6890.1188
Magnum,2023-07-31,AEP,Equities,22098.9594,83.8700,1853439.7254,-1851.9535
Magnum,2023-07-31,AJG,Equities,172768.7812,214.8000,37110734.2116,-94715.4857
Magnum,2023-07-31,AMP,Equities,20627.6883,347.1200,7160283.1492,7897.5485
Magnum,2023-07-31,ANSS,Equities,39641.6737,342.1000,13561416.5605,51207.0162
Magnum,2023-07-31,ATO,Equities,50140.3310,120.9400,6063971.6265,-61138.3796
Magnum,2023-07-31,ATVI,Equities,82550.4729,91.7700,7575656.8945,162303.0941
Magnum,2023-07-31,BG,Equities,187515.2068,108.0200,20255392.6348,-44707.1821
Magnum,2023-07-31,CCL,Equities,3456.0335,18.8400,65111.6716,-2.2522
Magnum,2023-07-31,CHTR,Equities,2739.4389,405.1900,1109993.2469,-5007.3449
Magnum,2023-07-31,CI,Equities,63273.0536,295.1000,18671878.1242,-12884.3714
Magnum,2023-07-31,CLX,Equities,27645.5383,150.3700,4157059.5990,-12381.7315
Magnum,2023-07-31,CNC,Equities,108714.9125,68.0900,7402398.3897,8770.5723
Magnum,2023-07-31,CPRT,Equities,179358.3807,44.2000,7927640.4277,26973.5773
Magnum,2023-07-31,CRL,Equities,106018.8787,209.5400,22215195.8486,-2067.1093
Magnum,2023-07-31,DE0001030567,Government Bond,6094.5330,121.3800,739754.4096,95.1531
Magnum,2023-07-31,DFS,Equities,31466.6939,104.7200,3295192.1836,-41710.5301
Magnum,2023-07-31,DHI,Equities,29513.5299,126.7600,3741135.0518,-10928.5458
Magnum,2023-07-31,DHR,Equities,161095.1135,255.0600,41088919.6485,626794.4301
Magnum,2023-07-31,DOW,Equities,143566.2534,56.4700,8107186.3296,85648.8642
Magnum,2023-07-31,EA,Equities,30707.3766,136.3500,4186950.7947,-10383.9339
Magnum,2023-07-31,EMR,Equities,9743.7760,90.8600,885319.4911,41.2759
Magnum,2023-07-31,ES0000012C12,Government Bond,5395.2591,130.5100,704135.2677,-62.2774
Magnum,2023-07-31,FFIV,Equities,195145.7794,158.2400,30879868.1272,353285.1106
Magnum,2023-07-31,FICO,Equities,83624.5458,837.9700,70074860.6776,-526419.4234
Magnum,2023-07-31,FTNT,Equities,128969.2890,77.7200,10023493.1448,-31900.6431
Magnum,2023-07-31,GB00B4PTCY75,Government Bond,5037.5131,350.0300,1763280.7141,-223.2333
Magnum,2023-07-31,GB00B54QLM75,Government Bond,8632.7858,194.7100,1680889.7278,-695.8533
Magnum,2023-07-31,GB00B73ZYW09,Government Bond,5011.5169,271.4700,1360476.4886,423.8944
Magnum,2023-07-31,GB00B7RN0G65,Government Bond,4661.3115,224.9200,1048422.1883,494.6193
Magnum,2023-07-31,GB00BLH38265,Government Bond,899.0319,166.7800,149940.5482,27.4902
Magnum,2023-07-31,GB00BMBL1F74,Government Bond,6536.7802,88.0600,575628.8643,67.8008
Magnum,2023-07-31,GB00BNNGP882,Government Bond,1291.9657,213.0400,275240.3655,18.5861
Magnum,2023-07-31,GWW,Equities,7715.8815,736.5600,5683209.6680,79340.8148
Magnum,2023-07-31,HCA,Equities,20627.6883,272.8100,5627439.6345,-178115.6452
Magnum,2023-07-31,HIG,Equities,101673.4489,71.8800,7308287.5066,390.5918
Magnum,2023-07-31,IDXX,Equities,81034.9776,554.7300,44952533.1189,-721109.1756
Magnum,2023-07-31,INTC,Equities,89269.4006,35.6400,3181561.4374,-37189.3230
Magnum,2023-07-31,IQV,Equities,103995.4885,223.7600,23270030.5029,-2365.6631
Magnum,2023-07-31,IT0003745541,Government Bond,4194.6664,179.3400,752271.4635,-21.0213
Magnum,2023-07-31,IT0004243512,Government Bond,5365.3987,134.8600,723577.6723,0.0000
Magnum,2023-07-31,JNJ,Equities,9547.9068,166.3200,1588007.8660,-1302.4346
Magnum,2023-07-31,JP1201401C92,Government Bond,5783624.4040,116.6400,674601950.4808,-33481.9828
Magnum,2023-07-31,JPM,Equities,155609.9570,157.9600,24580148.8026,478084.9928
Magnum,2023-07-31,K,Equities,144760.3048,66.8900,9683016.7878,-8232.3210
Magnum,2023-07-31,KLAC,Equities,69093.3717,512.5600,35414498.5973,-386043.8588
Magnum,2023-07-31,LDOS,Equities,106328.9936,93.5300,9944950.7700,-128870.7402
Magnum,2023-07-31,LUV,Equities,209507.2230,34.1600,7156766.7361,10039.6955
Magnum,2023-07-31,LYB,Equities,3341.3784,97.5900,326085.1167,4961.3259
Magnum,2023-07-31,MCK,Equities,185316.5579,402.4000,74571382.9184,116180.4226
Magnum,2023-07-31,MLM,Equities,170783.6094,446.4600,76248050.2442,113320.9609
Magnum,2023-07-31,MO,Equities,104841.5479,45.4200,4761903.1045,-50.7758
Magnum,2023-07-31,MRNA,Equities,6955.0627,117.6600,818332.6810,-668.2757
Magnum,2023-07-31,MSFT,Equities,172498.6592,335.2100,57823275.5484,-85626.7522
Magnum,2023-07-31,NFLX,Equities,60752.0737,438.9700,26668337.7995,1892.6561
Magnum,2023-07-31,NL0011819040,Government Bond,32049.6210,104.3500,3344377.9556,-335.9710
Magnum,2023-07-31,NOC,Equities,154355.9164,443.0700,68390475.8645,20355.8737
Magnum,2023-07-31,NTAP,Equities,120316.2383,78.0100,9385869.7482,-378.0037
Magnum,2023-07-31,NVDA,Equities,182892.9667,467.2900,85464054.3926,-1367923.5398
Magnum,2023-07-31,ON,Equities,181621.9325,107.7500,19569763.2305,18066.1696
Magnum,2023-07-31,PEG,Equities,153971.6852,63.1200,9718692.7667,2716.6102
Magnum,2023-07-31,PFE,Equities,182880.4092,36.0600,6594667.5556,6843.5470
Magnum,2023-07-31,PGR,Equities,82686.9671,125.9800,10416904.1123,44515.7456
Magnum,2023-07-31,PH,Equities,164358.1442,408.4900,67138658.3258,-281673.5572
Magnum,2023-07-31,PRU,Equities,36268.6286,95.1900,3452410.7583,-46044.1942
Magnum,2023-07-31,PTC,Equities,115476.6994,145.8100,16837657.5378,-50302.5475
Magnum,2023-07-31,QRVO,Equities,179650.4783,110.0200,19765145.6266,175440.2904
Magnum,2023-07-31,RF,Equities,104876.6951,20.3700,2136338.2799,8332.5624
Magnum,2023-07-31,RTX,Equities,140057.3966,87.3200,12229811.8723,304680.3942
Magnum,2023-07-31,SBUX,Equities,99862.5801,101.0300,10089116.4718,20474.1323
Magnum,2023-07-31,SO,Equities,96950.4761,71.6000,6941654.0861,21760.0511
Magnum,2023-07-31,SYK,Equities,85095.6122,283.4100,24116947.4660,248757.2947
Magnum,2023-07-31,TJX,Equities,125602.5227,86.2000,10826937.4600,-23858.0559
Magnum,2023-07-31,TMO,Equities,179456.6566,548.6600,98460689.1835,353366.6728
Magnum,2023-07-31,TROW,Equities,6712.7855,123.2600,827417.9407,-5216.2629
Magnum,2023-07-31,TTWO,Equities,151621.1865,152.9400,23188944.2662,-35058.3685
Magnum,2023-07-31,US912810QV35,Government Bond,8949.5618,154.6100,1383691.7423,-67.1749
Magnum,2023-07-31,US912810SG40,Government Bond,5747.2934,155.9200,896117.9892,5.0693
Magnum,2023-07-31,US9128283R96,Government Bond,11284.6253,125.4700,1415881.9372,97.0432
Magnum,2023-07-31,US912828B253,Government Bond,1891.4067,126.2100,238714.4363,-44.9758
Magnum,2023-07-31,US912828WU04,Government Bond,13239.9292,124.2000,1644399.2011,53.9653
Magnum,2023-07-31,US91282CCA71,Government Bond,10076.0838,113.8000,1146658.3321,-29.4664
Magnum,2023-07-31,VLO,Equities,35867.1309,127.8900,4587047.3690,35001.9214
Magnum,2023-07-31,WHR,Equities,21399.9043,142.4000,3047346.3699,5437.7760
Magnum,2023-07-31,WY,Equities,76942.0621,34.0600,2620646.6336,3722.8115
Magnum,2023-07-31,ZTS,Equities,187241.2629,188.0900,35218209.1343,370827.7703
Magnum,2023-08-31,A,Equities,170305.4701,117.5900,20026220.2344,-37193.8820
Magnum,2023-08-31,AEP,Equities,22337.0053,78.2600,1748094.0361,6677.1878
Magnum,2023-08-31,AJG,Equities,169919.8057,230.6100,39185206.4018,225211.5137
Magnum,2023-08-31,AMP,Equities,21685.5184,321.8800,6980134.6717,133498.1671
Magnum,2023-08-31,ANSS,Equities,41316.7307,296.0300,12230991.7808,385849.3818
Magnum,2023-08-31,ATO,Equities,50273.0033,116.8500,5874400.4402,2713.1501
Magnum,2023-08-31,ATVI,Equities,83314.3627,82.9800,6913425.8199,33572.9600
Magnum,2023-08-31,BG,Equities,188105.4760,109.6800,20631408.6076,-4899.2346
Magnum,2023-08-31,CCL,Equities,3419.8626,16.0900,55025.5886,-497.3508
Magnum,2023-08-31,CHTR,Equities,2773.5625,459.1200,1273397.9927,-9201.4163
Magnum,2023-08-31,CI,Equities,63844.2819,282.3100,18023879.2270,36530.0492
Magnum,2023-08-31,CLX,Equities,27399.3028,157.3900,4312376.2626,8642.8683
Magnum,2023-08-31,CNC,Equities,109206.2916,66.0000,7207615.2482,5134.9124
Magnum,2023-08-31,CPRT,Equities,179658.8727,43.8100,7870855.2144,585.9594
Magnum,2023-08-31,CRL,Equities,110353.6620,189.6200,20925261.3907,431744.4151
Magnum,2023-08-31,DE0001030567,Government Bond,6174.0295,121.4800,750021.1033,-39.7483
Magnum,2023-08-31,DFS,Equities,32518.7913,83.7700,2724099.1468,110207.2037
Magnum,2023-08-31,DHI,Equities,29052.7937,116.9200,3396852.6382,-22668.2222
Magnum,2023-08-31,DHR,Equities,169452.1083,244.3300,41402233.6240,448352.7718
Magnum,2023-08-31,DOW,Equities,147811.7695,53.2300,7868020.4888,68777.3603
Magnum,2023-08-31,EA,Equities,29208.9431,118.1200,3450160.3557,-136582.2129
Magnum,2023-08-31,EMR,Equities,9351.0822,95.0700,889007.3833,8266.2057
Magnum,2023-08-31,ES0000012C12,Government Bond,5396.3156,130.5000,704219.1810,0.0528
Magnum,2023-08-31,FFIV,Equities,194136.4046,157.5700,30590073.2803,-3381.4053
Magnum,2023-08-31,FICO,Equities,82027.5635,883.5900,72478734.8534,364271.6665
Magnum,2023-08-31,FTNT,Equities,130136.3146,55.3100,7197839.5598,130765.2117
Magnum,2023-08-31,GB00B4PTCY75,Government Bond,4962.7083,349.7200,1735558.3483,-115.9474
Magnum,2023-08-31,GB00B54QLM75,Government Bond,8544.7572,194.5400,1662297.0694,-74.8243
Magnum,2023-08-31,GB00B73ZYW09,Government Bond,5139.0608,271.1700,1393559.1091,191.3158
Magnum,2023-08-31,GB00B7RN0G65,Government Bond,4881.0366,224.7800,1097159.4177,153.8076
Magnum,2023-08-31,GB00BLH38265,Government Bond,912.5942,166.6700,152102.0687,7.4592
Magnum,2023-08-31,GB00BMBL1F74,Government Bond,6577.6554,87.9600,578570.5646,20.4376
Magnum,2023-08-31,GB00BNNGP882,Government Bond,1277.1580,212.8100,271792.0018,-17.0288
Magnum,2023-08-31,GWW,Equities,7453.1301,742.1200,5531116.9268,7304.4879
Magnum,2023-08-31,HCA,Equities,21306.8152,276.0000,5880681.0031,-10832.0751
Magnum,2023-08-31,HIG,Equities,97996.7042,73.5900,7211577.4637,31436.1670
Magnum,2023-08-31,IDXX,Equities,77108.3120,486.6700,37526302.2059,-1336244.2971
Magnum,2023-08-31,INTC,Equities,86744.8036,33.2500,2884264.7196,-30168.9342
Magnum,2023-08-31,IQV,Equities,106646.4791,205.6800,21935047.8272,239649.5544
Magnum,2023-08-31,IT0003745541,Government Bond,4049.1022,179.3300,726125.4996,-7.2782
Magnum,2023-08-31,IT0004243512,Government Bond,5485.1325,134.9400,740163.7839,-47.8935
Magnum,2023-08-31,JNJ,Equities,9588.9916,167.1800,1603087.6159,-176.6645
Magnum,2023-08-31,JP1201401C92,Government Bond,5728553.4261,116.7500,668808612.4937,30289.0379
Magnum,2023-08-31,JPM,Equities,158238.2896,147.7400,23378124.9017,134307.7962
Magnum,2023-08-31,K,Equities,144981.4254,64.3700,9332454.3546,2786.1199
Magnum,2023-08-31,KLAC,Equities,69816.7910,497.8700,34759685.7540,53135.1505
Magnum,2023-08-31,LDOS,Equities,106712.8153,98.4700,10508010.9243,-9480.3968
Magnum,2023-08-31,LUV,Equities,202303.9455,29.7100,6010450.2206,-160272.9235
Magnum,2023-08-31,LYB,Equities,3382.6679,96.1900,325378.8240,289.0265
Magnum,2023-08-31,MCK,Equities,178823.5281,416.4200,74465693.5858,455161.3899
Magnum,2023-08-31,MLM,Equities,168593.2185,453.0000,76372727.9641,71625.7830
Magnum,2023-08-31,MO,Equities,106766.7988,45.2100,4826926.9728,2021.5134
Magnum,2023-08-31,MRNA,Equities,6995.3285,106.0100,741574.7770,2345.4825
Magnum,2023-08-31,MSFT,Equities,173134.9952,345.3600,59793901.9509,-32294.0536
Magnum,2023-08-31,NFLX,Equities,59919.9367,411.1300,24634883.5896,-115833.4680
Magnum,2023-08-31,NL0011819040,Government Bond,31466.5568,104.4500,3286681.8615,291.5321
Magnum,2023-08-31,NOC,Equities,162112.3366,421.1200,68268747.2038,851267.1245
Magnum,2023-08-31,NTAP,Equities,119432.4382,75.2900,8992068.2748,-12019.6806
Magnum,2023-08-31,NVDA,Equities,175974.3479,490.5700,86327735.8434,805327.2256
Magnum,2023-08-31,ON,Equities,188151.5428,98.0700,18452021.8020,316033.1367
Magnum,2023-08-31,PEG,Equities,149482.0492,60.2100,9000314.1811,-65324.2034
Magnum,2023-08-31,PFE,Equities,184508.1027,35.4800,6546347.4842,4720.3112
Magnum,2023-08-31,PGR,Equities,84951.6791,131.4900,11170296.2840,-62392.8161
Magnum,2023-08-31,PH,Equities,169870.0536,411.4700,69896430.9544,-82127.4500
Magnum,2023-08-31,PRU,Equities,36775.0222,94.4000,3471562.0917,2000.2545
Magnum,2023-08-31,PTC,Equities,110763.8271,143.7400,15921192.5114,-48778.2279
Magnum,2023-08-31,QRVO,Equities,178046.9443,101.4100,18055740.6212,-69032.1404
Magnum,2023-08-31,RF,Equities,102594.5119,18.0100,1847727.1586,-26929.7627
Magnum,2023-08-31,RTX,Equities,135393.3893,83.1000,11251190.6494,-98410.5547
Magnum,2023-08-31,SBUX,Equities,100200.4033,101.1000,10130260.7762,-118.2381
Magnum,2023-08-31,SO,Equities,102002.2635,68.5300,6990215.1149,77544.9365
Magnum,2023-08-31,SYK,Equities,82809.3341,274.7800,22754348.8351,-98652.9002
Magnum,2023-08-31,TJX,Equities,125380.1737,88.7000,11121221.4037,2779.3635
Magnum,2023-08-31,TMO,Equities,186725.1782,519.6300,97028004.3732,1055025.9243
Magnum,2023-08-31,TROW,Equities,6948.9205,109.0600,757849.2689,16765.5844
Magnum,2023-08-31,TTWO,Equities,154093.4380,140.4600,21643964.3002,154268.4918
Magnum,2023-08-31,US912810QV35,Government Bond,8647.1638,154.4600,1335640.9138,-226.7985
Magnum,2023-08-31,US912810SG40,Government Bond,5734.2661,155.7000,892825.2381,-14.3300
Magnum,2023-08-31,US9128283R96,Government Bond,11540.2124,125.6800,1450373.8908,-268.3664
Magnum,2023-08-31,US912828B253,Government Bond,1888.7994,126.4900,238914.2333,3.6502
Magnum,2023-08-31,US912828WU04,Government Bond,13224.1344,124.4800,1646140.2538,22.1126
Magnum,2023-08-31,US91282CCA71,Government Bond,10229.0628,113.9900,1166010.8709,-145.3301
Magnum,2023-08-31,VLO,Equities,36503.7399,128.4200,4687810.2786,-1687.0139
Magnum,2023-08-31,WHR,Equities,20661.5388,132.8700,2745298.6639,-35183.1140
Magnum,2023-08-31,WY,Equities,80282.8945,31.2800,2511248.9389,46437.5705
Magnum,2023-08-31,ZTS,Equities,188107.3187,185.5900,34910837.2721,10825.6974
Report-of-Gohen,2022-08-31,AAP,Equities,3597.3076,162.7800,585569.7282,2750.5677
Report-of-Gohen,2022-08-31,ABC,Equities,89333.1383,144.8700,12941691.7445,-68625.9357
Report-of-Gohen,2022-08-31,ADBE,Equities,27579.3581,373.4400,10299235.5003,-130752.4253
Report-of-Gohen,2022-08-31,AJG,Equities,2398.2051,179.5700,430645.6817,-3100.6050
Report-of-Gohen,2022-08-31,ALGN,Equities,36272.8515,243.7000,8839693.8995,-30015.7732
Report-of-Gohen,2022-08-31,AMT,Equities,37172.1784,246.4900,9162570.2415,-24555.6289
Report-of-Gohen,2022-08-31,AOS,Equities,13789.6791,55.1400,760362.9037,-2608.0003
Report-of-Gohen,2022-08-31,ATO,Equities,42568.1397,110.5400,4705482.1650,-5235.9746
Report-of-Gohen,2022-08-31,AU0000XCLWV6,Government Bond,2501.1025,161.9500,405053.5575,77.3367
Report-of-Gohen,2022-08-31,AU000XCLWAF4,Government Bond,2091.7445,156.2800,326897.8318,20.7832
Report-of-Gohen,2022-08-31,BE0000331406,Government Bond,13733.4338,164.2600,2255853.8339,137.2535
Report-of-Gohen,2022-08-31,CA135087G997,Government Bond,2868.6040,131.7500,377938.5797,74.0100
Report-of-Gohen,2022-08-31,CA135087K940,Government Bond,41363.6689,97.7600,4043712.2693,11.4181
Report-of-Gohen,2022-08-31,CA135087VS05,Government Bond,1762.4768,207.4400,365608.1856,-71.6952
Report-of-Gohen,2022-08-31,CB,Equities,28178.9094,185.8400,5236768.5219,-9771.2924
Report-of-Gohen,2022-08-31,CFG,Equities,38970.8321,34.9700,1362810.0000,8469.9165
Report-of-Gohen,2022-08-31,CHTR,Equities,29378.0119,412.6300,12122249.0593,75988.9086
Report-of-Gohen,2022-08-31,CPT,Equities,69547.9466,124.0900,8630204.6924,-11630.0426
Report-of-Gohen,2022-08-31,CTSH,Equities,46465.2229,62.0600,2883631.7355,-5419.2822
Report-of-Gohen,2022-08-31,DD,Equities,55158.7163,54.5600,3009459.5592,21598.6304
Report-of-Gohen,2022-08-31,DE0001030575,Government Bond,3419.2386,181.8700,621856.9193,-94.0977
Report-of-Gohen,2022-08-31,DGX,Equities,58156.4726,122.8300,7143359.5270,-631.9861
Report-of-Gohen,2022-08-31,DK0009923807,Government Bond,97387.3302,104.9200,10217878.6893,-497.7718
Report-of-Gohen,2022-08-31,FR0000188799,Government Bond,3049.0425,209.9100,640024.5134,21.6006
Report-of-Gohen,2022-08-31,FR0013410552,Government Bond,3175.3169,120.5600,382816.2020,44.1422
Report-of-Gohen,2022-08-31,FR0013519253,Government Bond,1829.3692,114.2100,208932.2512,22.1843
Report-of-Gohen,2022-08-31,GB00B0CNHZ09,Government Bond,2993.8021,451.6500,1352150.7291,-108.0379
Report-of-Gohen,2022-08-31,GB00B128DH60,Government Bond,4770.6634,207.9300,991964.0350,-78.3550
Report-of-Gohen,2022-08-31,GB00B3Y1JG82,Government Bond,5428.1180,165.6500,899167.7545,134.0635
Report-of-Gohen,2022-08-31,GB00BD9MZZ71,Government Bond,3066.3348,326.1900,1000207.7519,60.0464
Report-of-Gohen,2022-08-31,GB00BN65R313,Government Bond,7250.6984,146.8300,1064620.0391,-11.1116
Report-of-Gohen,2022-08-31,GB00BNNGP882,Government Bond,1497.3898,213.0900,319078.7995,-3.0877
Report-of-Gohen,2022-08-31,HPE,Equities,72845.4785,13.1700,959374.9524,-3389.9617
Report-of-Gohen,2022-08-31,HRL,Equities,14689.0060,49.0200,720055.0722,41.0987
Report-of-Gohen,2022-08-31,IPG,Equities,70447.2735,26.9500,1898554.0204,-7363.4090
Report-of-Gohen,2022-08-31,IT0004735152,Government Bond,4049.5596,140.9600,570825.9225,-23.4025
Report-of-Gohen,2022-08-31,JP1400131L54,Government Bond,1250844.0707,92.6600,115903211.5884,807.0874
Report-of-Gohen,2022-08-31,KMI,Equities,299.7756,17.2000,5156.1409,13.7345
Report-of-Gohen,2022-08-31,KR,Equities,56957.3701,46.8700,2669591.9344,-5112.3685
Report-of-Gohen,2022-08-31,LH,Equities,78541.2155,190.8300,14988020.1627,-532.0158
Report-of-Gohen,2022-08-31,LIN,Equities,71646.3760,278.6500,19964262.6762,-71936.0470
Report-of-Gohen,2022-08-31,LVS,Equities,22483.1724,37.5000,843118.9646,-9178.2681
Report-of-Gohen,2022-08-31,LYV,Equities,85136.2794,90.3600,7692914.2108,-32699.9853
Report-of-Gohen,2022-08-31,META,Equities,85436.0551,162.9300,13920096.4540,-34477.3704
Report-of-Gohen,2022-08-31,MGM,Equities,77342.1130,32.6400,2524446.5689,16366.3237
Report-of-Gohen,2022-08-31,MRNA,Equities,35973.0758,132.2700,4758158.7391,-11872.4425
Report-of-Gohen,2022-08-31,NEM,Equities,66550.1903,39.5600,2632725.5272,22554.4693
Report-of-Gohen,2022-08-31,NL0009446418,Government Bond,9152.4097,171.1200,1566160.3455,-3.8345
Report-of-Gohen,2022-08-31,NTAP,Equities,5096.1857,69.9900,356682.0401,-38.7766
Report-of-Gohen,2022-08-31,NTRS,Equities,7194.6152,91.8700,660969.2952,-3858.6137
Report-of-Gohen,2022-08-31,PANW,Equities,38371.2809,185.6000,7121709.7309,29970.7116
Report-of-Gohen,2022-08-31,PFE,Equities,69847.7222,43.4800,3036978.9622,12031.7285
Report-of-Gohen,2022-08-31,PHM,Equities,8993.2690,40.1600,361169.6813,1040.0601
Report-of-Gohen,2022-08-31,PNW,Equities,67749.2928,71.9800,4876594.0957,-3390.6695
Report-of-Gohen,2022-08-31,PRU,Equities,46165.4473,90.8700,4195054.1967,673.2519
Report-of-Gohen,2022-08-31,REG,Equities,4496.6345,58.3200,262243.7227,-608.5310
Report-of-Gohen,2022-08-31,RJF,Equities,87234.7089,102.7100,8959876.9480,-43957.3699
Report-of-Gohen,2022-08-31,ROL,Equities,5695.7370,33.3200,189781.9570,86.8596
Report-of-Gohen,2022-08-31,RTX,Equities,46465.2229,87.5900,4069888.8771,-4511.0660
Report-of-Gohen,2022-08-31,SE0005703550,Government Bond,10588.9051,123.3500,1306141.4413,6.8954
Report-of-Gohen,2022-08-31,SPG,Equities,25780.7043,95.6900,2466955.5983,-3148.4379
Report-of-Gohen,2022-08-31,STX,Equities,35673.3002,63.8400,2277383.4842,5774.5662
Report-of-Gohen,2022-08-31,TFX,Equities,8393.7177,224.9300,1887998.9205,3171.0159
Report-of-Gohen,2022-08-31,TRV,Equities,63552.4340,158.1900,10053359.5271,31618.9621
Report-of-Gohen,2022-08-31,US912810QF84,Government Bond,4863.5635,196.1500,953987.9780,-14.9749
Report-of-Gohen,2022-08-31,US912810SG40,Government Bond,5158.9358,156.0000,804793.9792,-93.0835
Report-of-Gohen,2022-08-31,US912828B253,Government Bond,1761.4926,126.4800,222793.5843,-4.4841
Report-of-Gohen,2022-08-31,VTRS,Equities,47664.3255,9.1200,434698.6482,1490.2066
Report-of-Gohen,2022-08-31,WHR,Equities,2398.2051,148.8000,356852.9122,-1239.0000
Report-of-Gohen,2022-08-31,WMT,Equities,74344.3567,130.5500,9705655.7672,31065.6758
Report-of-Gohen,2022-09-30,AAP,Equities,3678.2470,152.2500,560013.1062,4261.4605
Report-of-Gohen,2022-09-30,ABC,Equities,87957.4080,133.7700,11766062.4632,-76353.0333
Report-of-Gohen,2022-09-30,ADBE,Equities,27234.6162,275.2000,7494966.3656,-169337.2589
Report-of-Gohen,2022-09-30,AJG,Equities,2422.1871,169.8100,411311.5924,1170.3241
Report-of-Gohen,2022-09-30,ALGN,Equities,37041.8359,207.1100,7671734.6344,140685.7053
Report-of-Gohen,2022-09-30,AMT,Equities,37670.2855,208.3100,7847097.1808,95088.6626
Report-of-Gohen,2022-09-30,AOS,Equities,13502.8537,47.4500,640710.4100,-11028.4337
Report-of-Gohen,2022-09-30,ATO,Equities,42593.6806,99.3000,4229552.4843,1435.3977
Report-of-Gohen,2022-09-30,AU0000XCLWV6,Government Bond,2565.8811,161.0500,413235.1516,291.5035
Report-of-Gohen,2022-09-30,AU000XCLWAF4,Government Bond,2071.0362,155.4300,321901.1625,-88.0102
Report-of-Gohen,2022-09-30,BE0000331406,Government Bond,13707.3403,163.6700,2243480.3809,-76.9759
Report-of-Gohen,2022-09-30,CA135087G997,Government Bond,2786.8488,131.6500,366888.6453,-40.8776
Report-of-Gohen,2022-09-30,CA135087K940,Government Bond,41851.7602,97.5600,4083057.7220,488.0913
Report-of-Gohen,2022-09-30,CA135087VS05,Government Bond,1724.7598,206.2700,355766.2015,-220.6445
Report-of-Gohen,2022-09-30,CB,Equities,27668.8711,179.5600,4968222.5009,-16015.2014
Report-of-Gohen,2022-09-30,CFG,Equities,38912.3759,32.7500,1274380.3105,-648.8644
Report-of-Gohen,2022-09-30,CHTR,Equities,29642.4140,303.3500,8992026.2957,144469.3114
Report-of-Gohen,2022-09-30,CPT,Equities,69255.8452,116.2500,8050992.0062,-11450.3739
Report-of-Gohen,2022-09-30,CTSH,Equities,46302.5947,56.4300,2612855.4165,-4577.9861
Report-of-Gohen,2022-09-30,DD,Equities,56035.7398,49.4200,2769286.2634,22539.5062
Report-of-Gohen,2022-09-30,DE0001030575,Government Bond,3472.9206,181.3000,629640.5082,152.9938
Report-of-Gohen,2022-09-30,DGX,Equities,56615.3261,120.2700,6809125.2648,-19726.6755
Report-of-Gohen,2022-09-30,DK0009923807,Government Bond,97523.6725,104.4800,10189273.3036,299.9530
Report-of-Gohen,2022-09-30,FR0000188799,Government Bond,3137.7696,209.0100,655825.2341,399.2721
Report-of-Gohen,2022-09-30,FR0013410552,Government Bond,3266.7660,120.0200,392077.2550,246.9126
Report-of-Gohen,2022-09-30,FR0013519253,Government Bond,1883.5185,113.7400,214231.3921,127.2509
Report-of-Gohen,2022-09-30,GB00B0CNHZ09,Government Bond,3041.7030,450.7400,1371017.1911,217.9488
Report-of-Gohen,2022-09-30,GB00B128DH60,Government Bond,4678.5896,207.0900,968889.1139,-386.7100
Report-of-Gohen,2022-09-30,GB00B3Y1JG82,Government Bond,5441.1455,164.9700,897625.7782,44.2934
Report-of-Gohen,2022-09-30,GB00BD9MZZ71,Government Bond,2992.1295,325.4500,973788.5485,-274.5596
Report-of-Gohen,2022-09-30,GB00BN65R313,Government Bond,7108.5847,146.4600,1041123.3100,-262.9103
Report-of-Gohen,2022-09-30,GB00BNNGP882,Government Bond,1525.8402,212.6600,324485.1854,61.1684
Report-of-Gohen,2022-09-30,HPE,Equities,70718.3906,11.7000,827405.1696,-15634.0966
Report-of-Gohen,2022-09-30,HRL,Equities,14445.1685,44.3000,639920.9629,-5754.5650
Report-of-Gohen,2022-09-30,IPG,Equities,68474.7498,24.9600,1709129.7557,-19626.6104
Report-of-Gohen,2022-09-30,IT0004735152,Government Bond,3929.6926,140.3300,551453.7688,-377.5809
Report-of-Gohen,2022-09-30,JP1400131L54,Government Bond,1230830.5655,92.5000,113851827.3125,-16010.8041
Report-of-Gohen,2022-09-30,KMI,Equities,305.5013,15.6200,4771.9310,45.2331
Report-of-Gohen,2022-09-30,KR,Equities,57868.6880,42.7800,2475622.4715,18636.4515
Report-of-Gohen,2022-09-30,LH,Equities,78069.9683,173.5000,13545139.4919,-40833.5780
Report-of-Gohen,2022-09-30,LIN,Equities,71252.3209,266.6800,19001568.9497,-23584.1958
Report-of-Gohen,2022-09-30,LVS,Equities,21975.0527,37.3900,821647.2202,-279.4658
Report-of-Gohen,2022-09-30,LYV,Equities,85706.6925,76.0400,6517136.8992,40841.5760
Report-of-Gohen,2022-09-30,META,Equities,87734.2850,135.6800,11903787.7834,313133.8214
Report-of-Gohen,2022-09-30,MGM,Equities,76421.7419,29.7200,2271254.1685,-13437.4187
Report-of-Gohen,2022-09-30,MRNA,Equities,35829.1835,118.2500,4236800.9512,-10086.8505
Report-of-Gohen,2022-09-30,NEM,Equities,65432.1471,40.7400,2665705.6719,6596.4549
Report-of-Gohen,2022-09-30,NL0009446418,Government Bond,8933.6671,170.5100,1523279.5763,-667.1649
Report-of-Gohen,2022-09-30,NTAP,Equities,4984.5793,60.0200,299174.4480,-5563.5824
Report-of-Gohen,2022-09-30,NTRS,Equities,7160.0810,83.3100,596506.3491,-1478.0617
Report-of-Gohen,2022-09-30,PANW,Equities,39246.1461,163.7900,6428126.2667,95404.0505
Report-of-Gohen,2022-09-30,PFE,Equities,71894.2605,42.0600,3023872.5959,14530.4217
Report-of-Gohen,2022-09-30,PHM,Equities,9205.5101,37.1800,342260.8656,3162.3931
Report-of-Gohen,2022-09-30,PNW,Equities,66516.2557,61.6200,4098731.6744,-63871.3233
Report-of-Gohen,2022-09-30,PRU,Equities,47476.5460,81.4000,3864590.8452,62080.5236
Report-of-Gohen,2022-09-30,REG,Equities,4590.1645,52.1600,239422.9790,2880.7239
Report-of-Gohen,2022-09-30,RJF,Equities,86493.2138,97.5900,8440872.7391,-18982.2727
Report-of-Gohen,2022-09-30,ROL,Equities,5862.6221,34.2300,200677.5545,-759.3272
Report-of-Gohen,2022-09-30,RTX,Equities,46028.4498,79.8900,3677212.8579,-16815.7642
Report-of-Gohen,2022-09-30,SE0005703550,Government Bond,10571.9628,122.9800,1300139.9887,-31.3432
Report-of-Gohen,2022-09-30,SPG,Equities,25662.1131,85.6600,2198216.6081,-5947.3507
Report-of-Gohen,2022-09-30,STX,Equities,35455.6931,51.3300,1819940.7248,-13611.3261
Report-of-Gohen,2022-09-30,TFX,Equities,8239.2733,200.2800,1650161.6538,-19035.2730
Report-of-Gohen,2022-09-30,TRV,Equities,64162.5373,150.7800,9674427.3770,22604.3297
Report-of-Gohen,2022-09-30,US912810QF84,Government Bond,4818.3323,196.0800,944778.6065,-15.8309
Report-of-Gohen,2022-09-30,US912810SG40,Government Bond,5227.5496,156.0100,815550.0146,-3.4307
Report-of-Gohen,2022-09-30,US912828B253,Government Bond,1736.1271,126.2100,219116.6024,-34.2434
Report-of-Gohen,2022-09-30,VTRS,Equities,48994.1601,8.1400,398812.4636,6516.1899
Report-of-Gohen,2022-09-30,WHR,Equities,2383.8158,128.1000,305366.8071,-1489.2853
Report-of-Gohen,2022-09-30,WMT,Equities,76351.6543,127.7400,9753160.3243,28202.5317
Report-of-Gohen,2022-10-31,AAP,Equities,3619.6109,184.9600,669483.2301,9589.9364
Report-of-Gohen,2022-10-31,ABC,Equities,89458.2047,155.4000,13901805.0083,-162311.1656
Report-of-Gohen,2022-10-31,ADBE,Equities,27477.3145,318.5000,8751524.6700,-52544.1931
Report-of-Gohen,2022-10-31,AJG,Equities,2435.3772,185.5400,451859.8918,-1037.4036
Report-of-Gohen,2022-10-31,ALGN,Equities,35732.3860,194.3000,6942802.5936,-83870.2685
Report-of-Gohen,2022-10-31,AMT,Equities,38231.5854,202.4900,7741513.7343,16333.8269
Report-of-Gohen,2022-10-31,AOS,Equities,13926.1969,53.8200,749507.9165,-13483.4792
Report-of-Gohen,2022-10-31,ATO,Equities,42874.6303,103.8800,4453816.5986,-6433.7486
Report-of-Gohen,2022-10-31,AU0000XCLWV6,Government Bond,2504.6041,161.3700,404167.9621,98.0432
Report-of-Gohen,2022-10-31,AU000XCLWAF4,Government Bond,2135.2528,155.7500,332565.6227,-102.7465
Report-of-Gohen,2022-10-31,BE0000331406,Government Bond,13837.8079,163.9400,2268570.2245,-176.1313
Report-of-Gohen,2022-10-31,CA135087G997,Government Bond,2948.6381,131.5300,387834.3657,97.0736
Report-of-Gohen,2022-10-31,CA135087K940,Government Bond,42579.7607,97.6600,4158339.4339,-364.0003
Report-of-Gohen,2022-10-31,CA135087VS05,Government Bond,1719.2961,206.4600,354965.8749,5.1905
Report-of-Gohen,2022-10-31,CB,Equities,28818.5706,212.1500,6113859.7608,-187343.5341
Report-of-Gohen,2022-10-31,CFG,Equities,39247.5250,38.9900,1530261.0017,-10456.6537
Report-of-Gohen,2022-10-31,CHTR,Equities,30071.3330,367.6200,11054823.4386,-137833.1123
Report-of-Gohen,2022-10-31,CPT,Equities,70758.0809,112.4500,7956746.1928,28542.4773
Report-of-Gohen,2022-10-31,CTSH,Equities,45605.6163,61.1600,2789239.4937,16483.5378
Report-of-Gohen,2022-10-31,DD,Equities,56763.8349,56.0900,3183883.4998,-24281.9701
Report-of-Gohen,2022-10-31,DE0001030575,Government Bond,3337.8607,181.1100,604519.9505,-128.3069
Report-of-Gohen,2022-10-31,DGX,Equities,56743.2703,141.5700,8033144.7758,-13626.0615
Report-of-Gohen,2022-10-31,DK0009923807,Government Bond,95118.2055,104.5600,9945559.5619,962.1868
Report-of-Gohen,2022-10-31,FR0000188799,Government Bond,3090.5095,209.1900,646503.6800,42.5341
Report-of-Gohen,2022-10-31,FR0013410552,Government Bond,3178.1747,120.1800,381953.0302,70.8731
Report-of-Gohen,2022-10-31,FR0013519253,Government Bond,1840.3454,113.9900,209780.9687,53.9664
Report-of-Gohen,2022-10-31,GB00B0CNHZ09,Government Bond,3002.1848,452.3600,1358068.3023,320.0973
Report-of-Gohen,2022-10-31,GB00B128DH60,Government Bond,4634.2224,207.0400,959469.4056,-11.0918
Report-of-Gohen,2022-10-31,GB00B3Y1JG82,Government Bond,5586.6191,164.9400,921456.9534,21.8210
Report-of-Gohen,2022-10-31,GB00BD9MZZ71,Government Bond,2977.4111,326.3400,971648.3388,65.4969
Report-of-Gohen,2022-10-31,GB00BN65R313,Government Bond,7240.5474,146.7300,1062405.5163,-178.1497
Report-of-Gohen,2022-10-31,GB00BNNGP882,Government Bond,1512.8129,213.4200,322864.5394,49.5037
Report-of-Gohen,2022-10-31,HPE,Equities,74251.3963,13.9400,1035064.4641,-39569.6639
Report-of-Gohen,2022-10-31,HRL,Equities,14476.0154,45.5400,659237.7402,-191.2509
Report-of-Gohen,2022-10-31,IPG,Equities,70820.6440,29.0500,2057339.7092,-47973.5365
Report-of-Gohen,2022-10-31,IT0004735152,Government Bond,4168.6167,140.6600,586357.6196,-394.2246
Report-of-Gohen,2022-10-31,JP1400131L54,Government Bond,1240086.8117,92.6400,114881642.2325,-6479.3723
Report-of-Gohen,2022-10-31,KMI,Equities,296.9278,17.2800,5130.9118,71.1607
Report-of-Gohen,2022-10-31,KR,Equities,55920.7459,46.2400,2585775.2912,33699.3976
Report-of-Gohen,2022-10-31,LH,Equities,78124.9471,187.9400,14682802.5587,-3969.4730
Report-of-Gohen,2022-10-31,LIN,Equities,71861.3151,294.1500,21138005.8489,-83645.3528
Report-of-Gohen,2022-10-31,LVS,Equities,22229.1125,37.8800,842038.7831,-622.4466
Report-of-Gohen,2022-10-31,LYV,Equities,87026.3049,79.6100,6928164.1292,-23555.0801
Report-of-Gohen,2022-10-31,META,Equities,85273.7266,93.1600,7944100.3677,-523114.7129
Report-of-Gohen,2022-10-31,MGM,Equities,77937.6473,35.5700,2772242.1141,-44340.2334
Report-of-Gohen,2022-10-31,MRNA,Equities,36624.1885,150.3300,5505714.2565,-127518.7981
Report-of-Gohen,2022-10-31,NEM,Equities,67741.4387,41.0200,2778753.8146,-3233.0082
Report-of-Gohen,2022-10-31,NL0009446418,Government Bond,9264.0691,170.8500,1582766.2031,-561.6834
Report-of-Gohen,2022-10-31,NTAP,Equities,4960.6272,67.7200,335933.6740,922.1548
Report-of-Gohen,2022-10-31,NTRS,Equities,7101.8046,82.1300,583271.2142,-343.8307
Report-of-Gohen,2022-10-31,PANW,Equities,37933.8483,171.5900,6509069.0256,51179.6144
Report-of-Gohen,2022-10-31,PFE,Equities,68751.1130,44.7500,3076612.3060,42275.3339
Report-of-Gohen,2022-10-31,PHM,Equities,9027.4434,39.6500,357938.1299,2199.1241
Report-of-Gohen,2022-10-31,PNW,Equities,66170.7343,65.0200,4302421.1427,5873.8637
Report-of-Gohen,2022-10-31,PRU,Equities,46844.0794,99.8200,4675976.0038,58250.1764
Report-of-Gohen,2022-10-31,REG,Equities,4542.5001,58.6200,266281.3588,1539.5577
Report-of-Gohen,2022-10-31,RJF,Equities,86720.0241,116.6700,10117625.2103,-21637.6972
Report-of-Gohen,2022-10-31,ROL,Equities,5843.8262,41.5300,242694.1007,686.0515
Report-of-Gohen,2022-10-31,RTX,Equities,45257.1271,92.5300,4187641.9744,48747.5947
Report-of-Gohen,2022-10-31,SE0005703550,Government Bond,10505.2527,123.4100,1296453.2390,143.4267
Report-of-Gohen,2022-10-31,SPG,Equities,26046.2456,104.0200,2709330.4667,-35263.3630
Report-of-Gohen,2022-10-31,STX,Equities,35469.9624,47.8800,1698301.7987,246.1458
Report-of-Gohen,2022-10-31,TFX,Equities,8155.3361,213.3000,1739533.1922,5464.3102
Report-of-Gohen,2022-10-31,TRV,Equities,64683.6673,181.5500,11743319.7943,-80175.8441
Report-of-Gohen,2022-10-31,US912810QF84,Government Bond,4727.8701,195.7100,925291.4506,-167.3552
Report-of-Gohen,2022-10-31,US912810SG40,Government Bond,5299.2588,155.7500,825359.5607,93.2220
Report-of-Gohen,2022-10-31,US912828B253,Government Bond,1752.3328,126.3700,221442.3011,-12.9646
Report-of-Gohen,2022-10-31,VTRS,Equities,48264.8960,9.6800,467204.1929,5615.3342
Report-of-Gohen,2022-10-31,WHR,Equities,2466.0743,131.3600,323943.5145,-1340.8125
Report-of-Gohen,2022-10-31,WMT,Equities,75779.2028,140.1800,10622728.6463,35606.4862
Report-of-Gohen,2022-11-30,AAP,Equities,3678.2470,147.0400,540849.4393,11117.4071
Report-of-Gohen,2022-11-30,ABC,Equities,91700.4665,169.2400,15519386.9433,-155164.5146
Report-of-Gohen,2022-11-30,ADBE,Equities,27513.1677,344.9300,9490116.9248,-4737.9958
Report-of-Gohen,2022-11-30,AJG,Equities,2362.9514,197.4700,466612.0210,4320.1985
Report-of-Gohen,2022-11-30,ALGN,Equities,36581.1707,196.6600,7194053.0283,-10015.6597
Report-of-Gohen,2022-11-30,AMT,Equities,38064.3106,216.2300,8230645.8876,11491.7789
Report-of-Gohen,2022-11-30,AOS,Equities,13729.0045,59.6700,819209.6972,5767.8780
Report-of-Gohen,2022-11-30,ATO,Equities,42248.8787,117.9300,4982410.2622,43959.0537
Report-of-Gohen,2022-11-30,AU0000XCLWV6,Government Bond,2473.8405,162.0200,400811.6425,99.9816
Report-of-Gohen,2022-11-30,AU000XCLWAF4,Government Bond,2075.0106,156.3700,324469.4001,186.7509
Report-of-Gohen,2022-11-30,BE0000331406,Government Bond,13528.8056,164.3600,2223594.4924,648.9047
Report-of-Gohen,2022-11-30,CA135087G997,Government Bond,2851.1055,132.1700,376830.6187,312.1041
Report-of-Gohen,2022-11-30,CA135087K940,Government Bond,42054.4421,97.9800,4120494.2414,840.5098
Report-of-Gohen,2022-11-30,CA135087VS05,Government Bond,1796.3163,207.6500,373005.0892,-458.2704
Report-of-Gohen,2022-11-30,CB,Equities,27353.2673,216.7900,5929914.8286,33995.0363
Report-of-Gohen,2022-11-30,CFG,Equities,39500.8355,40.8200,1612424.1034,-2317.7902
Report-of-Gohen,2022-11-30,CHTR,Equities,29803.9931,391.2900,11662004.4580,31639.6782
Report-of-Gohen,2022-11-30,CPT,Equities,70438.1603,117.1000,8248308.5719,7438.1529
Report-of-Gohen,2022-11-30,CTSH,Equities,46706.8421,61.4000,2867800.1047,-1321.4709
Report-of-Gohen,2022-11-30,DD,Equities,54358.9149,69.4700,3776313.8164,160889.1499
Report-of-Gohen,2022-11-30,DE0001030575,Government Bond,3490.7007,182.2000,636005.6602,-832.9778
Report-of-Gohen,2022-11-30,DGX,Equities,58342.5733,149.6400,8730382.6675,-64531.8759
Report-of-Gohen,2022-11-30,DK0009923807,Government Bond,97124.3845,105.0600,10203887.8307,-5015.4475
Report-of-Gohen,2022-11-30,FR0000188799,Government Bond,3092.9487,210.2100,650168.7510,-12.4401
Report-of-Gohen,2022-11-30,FR0013410552,Government Bond,3107.3651,120.6000,374748.2299,148.7001
Report-of-Gohen,2022-11-30,FR0013519253,Government Bond,1802.6604,114.2400,205935.9201,47.1063
Report-of-Gohen,2022-11-30,GB00B0CNHZ09,Government Bond,3059.6658,453.5600,1387742.0068,-344.8860
Report-of-Gohen,2022-11-30,GB00B128DH60,Government Bond,4638.5160,208.7700,968382.9846,-37.1396
Report-of-Gohen,2022-11-30,GB00B3Y1JG82,Government Bond,5438.9743,166.3100,904555.8130,1011.3670
Report-of-Gohen,2022-11-30,GB00BD9MZZ71,Government Bond,3072.4675,327.5200,1006294.5492,-560.8326
Report-of-Gohen,2022-11-30,GB00BN65R313,Government Bond,7165.1401,147.4000,1056141.6525,252.6143
Report-of-Gohen,2022-11-30,GB00BNNGP882,Government Bond,1539.1670,213.9900,329366.3483,-75.1091
Report-of-Gohen,2022-11-30,HPE,Equities,73923.5916,16.3900,1211607.6667,4015.6070
Report-of-Gohen,2022-11-30,HRL,Equities,14772.7333,46.0800,680727.5502,-801.1384
Report-of-Gohen,2022-11-30,IPG,Equities,69806.2033,33.7900,2358751.6094,24042.2455
Report-of-Gohen,2022-11-30,IT0004735152,Government Bond,4106.2534,140.8900,578530.0477,71.7177
Report-of-Gohen,2022-11-30,JP1400131L54,Government Bond,1282615.5101,92.5300,118680413.1464,23390.7841
Report-of-Gohen,2022-11-30,KMI,Equities,307.2101,18.2300,5600.4395,-48.8409
Report-of-Gohen,2022-11-30,KR,Equities,58369.9128,48.3600,2822768.9845,-25961.1693
Report-of-Gohen,2022-11-30,LH,Equities,76239.9579,204.6000,15598695.3926,157019.5981
Report-of-Gohen,2022-11-30,LIN,Equities,73580.8282,332.8500,24491378.6550,-332725.7702
Report-of-Gohen,2022-11-30,LVS,Equities,22660.7895,46.6800,1057805.6516,-18993.7840
Report-of-Gohen,2022-11-30,LYV,Equities,86609.1371,72.7600,6301680.8140,-14287.9961
Report-of-Gohen,2022-11-30,META,Equities,83308.6973,118.1000,9838757.1520,245039.1496
Report-of-Gohen,2022-11-30,MGM,Equities,77380.7841,36.8600,2852255.7010,3591.7677
Report-of-Gohen,2022-11-30,MRNA,Equities,35940.7001,175.9100,6322328.5466,87418.1716
Report-of-Gohen,2022-11-30,NEM,Equities,66297.2995,46.0100,3050338.7522,36031.2713
Report-of-Gohen,2022-11-30,NL0009446418,Government Bond,9288.7806,171.1800,1590053.4615,-40.7740
Report-of-Gohen,2022-11-30,NTAP,Equities,5058.9836,66.1000,334398.8150,796.6867
Report-of-Gohen,2022-11-30,NTRS,Equities,7232.7466,90.6600,655720.8090,-5584.6761
Report-of-Gohen,2022-11-30,PANW,Equities,39269.1689,169.9000,6671831.7876,11283.4589
Report-of-Gohen,2022-11-30,PFE,Equities,68604.4328,48.6000,3334175.4325,2823.5942
Report-of-Gohen,2022-11-30,PHM,Equities,8984.2757,44.4000,398901.8405,1025.2327
Report-of-Gohen,2022-11-30,PNW,Equities,65947.1616,75.7700,4996816.4353,12017.0308
Report-of-Gohen,2022-11-30,PRU,Equities,46520.9213,103.6800,4823289.1152,6236.9519
Report-of-Gohen,2022-11-30,REG,Equities,4541.6008,64.3500,292252.0129,25.7657
Report-of-Gohen,2022-11-30,RJF,Equities,87984.9274,115.4500,10157859.8644,7715.9100
Report-of-Gohen,2022-11-30,ROL,Equities,5736.1767,40.0400,229676.5166,-801.9882
Report-of-Gohen,2022-11-30,RTX,Equities,46335.1203,96.9000,4489873.1584,-23554.1508
Report-of-Gohen,2022-11-30,SE0005703550,Government Bond,10468.1916,123.3300,1291042.0650,-14.8245
Report-of-Gohen,2022-11-30,SPG,Equities,25198.0604,114.0000,2872578.8881,42324.4401
Report-of-Gohen,2022-11-30,STX,Equities,35758.9161,51.0800,1826565.4350,-4623.2597
Report-of-Gohen,2022-11-30,TFX,Equities,8595.1669,233.1100,2003619.3599,-43565.2414
Report-of-Gohen,2022-11-30,TRV,Equities,61734.8343,186.8100,11532684.4035,77554.3062
Report-of-Gohen,2022-11-30,US912810QF84,Government Bond,4864.0498,196.3800,955202.1082,-456.2023
Report-of-Gohen,2022-11-30,US912810SG40,Government Bond,5294.6158,156.2400,827230.7686,11.3755
Report-of-Gohen,2022-11-30,US912828B253,Government Bond,1807.8199,126.4500,228598.8210,-22.1948
Report-of-Gohen,2022-11-30,VTRS,Equities,47940.7786,10.6500,510569.2916,1571.9695
Report-of-Gohen,2022-11-30,WHR,Equities,2350.9604,140.8900,331226.8129,5485.1746
Report-of-Gohen,2022-11-30,WMT,Equities,73496.8310,150.1200,11033344.2748,113433.8760
Report-of-Gohen,2022-12-31,AAP,Equities,3694.7946,144.7000,534636.7812,193.6071
Report-of-Gohen,2022-12-31,ABC,Equities,91780.8663,164.3000,15079596.3302,1985.8757
Report-of-Gohen,2022-12-31,ADBE,Equities,27866.1835,336.5300,9377806.7182,14826.6629
Report-of-Gohen,2022-12-31,AJG,Equities,2352.6392,187.4700,441049.2631,-515.6141
Report-of-Gohen,2022-12-31,ALGN,Equities,35612.6856,210.9000,7510715.3842,68956.1415
Report-of-Gohen,2022-12-31,AMT,Equities,36194.5501,208.5900,7549821.1969,-71424.8538
Report-of-Gohen,2022-12-31,AOS,Equities,13502.8537,56.2300,759265.4658,-3889.7927
Report-of-Gohen,2022-12-31,ATO,Equities,41542.2476,109.9500,4567570.1188,-28194.5817
Report-of-Gohen,2022-12-31,AU0000XCLWV6,Government Bond,2563.6301,161.3400,413616.0820,305.2846
Report-of-Gohen,2022-12-31,AU000XCLWAF4,Government Bond,2145.9207,155.7500,334227.1477,219.8214
Report-of-Gohen,2022-12-31,BE0000331406,Government Bond,13626.3130,163.9200,2233625.2276,214.5162
Report-of-Gohen,2022-12-31,CA135087G997,Government Bond,2783.6933,132.0100,367475.3580,-53.9298
Report-of-Gohen,2022-12-31,CA135087K940,Government Bond,42141.3059,97.7400,4118891.2338,104.2364
Report-of-Gohen,2022-12-31,CA135087VS05,Government Bond,1761.4193,207.0800,364754.7097,-99.4566
Report-of-Gohen,2022-12-31,CB,Equities,28176.0915,218.6200,6159857.1245,-7528.8410
Report-of-Gohen,2022-12-31,CFG,Equities,39329.3638,37.9200,1491369.4752,-2486.3391
Report-of-Gohen,2022-12-31,CHTR,Equities,30250.5389,339.1000,10257957.7328,116526.1216
Report-of-Gohen,2022-12-31,CPT,Equities,69582.7206,109.7600,7637399.4091,-31394.6386
Report-of-Gohen,2022-12-31,CTSH,Equities,46632.4977,56.4400,2631938.1725,-1843.7400
Report-of-Gohen,2022-12-31,DD,Equities,55599.9860,67.6200,3759671.0527,11479.9078
Report-of-Gohen,2022-12-31,DE0001030575,Government Bond,3509.1645,181.7500,637790.6566,41.5437
Report-of-Gohen,2022-12-31,DGX,Equities,56714.1921,154.1800,8744194.1318,36964.2540
Report-of-Gohen,2022-12-31,DK0009923807,Government Bond,96773.7901,104.7300,10135119.0335,-578.4807
Report-of-Gohen,2022-12-31,FR0000188799,Government Bond,3037.7611,209.5300,636502.0735,-187.6381
Report-of-Gohen,2022-12-31,FR0013410552,Government Bond,3087.0431,120.2600,371247.7987,-34.5474
Report-of-Gohen,2022-12-31,FR0013519253,Government Bond,1869.9812,113.9200,213028.2526,107.7133
Report-of-Gohen,2022-12-31,GB00B0CNHZ09,Government Bond,3009.0705,451.6800,1359136.9699,-475.5954
Report-of-Gohen,2022-12-31,GB00B128DH60,Government Bond,4704.3512,207.7100,977140.7776,348.9263
Report-of-Gohen,2022-12-31,GB00B3Y1JG82,Government Bond,5498.6836,165.4700,909867.1723,250.7791
Report-of-Gohen,2022-12-31,GB00BD9MZZ71,Government Bond,3126.4350,326.2800,1020093.2030,334.5985
Report-of-Gohen,2022-12-31,GB00BN65R313,Government Bond,7183.2669,146.8900,1055150.0687,46.2232
Report-of-Gohen,2022-12-31,GB00BNNGP882,Government Bond,1465.7949,213.1000,312360.8947,-326.5059
Report-of-Gohen,2022-12-31,HPE,Equities,70740.2442,15.7100,1111329.2366,-10823.3812
Report-of-Gohen,2022-12-31,HRL,Equities,14299.7473,44.6600,638626.7146,-3358.2005
Report-of-Gohen,2022-12-31,IPG,Equities,69369.4302,32.7600,2272542.5334,-2249.3814
Report-of-Gohen,2022-12-31,IT0004735152,Government Bond,4032.5515,140.5400,566734.7820,-128.9785
Report-of-Gohen,2022-12-31,JP1400131L54,Government Bond,1267605.3812,92.5900,117367582.2470,4503.0387
Report-of-Gohen,2022-12-31,KMI,Equities,306.5206,17.2400,5284.4149,-3.4129
Report-of-Gohen,2022-12-31,KR,Equities,56433.3622,43.8300,2473474.2673,-43862.8707
Report-of-Gohen,2022-12-31,LH,Equities,80457.6212,200.1600,16104397.4605,93632.1247
Report-of-Gohen,2022-12-31,LIN,Equities,72269.6995,323.7900,23400205.9962,-59394.1293
Report-of-Gohen,2022-12-31,LVS,Equities,22406.7296,47.9000,1073282.3480,1549.7651
Report-of-Gohen,2022-12-31,LYV,Equities,84361.5393,69.7400,5883373.7511,-33938.7264
Report-of-Gohen,2022-12-31,META,Equities,84009.2730,120.3400,10109675.9079,-7846.4473
Report-of-Gohen,2022-12-31,MGM,Equities,79198.3237,33.5300,2655519.7947,30262.0353
Report-of-Gohen,2022-12-31,MRNA,Equities,36696.1346,179.6200,6591359.7052,-14013.3117
Report-of-Gohen,2022-12-31,NEM,Equities,68413.5956,46.2900,3166865.3403,-2962.8145
Report-of-Gohen,2022-12-31,NL0009446418,Government Bond,9245.7643,170.7700,1578899.1635,-88.1835
Report-of-Gohen,2022-12-31,NTAP,Equities,4946.3579,58.7200,290450.1348,-4155.8885
Report-of-Gohen,2022-12-31,NTRS,Equities,7056.4786,86.9100,613278.5511,-3305.0263
Report-of-Gohen,2022-12-31,PANW,Equities,38762.6679,139.5400,5408942.6847,-76886.8378
Report-of-Gohen,2022-12-31,PFE,Equities,69281.9557,49.6800,3441927.5578,-3658.6237
Report-of-Gohen,2022-12-31,PHM,Equities,8807.1083,45.3000,398962.0055,797.2533
Report-of-Gohen,2022-12-31,PNW,Equities,69321.0764,73.5700,5099951.5902,37113.0626
Report-of-Gohen,2022-12-31,PRU,Equities,45191.3564,95.4500,4313514.9653,-54711.5949
Report-of-Gohen,2022-12-31,REG,Equities,4500.6814,61.1500,275216.6706,-654.7100
Report-of-Gohen,2022-12-31,RJF,Equities,87958.7570,105.9300,9317471.1241,-1245.7116
Report-of-Gohen,2022-12-31,ROL,Equities,5678.0802,36.1800,205432.9424,-1121.2628
Report-of-Gohen,2022-12-31,RTX,Equities,45898.3472,99.0600,4546690.2754,4717.1494
Report-of-Gohen,2022-12-31,SE0005703550,Government Bond,10414.1881,123.0800,1281778.2767,-67.5043
Report-of-Gohen,2022-12-31,SPG,Equities,26213.8202,113.8500,2984443.4266,761.8198
Report-of-Gohen,2022-12-31,STX,Equities,35965.8213,51.4300,1849722.1870,-362.0840
Report-of-Gohen,2022-12-31,TFX,Equities,8370.2153,248.5500,2080417.0084,17366.2662
Report-of-Gohen,2022-12-31,TRV,Equities,64740.8645,185.4500,12006193.3157,20441.0049
Report-of-Gohen,2022-12-31,US912810QF84,Government Bond,4926.7898,196.3600,967424.4476,6.2740
Report-of-Gohen,2022-12-31,US912810SG40,Government Bond,5278.1072,156.2400,824651.4658,0.0000
Report-of-Gohen,2022-12-31,US912828B253,Government Bond,1780.8690,126.4000,225101.8442,-6.7377
Report-of-Gohen,2022-12-31,VTRS,Equities,48841.6343,10.7500,525047.5688,-450.4279
Report-of-Gohen,2022-12-31,WHR,Equities,2424.8251,136.0100,329800.4661,1802.2991
Report-of-Gohen,2022-12-31,WMT,Equities,75139.8413,140.1800,10533102.9558,81657.6111
Report-of-Gohen,2023-01-31,AAP,Equities,3572.4862,149.8700,535408.5008,3161.6736
Report-of-Gohen,2023-01-31,ABC,Equities,90932.2015,167.5200,15232962.3900,13663.5035
Report-of-Gohen,2023-01-31,ADBE,Equities,28232.9889,370.3400,10455805.1160,-62008.4635
Report-of-Gohen,2023-01-31,AJG,Equities,2467.2734,194.6100,480156.0687,-4092.4410
Report-of-Gohen,2023-01-31,ALGN,Equities,36631.9527,269.7300,9880736.5974,-299817.4251
Report-of-Gohen,2023-01-31,AMT,Equities,37919.3391,219.9400,8339979.4493,-97881.7800
Report-of-Gohen,2023-01-31,AOS,Equities,14029.6195,66.8400,937739.7661,-27944.9225
Report-of-Gohen,2023-01-31,ATO,Equities,43730.2499,115.3200,5042972.4228,-58747.8640
Report-of-Gohen,2023-01-31,AU0000XCLWV6,Government Bond,2557.3774,161.0100,411763.3278,-10.3170
Report-of-Gohen,2023-01-31,AU000XCLWAF4,Government Bond,2039.6601,155.4100,316983.5716,-180.6431
Report-of-Gohen,2023-01-31,BE0000331406,Government Bond,13677.1267,163.7500,2239629.4986,43.1916
Report-of-Gohen,2023-01-31,CA135087G997,Government Bond,2950.0724,131.5700,388141.0223,366.0339
Report-of-Gohen,2023-01-31,CA135087K940,Government Bond,40321.3044,97.5500,3933343.2462,-1729.0014
Report-of-Gohen,2023-01-31,CA135087VS05,Government Bond,1795.6114,206.4200,370650.0959,112.8338
Report-of-Gohen,2023-01-31,CB,Equities,28342.3471,225.4500,6389782.1467,-5677.6276
Report-of-Gohen,2023-01-31,CFG,Equities,38982.5234,42.1300,1642333.7105,7300.9905
Report-of-Gohen,2023-01-31,CHTR,Equities,29754.0505,384.3100,11434779.1378,112231.2032
Report-of-Gohen,2023-01-31,CPT,Equities,71265.7809,120.8800,8614607.5917,-93578.1531
Report-of-Gohen,2023-01-31,CTSH,Equities,47092.5034,65.8800,3102454.1271,-21712.2694
Report-of-Gohen,2023-01-31,DD,Equities,54276.1768,72.8600,3954562.2417,34683.8008
Report-of-Gohen,2023-01-31,DE0001030575,Government Bond,3460.2694,181.0200,626377.9733,-178.4672
Report-of-Gohen,2023-01-31,DGX,Equities,58691.5121,146.9900,8627065.3677,71084.6564
Report-of-Gohen,2023-01-31,DK0009923807,Government Bond,95342.1963,104.5300,9966119.7803,-1431.5938
Report-of-Gohen,2023-01-31,FR0000188799,Government Bond,3001.7824,209.0500,627522.6006,-86.3489
Report-of-Gohen,2023-01-31,FR0013410552,Government Bond,3160.0754,120.0600,379398.6466,73.0323
Report-of-Gohen,2023-01-31,FR0013519253,Government Bond,1810.3437,113.7700,205962.8045,-44.7281
Report-of-Gohen,2023-01-31,GB00B0CNHZ09,Government Bond,3008.4718,451.2600,1357602.9637,-1.2574
Report-of-Gohen,2023-01-31,GB00B128DH60,Government Bond,4806.4433,207.7700,998634.7343,-30.6277
Report-of-Gohen,2023-01-31,GB00B3Y1JG82,Government Bond,5398.8062,165.5200,893610.4038,24.9693
Report-of-Gohen,2023-01-31,GB00BD9MZZ71,Government Bond,3108.9569,325.8800,1013146.8631,-34.9562
Report-of-Gohen,2023-01-31,GB00BN65R313,Government Bond,7345.6825,146.6700,1077391.2524,178.6572
Report-of-Gohen,2023-01-31,GB00BNNGP882,Government Bond,1538.5681,212.9000,327561.1385,72.7731
Report-of-Gohen,2023-01-31,HPE,Equities,71840.2109,15.8800,1140822.5497,-934.9717
Report-of-Gohen,2023-01-31,HRL,Equities,14625.8432,44.6900,653628.9342,-48.9144
Report-of-Gohen,2023-01-31,IPG,Equities,69587.8167,35.8600,2495419.1086,-3384.9915
Report-of-Gohen,2023-01-31,IT0004735152,Government Bond,4071.8322,140.3800,571603.8024,31.4246
Report-of-Gohen,2023-01-31,JP1400131L54,Government Bond,1250718.9863,92.6300,115854099.6976,3377.2790
Report-of-Gohen,2023-01-31,KMI,Equities,291.2920,17.7200,5161.6939,36.5486
Report-of-Gohen,2023-01-31,KR,Equities,57441.5077,43.8800,2520533.3578,-252.0364
Report-of-Gohen,2023-01-31,LH,Equities,80481.1836,214.3000,17247117.6391,-1665.8592
Report-of-Gohen,2023-01-31,LIN,Equities,72133.5714,328.5200,23697320.8666,3219.4299
Report-of-Gohen,2023-01-31,LVS,Equities,22995.7887,58.8000,1352152.3767,-32103.7219
Report-of-Gohen,2023-01-31,LYV,Equities,86762.3824,80.4900,6983504.1581,-129045.3156
Report-of-Gohen,2023-01-31,META,Equities,86717.5959,148.9700,12918320.2620,-387696.4297
Report-of-Gohen,2023-01-31,MGM,Equities,78765.2079,41.4100,3261667.2591,17064.7638
Report-of-Gohen,2023-01-31,MRNA,Equities,35005.4001,176.0600,6163050.7386,-30095.0752
Report-of-Gohen,2023-01-31,NEM,Equities,67402.0327,51.9100,3498839.5178,28424.9173
Report-of-Gohen,2023-01-31,NL0009446418,Government Bond,9389.4571,170.5500,1601371.9079,158.0621
Report-of-Gohen,2023-01-31,NTAP,Equities,5123.7051,65.2800,334475.4718,-5816.9903
Report-of-Gohen,2023-01-31,NTRS,Equities,7219.0769,95.2300,687472.6890,-6764.0894
Report-of-Gohen,2023-01-31,PANW,Equities,39027.4298,158.6400,6191311.4604,-25284.7555
Report-of-Gohen,2023-01-31,PFE,Equities,70755.7426,43.2100,3057355.6382,47677.0075
Report-of-Gohen,2023-01-31,PHM,Equities,8820.5982,56.6000,499245.8577,-762.1795
Report-of-Gohen,2023-01-31,PNW,Equities,69612.3984,72.9800,5080312.8317,859.3998
Report-of-Gohen,2023-01-31,PRU,Equities,47250.3353,100.7100,4758581.2698,-54151.1464
Report-of-Gohen,2023-01-31,REG,Equities,4595.5604,65.1900,299584.5848,-1916.5555
Report-of-Gohen,2023-01-31,RJF,Equities,88996.8500,111.8000,9949847.8288,-30468.0306
Report-of-Gohen,2023-01-31,ROL,Equities,5570.4308,36.0400,200758.3257,-75.3546
Report-of-Gohen,2023-01-31,RTX,Equities,45745.0120,98.0100,4483468.6244,-805.0100
Report-of-Gohen,2023-01-31,SE0005703550,Government Bond,10430.0715,123.1200,1284150.4032,-3.1767
Report-of-Gohen,2023-01-31,SPG,Equities,26043.6675,124.4900,3242176.1700,9052.1209
Report-of-Gohen,2023-01-31,STX,Equities,35576.9823,66.2700,2357686.6157,28851.8517
Report-of-Gohen,2023-01-31,TFX,Equities,8493.6029,242.3700,2058594.5427,3812.6784
Report-of-Gohen,2023-01-31,TRV,Equities,63921.0381,189.0400,12083633.0368,14715.8838
Report-of-Gohen,2023-01-31,US912810QF84,Government Bond,4920.4672,195.8600,963722.7018,-15.8066
Report-of-Gohen,2023-01-31,US912810SG40,Government Bond,5014.4856,155.8000,781256.8506,-579.9676
Report-of-Gohen,2023-01-31,US912828B253,Government Bond,1763.0779,126.2700,222623.8522,-11.5642
Report-of-Gohen,2023-01-31,VTRS,Equities,47359.2738,11.7400,555997.8742,7337.6846
Report-of-Gohen,2023-01-31,WHR,Equities,2456.7213,149.6000,367525.5002,-2167.3418
Report-of-Gohen,2023-01-31,WMT,Equities,76098.8835,142.2300,10823544.2028,-9830.1826
Report-of-Gohen,2023-02-28,AAP,Equities,3577.1627,142.6600,510318.0250,168.5878
Report-of-Gohen,2023-02-28,ABC,Equities,87367.8093,154.7100,13516673.7692,-228299.3216
Report-of-Gohen,2023-02-28,ADBE,Equities,26831.9575,323.9500,8692212.6403,-324969.2316
Report-of-Gohen,2023-02-28,AJG,Equities,2330.0960,186.2900,434073.5897,-5706.5769
Report-of-Gohen,2023-02-28,ALGN,Equities,35924.6321,309.5000,11118673.6289,140650.7020
Report-of-Gohen,2023-02-28,AMT,Equities,36949.1453,194.9500,7203235.8723,-121225.7222
Report-of-Gohen,2023-02-28,AOS,Equities,13964.8080,64.8000,904919.5577,-661.0772
Report-of-Gohen,2023-02-28,ATO,Equities,41389.0023,111.3800,4609907.0710,-46122.5794
Report-of-Gohen,2023-02-28,AU0000XCLWV6,Government Bond,2569.8829,161.0600,413905.3346,-3.1264
Report-of-Gohen,2023-02-28,AU000XCLWAF4,Government Bond,2103.2491,155.4700,326992.1381,-19.0767
Report-of-Gohen,2023-02-28,BE0000331406,Government Bond,13545.2857,163.7200,2217634.1821,-19.7761
Report-of-Gohen,2023-02-28,CA135087G997,Government Bond,2802.6261,131.6900,369077.8348,88.4677
Report-of-Gohen,2023-02-28,CA135087K940,Government Bond,42579.7607,97.5800,4154933.0531,-338.7684
Report-of-Gohen,2023-02-28,CA135087VS05,Government Bond,1786.2702,206.6900,369204.1934,12.6105
Report-of-Gohen,2023-02-28,CB,Equities,28114.0979,209.1300,5879501.2944,-18625.1320
Report-of-Gohen,2023-02-28,CFG,Equities,39520.3209,40.6200,1605315.4339,4060.3710
Report-of-Gohen,2023-02-28,CHTR,Equities,29372.1363,367.6100,10797491.0324,-31889.8319
Report-of-Gohen,2023-02-28,CPT,Equities,68671.6425,112.5900,7731740.2250,-107527.0370
Report-of-Gohen,2023-02-28,CTSH,Equities,45173.4897,62.0800,2804370.2431,-36461.2604
Report-of-Gohen,2023-02-28,DD,Equities,55561.3749,72.3100,4017643.0183,3534.2947
Report-of-Gohen,2023-02-28,DE0001030575,Government Bond,3332.7318,181.2500,604057.6455,146.6682
Report-of-Gohen,2023-02-28,DGX,Equities,57074.7622,136.9700,7817530.1772,-80999.1719
Report-of-Gohen,2023-02-28,DK0009923807,Government Bond,95361.6738,104.6600,9980552.7774,-12.6604
Report-of-Gohen,2023-02-28,FR0000188799,Government Bond,3055.4455,209.2600,639382.5253,-56.3463
Report-of-Gohen,2023-02-28,FR0013410552,Government Bond,3091.4885,120.1600,371473.2589,34.2934
Report-of-Gohen,2023-02-28,FR0013519253,Government Bond,1811.8072,113.8700,206310.4871,-0.7317
Report-of-Gohen,2023-02-28,GB00B0CNHZ09,Government Bond,3066.5515,451.5900,1384823.9987,-95.8316
Report-of-Gohen,2023-02-28,GB00B128DH60,Government Bond,4747.7642,207.8800,986965.2194,32.2735
Report-of-Gohen,2023-02-28,GB00B3Y1JG82,Government Bond,5378.7222,165.6100,890770.1791,9.0378
Report-of-Gohen,2023-02-28,GB00BD9MZZ71,Government Bond,3052.2297,326.0900,995301.5733,59.5636
Report-of-Gohen,2023-02-28,GB00BN65R313,Government Bond,7400.0627,146.7600,1086033.2075,-24.4711
Report-of-Gohen,2023-02-28,GB00BNNGP882,Government Bond,1525.2413,213.0600,324967.9079,10.6614
Report-of-Gohen,2023-02-28,HPE,Equities,70769.3824,15.3600,1087017.7137,-2784.1542
Report-of-Gohen,2023-02-28,HRL,Equities,14699.2883,43.7700,643387.8474,337.8471
Report-of-Gohen,2023-02-28,IPG,Equities,69940.0531,35.2600,2466086.2729,1056.7091
Report-of-Gohen,2023-02-28,IT0004735152,Government Bond,3968.5684,140.4500,557385.4341,36.1423
Report-of-Gohen,2023-02-28,JP1400131L54,Government Bond,1235458.6886,92.6800,114502311.2596,3815.0744
Report-of-Gohen,2023-02-28,KMI,Equities,306.1609,16.5200,5057.7773,89.2132
Report-of-Gohen,2023-02-28,KR,Equities,56496.0154,42.6600,2410120.0151,-5767.5033
Report-of-Gohen,2023-02-28,LH,Equities,79208.8159,204.1500,16170479.7616,-64572.6604
Report-of-Gohen,2023-02-28,LIN,Equities,73408.8769,345.8200,25386257.7969,-110313.9251
Report-of-Gohen,2023-02-28,LVS,Equities,21984.0460,57.2700,1259026.3123,-7739.8321
Report-of-Gohen,2023-02-28,LYV,Equities,82803.5454,72.0600,5966823.4808,-166864.9793
Report-of-Gohen,2023-02-28,META,Equities,83009.6711,174.9400,14521711.8648,481474.0340
Report-of-Gohen,2023-02-28,MGM,Equities,76035.0313,43.0100,3270266.6966,21841.4127
Report-of-Gohen,2023-02-28,MRNA,Equities,35052.1651,138.8100,4865591.0350,8709.9810
Report-of-Gohen,2023-02-28,NEM,Equities,68240.5651,42.7700,2918648.9695,38320.9306
Report-of-Gohen,2023-02-28,NL0009446418,Government Bond,9249.4252,170.6600,1578506.9096,77.0175
Report-of-Gohen,2023-02-28,NTAP,Equities,5239.8982,63.6200,333362.3222,964.4022
Report-of-Gohen,2023-02-28,NTRS,Equities,7276.6338,93.5700,680874.6226,477.7224
Report-of-Gohen,2023-02-28,PANW,Equities,38877.7818,188.3700,7323407.7549,22245.1745
Report-of-Gohen,2023-02-28,PFE,Equities,70860.5142,39.6900,2812453.8084,1843.9799
Report-of-Gohen,2023-02-28,PHM,Equities,9129.0673,54.4000,496621.2620,3393.1604
Report-of-Gohen,2023-02-28,PNW,Equities,67058.2500,72.1300,4836911.5734,-10855.1304
Report-of-Gohen,2023-02-28,PRU,Equities,45653.0108,97.1500,4435190.0032,-28432.3757
Report-of-Gohen,2023-02-28,REG,Equities,4514.6210,61.5400,277829.7773,-1477.1444
Report-of-Gohen,2023-02-28,RJF,Equities,87225.9854,107.5300,9379410.2100,-37807.9590
Report-of-Gohen,2023-02-28,ROL,Equities,5744.1508,34.9800,200930.3939,920.7159
Report-of-Gohen,2023-02-28,RTX,Equities,46321.1807,96.8200,4484816.7199,3428.2041
Report-of-Gohen,2023-02-28,SE0005703550,Government Bond,10670.4396,123.2500,1315131.6864,-156.2393
Report-of-Gohen,2023-02-28,SPG,Equities,25448.1333,118.3200,3011023.1266,-18372.2322
Report-of-Gohen,2023-02-28,STX,Equities,35402.1831,63.1200,2234585.7979,-2753.0869
Report-of-Gohen,2023-02-28,TFX,Equities,8616.9906,237.2000,2043950.1662,3189.5708
Report-of-Gohen,2023-02-28,TRV,Equities,61842.8735,183.1000,11323430.1342,-61721.4883
Report-of-Gohen,2023-02-28,US912810QF84,Government Bond,4885.4495,196.0700,957890.0879,36.7685
Report-of-Gohen,2023-02-28,US912810SG40,Government Bond,5226.0019,156.0100,815308.5609,-222.0922
Report-of-Gohen,2023-02-28,US912828B253,Government Bond,1747.5768,126.3400,220788.8543,5.4254
Report-of-Gohen,2023-02-28,VTRS,Equities,47468.9017,11.0100,522632.6081,400.1420
Report-of-Gohen,2023-02-28,WHR,Equities,2349.2817,132.6600,311655.7066,-9100.1330
Report-of-Gohen,2023-02-28,WMT,Equities,76136.0557,140.5100,10697877.1859,319.6807
Report-of-Gohen,2023-03-31,AAP,Equities,3622.8485,119.6800,433582.5044,5249.2991
Report-of-Gohen,2023-03-31,ABC,Equities,88547.0067,159.2300,14099339.8730,-26649.8618
Report-of-Gohen,2023-03-31,ADBE,Equities,28130.9453,385.3700,10840822.3877,-398919.1435
Report-of-Gohen,2023-03-31,AJG,Equities,2391.4901,190.7800,456248.4776,-1378.2964
Report-of-Gohen,2023-03-31,ALGN,Equities,37157.9090,334.1400,12415943.7233,-151939.7202
Report-of-Gohen,2023-03-31,AMT,Equities,36532.8169,201.1800,7349672.1004,12968.6296
Report-of-Gohen,2023-03-31,AOS,Equities,13666.9509,68.2700,933042.7394,5167.8201
Report-of-Gohen,2023-03-31,ATO,Equities,43130.0392,110.9400,4784846.5453,3830.2812
Report-of-Gohen,2023-03-31,AU0000XCLWV6,Government Bond,2547.3729,161.1700,410560.0974,12.3805
Report-of-Gohen,2023-03-31,AU000XCLWAF4,Government Bond,2130.6510,155.6000,331529.2888,-17.8112
Report-of-Gohen,2023-03-31,BE0000331406,Government Bond,13938.0620,163.7200,2281939.5026,0.0000
Report-of-Gohen,2023-03-31,CA135087G997,Government Bond,2864.5880,131.6900,377237.5904,0.0000
Report-of-Gohen,2023-03-31,CA135087K940,Government Bond,41384.3507,97.5400,4036629.5683,-239.0820
Report-of-Gohen,2023-03-31,CA135087VS05,Government Bond,1761.4193,206.6600,364014.9136,-3.7276
Report-of-Gohen,2023-03-31,CB,Equities,27753.4079,193.3000,5364733.7398,-28548.6167
Report-of-Gohen,2023-03-31,CFG,Equities,39855.4700,29.5400,1177330.5847,18567.2633
Report-of-Gohen,2023-03-31,CHTR,Equities,29495.5240,357.6100,10547894.3267,6169.3825
Report-of-Gohen,2023-03-31,CPT,Equities,70312.9740,103.8700,7303408.6097,71562.0551
Report-of-Gohen,2023-03-31,CTSH,Equities,46846.2378,60.3900,2829044.2987,14134.7208
Report-of-Gohen,2023-03-31,DD,Equities,55671.6923,71.0600,3956030.4564,689.4840
Report-of-Gohen,2023-03-31,DE0001030575,Government Bond,3485.9137,181.4100,632379.6089,-122.5455
Report-of-Gohen,2023-03-31,DGX,Equities,57278.3098,140.0600,8022400.0768,-3144.8113
Report-of-Gohen,2023-03-31,DK0009923807,Government Bond,97718.4472,104.5600,10217440.8359,1178.3867
Report-of-Gohen,2023-03-31,FR0000188799,Government Bond,3061.5436,209.2200,640536.1488,1.2196
Report-of-Gohen,2023-03-31,FR0013410552,Government Bond,3219.4538,120.1100,386688.5930,31.9913
Report-of-Gohen,2023-03-31,FR0013519253,Government Bond,1798.0869,113.8100,204640.2749,-4.1161
Report-of-Gohen,2023-03-31,GB00B0CNHZ09,Government Bond,3063.2583,450.9200,1381284.4474,-11.0322
Report-of-Gohen,2023-03-31,GB00B128DH60,Government Bond,4668.5712,207.2000,967327.9477,-269.2562
Report-of-Gohen,2023-03-31,GB00B3Y1JG82,Government Bond,5512.2539,165.0600,909852.6249,367.2122
Report-of-Gohen,2023-03-31,GB00BD9MZZ71,Government Bond,3129.5013,325.6200,1019028.2159,181.5883
Report-of-Gohen,2023-03-31,GB00BN65R313,Government Bond,7148.4635,146.5500,1047607.3268,-264.1792
Report-of-Gohen,2023-03-31,GB00BNNGP882,Government Bond,1536.4717,212.7400,326868.9910,17.9687
Report-of-Gohen,2023-03-31,HPE,Equities,71417.7072,15.8200,1129828.1273,-1491.1469
Report-of-Gohen,2023-03-31,HRL,Equities,15082.6713,39.3300,593201.4630,8511.1038
Report-of-Gohen,2023-03-31,IPG,Equities,69158.0884,36.9400,2554699.7848,6568.5038
Report-of-Gohen,2023-03-31,IT0004735152,Government Bond,4123.2616,140.3900,578864.6952,46.4080
Report-of-Gohen,2023-03-31,JP1400131L54,Government Bond,1217696.7028,92.6500,112819599.5143,-2664.2979
Report-of-Gohen,2023-03-31,KMI,Equities,298.9962,16.9500,5067.9858,15.4040
Report-of-Gohen,2023-03-31,KR,Equities,57828.8178,48.8200,2823202.8857,-41050.3157
Report-of-Gohen,2023-03-31,LH,Equities,79562.2513,195.6700,15567945.7213,14985.6639
Report-of-Gohen,2023-03-31,LIN,Equities,72670.9192,354.1600,25737132.7405,30772.8350
Report-of-Gohen,2023-03-31,LVS,Equities,21999.7842,57.2500,1259487.6445,1.5738
Report-of-Gohen,2023-03-31,LYV,Equities,86617.6507,70.0000,6063235.5497,39285.2848
Report-of-Gohen,2023-03-31,META,Equities,86939.7296,211.9400,18426006.3017,-727060.8287
Report-of-Gohen,2023-03-31,MGM,Equities,75261.6102,44.4200,3343120.7241,5452.6190
Report-of-Gohen,2023-03-31,MRNA,Equities,36307.6254,153.5800,5576125.1132,-92715.7466
Report-of-Gohen,2023-03-31,NEM,Equities,64713.4050,48.5300,3140541.5456,101582.2104
Report-of-Gohen,2023-03-31,NL0009446418,Government Bond,9387.6266,170.5800,1601341.3480,55.2806
Report-of-Gohen,2023-03-31,NTAP,Equities,5139.5033,62.9300,323428.9439,-346.3623
Report-of-Gohen,2023-03-31,NTRS,Equities,7243.5385,87.2600,632071.1737,-1044.1545
Report-of-Gohen,2023-03-31,PANW,Equities,37949.1968,199.7400,7579972.5664,52790.0571
Report-of-Gohen,2023-03-31,PFE,Equities,69400.6968,39.9200,2770475.8163,1678.7900
Report-of-Gohen,2023-03-31,PHM,Equities,8960.8932,58.1500,521075.9388,3153.2649
Report-of-Gohen,2023-03-31,PNW,Equities,68643.5835,77.5700,5324682.7693,-43121.0699
Report-of-Gohen,2023-03-31,PRU,Equities,46876.3952,80.3800,3767924.6457,102580.7780
Report-of-Gohen,2023-03-31,REG,Equities,4544.7485,60.5300,275093.6247,152.1436
Report-of-Gohen,2023-03-31,RJF,Equities,85838.9535,92.8900,7973580.3932,-101530.7330
Report-of-Gohen,2023-03-31,ROL,Equities,5858.0655,37.2900,218447.2629,-1315.7152
Report-of-Gohen,2023-03-31,RTX,Equities,47817.3609,96.6600,4622026.1070,1196.9441
Report-of-Gohen,2023-03-31,SE0005703550,Government Bond,10588.9051,122.7900,1300211.6544,-187.5295
Report-of-Gohen,2023-03-31,SPG,Equities,25638.9105,110.1300,2823613.2096,7812.3268
Report-of-Gohen,2023-03-31,STX,Equities,34606.6685,65.3800,2262583.9875,8989.3149
Report-of-Gohen,2023-03-31,TFX,Equities,8243.4701,252.5900,2082218.1240,28742.3976
Report-of-Gohen,2023-03-31,TRV,Equities,65452.6517,170.4300,11155095.4341,228679.4520
Report-of-Gohen,2023-03-31,US912810QF84,Government Bond,4829.0322,195.8500,945765.9537,-62.0591
Report-of-Gohen,2023-03-31,US912810SG40,Government Bond,5185.2463,155.9000,808379.9038,-22.4156
Report-of-Gohen,2023-03-31,US912828B253,Government Bond,1789.8526,126.1500,225789.9097,40.1620
Report-of-Gohen,2023-03-31,VTRS,Equities,46787.3019,9.4000,439800.6376,-5486.8788
Report-of-Gohen,2023-03-31,WHR,Equities,2409.4766,128.5800,309810.5036,1227.9769
Report-of-Gohen,2023-03-31,WMT,Equities,73883.4217,146.3700,10814316.4326,66002.1764
Report-of-Gohen,2023-04-30,AAP,Equities,3567.8097,125.0900,446297.3104,1488.7997
Report-of-Gohen,2023-04-30,ABC,Equities,89663.6709,165.9400,14878789.5499,-37464.0849
Report-of-Gohen,2023-04-30,ADBE,Equities,26796.1044,377.5600,10117137.1621,-52125.5385
Report-of-Gohen,2023-04-30,AJG,Equities,2469.9114,207.4900,512481.9135,-6552.1001
Report-of-Gohen,2023-04-30,ALGN,Equities,36116.8782,325.3000,11748820.4763,-46013.5630
Report-of-Gohen,2023-04-30,AMT,Equities,37733.4782,202.7300,7649708.0442,-9305.1255
Report-of-Gohen,2023-04-30,AOS,Equities,13649.0243,67.7300,924448.4185,-48.4018
Report-of-Gohen,2023-04-30,ATO,Equities,43568.4910,112.6900,4909733.2516,-3836.4536
Report-of-Gohen,2023-04-30,AU0000XCLWV6,Government Bond,2536.8683,161.6100,409983.2881,23.1102
Report-of-Gohen,2023-04-30,AU000XCLWAF4,Government Bond,2058.4858,155.9800,321082.6106,137.1139
Report-of-Gohen,2023-04-30,BE0000331406,Government Bond,14116.5966,163.9900,2314980.6748,-241.0218
Report-of-Gohen,2023-04-30,CA135087G997,Government Bond,2804.9210,131.6800,369351.9987,-2.9833
Report-of-Gohen,2023-04-30,CA135087K940,Government Bond,40648.0774,97.7800,3974569.0086,883.5280
Report-of-Gohen,2023-04-30,CA135087VS05,Government Bond,1749.4345,206.8400,361853.0243,10.7864
Report-of-Gohen,2023-04-30,CB,Equities,27823.8551,200.6400,5582578.2945,-2585.4149
Report-of-Gohen,2023-04-30,CFG,Equities,38670.7567,30.0900,1163603.0701,3257.9616
Report-of-Gohen,2023-04-30,CHTR,Equities,28902.0881,368.7000,10656199.8931,32906.0174
Report-of-Gohen,2023-04-30,CPT,Equities,69234.9808,109.0300,7548689.9600,27812.2238
Report-of-Gohen,2023-04-30,CTSH,Equities,45703.1933,59.1800,2704714.9784,-6915.4191
Report-of-Gohen,2023-04-30,DD,Equities,54061.0578,69.0300,3731834.8205,-16347.9403
Report-of-Gohen,2023-04-30,DE0001030575,Government Bond,3472.5787,181.4100,629960.5011,0.0000
Report-of-Gohen,2023-04-30,DGX,Equities,57941.2936,138.1000,8001692.6505,6497.2411
Report-of-Gohen,2023-04-30,DK0009923807,Government Bond,98682.5817,104.6700,10329105.8305,-530.2740
Report-of-Gohen,2023-04-30,FR0000188799,Government Bond,3018.5521,209.4500,632235.7343,49.4402
Report-of-Gohen,2023-04-30,FR0013410552,Government Bond,3250.5719,120.2600,390913.7744,-23.3386
Report-of-Gohen,2023-04-30,FR0013519253,Government Bond,1799.0016,113.9800,205050.2055,-0.7775
Report-of-Gohen,2023-04-30,GB00B0CNHZ09,Government Bond,2989.0120,451.3900,1349210.1448,174.4788
Report-of-Gohen,2023-04-30,GB00B128DH60,Government Bond,4825.0489,207.7800,1002548.6676,-453.7855
Report-of-Gohen,2023-04-30,GB00B3Y1JG82,Government Bond,5580.1054,165.5300,923674.8390,-159.4510
Report-of-Gohen,2023-04-30,GB00BD9MZZ71,Government Bond,3116.6227,325.9900,1015987.8345,23.8254
Report-of-Gohen,2023-04-30,GB00BN65R313,Government Bond,7152.0889,146.7300,1049425.9977,-3.2628
Report-of-Gohen,2023-04-30,GB00BNNGP882,Government Bond,1483.7636,212.9700,315997.1308,60.6143
Report-of-Gohen,2023-04-30,HPE,Equities,71730.9427,14.2200,1020014.0055,2505.8845
Report-of-Gohen,2023-04-30,HRL,Equities,14904.9343,40.1600,598582.1634,737.6084
Report-of-Gohen,2023-04-30,IPG,Equities,69397.6091,35.4400,2459451.2669,1796.4055
Report-of-Gohen,2023-04-30,IT0004735152,Government Bond,4013.1136,140.5800,564163.5060,104.6406
Report-of-Gohen,2023-04-30,JP1400131L54,Government Bond,1239086.1364,92.7600,114937630.0131,-11764.1885
Report-of-Gohen,2023-04-30,KMI,Equities,294.3497,16.8800,4968.6228,-1.6263
Report-of-Gohen,2023-04-30,KR,Equities,56416.2750,48.0900,2713058.6665,-5155.7811
Report-of-Gohen,2023-04-30,LH,Equities,76970.3912,193.3600,14882994.8492,-29935.9843
Report-of-Gohen,2023-04-30,LIN,Equities,73466.1940,368.1200,27044375.3221,-55510.1792
Report-of-Gohen,2023-04-30,LVS,Equities,22955.3190,63.6300,1460646.9486,-30481.5610
Report-of-Gohen,2023-04-30,LYV,Equities,85851.4242,67.7800,5819009.5319,-8505.1143
Report-of-Gohen,2023-04-30,META,Equities,83180.5432,240.3200,19989948.1478,533428.5535
Report-of-Gohen,2023-04-30,MGM,Equities,76506.8182,44.9200,3436686.2735,-3113.0200
Report-of-Gohen,2023-04-30,MRNA,Equities,36699.7320,132.8900,4877027.3794,40563.4202
Report-of-Gohen,2023-04-30,NEM,Equities,66417.0899,46.9300,3116954.0286,13629.4790
Report-of-Gohen,2023-04-30,NL0009446418,Government Bond,9352.8475,170.8200,1597653.4028,41.7350
Report-of-Gohen,2023-04-30,NTAP,Equities,5211.8692,62.4800,325637.5850,162.8231
Report-of-Gohen,2023-04-30,NTRS,Equities,7185.9816,77.3900,556123.1181,-2840.4341
Report-of-Gohen,2023-04-30,PANW,Equities,39253.8203,182.4600,7162252.0588,112719.4747
Report-of-Gohen,2023-04-30,PFE,Equities,71565.9762,38.0500,2723085.3940,20245.3623
Report-of-Gohen,2023-04-30,PHM,Equities,8912.3295,67.0000,597126.0788,2148.9416
Report-of-Gohen,2023-04-30,PNW,Equities,65791.3382,77.6500,5108697.4141,1140.8981
Report-of-Gohen,2023-04-30,PRU,Equities,46470.1393,84.5200,3927656.1701,8409.4979
Report-of-Gohen,2023-04-30,REG,Equities,4513.2720,60.7700,274271.5410,37.7717
Report-of-Gohen,2023-04-30,RJF,Equities,86318.7444,90.1600,7782497.9975,6549.1458
Report-of-Gohen,2023-04-30,ROL,Equities,5657.5756,41.9800,237505.0223,4701.4892
Report-of-Gohen,2023-04-30,RTX,Equities,47640.7931,98.6000,4697382.1975,1712.7081
Report-of-Gohen,2023-04-30,SE0005703550,Government Bond,10586.7873,123.4400,1306833.0238,6.8828
Report-of-Gohen,2023-04-30,SPG,Equities,26030.7772,111.4600,2901390.4236,-2605.9136
Report-of-Gohen,2023-04-30,STX,Equities,35798.1567,58.1100,2080230.8882,43310.5970
Report-of-Gohen,2023-04-30,TFX,Equities,8192.2685,271.7400,2226167.0333,4902.5607
Report-of-Gohen,2023-04-30,TRV,Equities,62065.3070,180.1100,11178582.4436,163947.4849
Report-of-Gohen,2023-04-30,US912810QF84,Government Bond,5008.0113,196.0200,981670.3795,-152.1323
Report-of-Gohen,2023-04-30,US912810SG40,Government Bond,5203.3026,155.9100,811246.9101,-0.9028
Report-of-Gohen,2023-04-30,US912828B253,Government Bond,1761.3165,126.4500,222718.4655,42.8043
Report-of-Gohen,2023-04-30,VTRS,Equities,47416.4710,9.1100,431964.0506,912.2952
Report-of-Gohen,2023-04-30,WHR,Equities,2426.5039,135.9500,329883.2017,-627.4544
Report-of-Gohen,2023-04-30,WMT,Equities,75325.7022,149.8700,11289062.9900,-25239.9091
Report-of-Gohen,2023-05-31,AAP,Equities,3537.5923,72.6300,256935.3270,-7926.0197
Report-of-Gohen,2023-05-31,ABC,Equities,89824.4706,169.7100,15244110.8977,-3031.0734
Report-of-Gohen,2023-05-31,ADBE,Equities,28268.8421,417.7900,11810439.5343,-296241.1932
Report-of-Gohen,2023-05-31,AJG,Equities,2353.5984,199.7800,470201.8965,-4483.8640
Report-of-Gohen,2023-05-31,ALGN,Equities,37147.0272,282.6600,10499978.7012,219627.7628
Report-of-Gohen,2023-05-31,AMT,Equities,36856.2148,182.9400,6742475.9418,-86805.2143
Report-of-Gohen,2023-05-31,AOS,Equities,14184.0639,63.4100,899411.4911,11556.8542
Report-of-Gohen,2023-05-31,ATO,Equities,41984.9562,114.5500,4809376.7338,14726.8736
Report-of-Gohen,2023-05-31,AU0000XCLWV6,Government Bond,2522.8621,161.6700,407871.1220,4.2019
Report-of-Gohen,2023-05-31,AU000XCLWAF4,Government Bond,2071.2454,156.0400,323197.1342,-3.8279
Report-of-Gohen,2023-05-31,BE0000331406,Government Bond,13770.5141,164.2000,2261118.4084,363.3867
Report-of-Gohen,2023-05-31,CA135087G997,Government Bond,2833.3202,131.8100,373459.9344,-18.4595
Report-of-Gohen,2023-05-31,CA135087K940,Government Bond,40176.5316,97.7300,3926452.4312,-117.8865
Report-of-Gohen,2023-05-31,CA135087VS05,Government Bond,1801.0750,207.1000,373002.6393,-67.1327
Report-of-Gohen,2023-05-31,CB,Equities,28965.1010,184.9500,5357095.4238,89530.7354
Report-of-Gohen,2023-05-31,CFG,Equities,39699.5867,25.4400,1009957.4857,23920.2968
Report-of-Gohen,2023-05-31,CHTR,Equities,30065.4574,326.1500,9805848.9313,247506.8126
Report-of-Gohen,2023-05-31,CPT,Equities,69186.2973,103.5000,7160781.7673,-1346.1005
Report-of-Gohen,2023-05-31,CTSH,Equities,46088.8546,62.2300,2868109.4237,-5881.3356
Report-of-Gohen,2023-05-31,DD,Equities,56294.9858,66.8800,3765008.6514,24014.7261
Report-of-Gohen,2023-05-31,DE0001030575,Government Bond,3466.4241,181.7300,629953.2454,9.8474
Report-of-Gohen,2023-05-31,DGX,Equities,59296.3394,131.9700,7825337.9162,41532.1541
Report-of-Gohen,2023-05-31,DK0009923807,Government Bond,97922.9606,104.8300,10265263.9557,607.6969
Report-of-Gohen,2023-05-31,FR0000188799,Government Bond,2992.3303,209.6400,627312.1283,24.9107
Report-of-Gohen,2023-05-31,FR0013410552,Government Bond,3179.7623,120.4700,383065.9661,74.3500
Report-of-Gohen,2023-05-31,FR0013519253,Government Bond,1860.1026,114.1900,212405.1110,-64.1560
Report-of-Gohen,2023-05-31,GB00B0CNHZ09,Government Bond,3080.3230,451.4700,1390673.4270,-36.5244
Report-of-Gohen,2023-05-31,GB00B128DH60,Government Bond,4684.7914,207.7200,973124.8761,-42.0773
Report-of-Gohen,2023-05-31,GB00B3Y1JG82,Government Bond,5478.5995,165.4800,906598.6527,-25.3765
Report-of-Gohen,2023-05-31,GB00BD9MZZ71,Government Bond,3082.5864,326.0500,1005077.2909,10.2109
Report-of-Gohen,2023-05-31,GB00BN65R313,Government Bond,7361.6340,146.7500,1080319.7950,-20.9545
Report-of-Gohen,2023-05-31,GB00BNNGP882,Government Bond,1531.8298,213.0000,326279.7472,-7.2099
Report-of-Gohen,2023-05-31,HPE,Equities,74091.1362,14.3200,1060985.0707,-1180.0968
Report-of-Gohen,2023-05-31,HRL,Equities,14844.7094,37.9900,563950.5110,-653.4404
Report-of-Gohen,2023-05-31,IPG,Equities,72328.2157,36.8900,2668187.8767,-21246.8977
Report-of-Gohen,2023-05-31,IT0004735152,Government Bond,4026.8821,140.8200,567065.5338,-16.5222
Report-of-Gohen,2023-05-31,JP1400131L54,Government Bond,1237585.1235,92.5800,114575630.7357,-1350.9116
Report-of-Gohen,2023-05-31,KMI,Equities,292.1913,15.8500,4631.2322,-11.1157
Report-of-Gohen,2023-05-31,KR,Equities,56404.8836,45.0600,2541604.0534,-172.5808
Report-of-Gohen,2023-05-31,LH,Equities,78517.6532,181.9700,14287857.3494,88116.5678
Report-of-Gohen,2023-05-31,LIN,Equities,71209.3331,352.3800,25092744.8048,-177614.9485
Report-of-Gohen,2023-05-31,LVS,Equities,21968.3077,54.9400,1206938.8273,-42885.6396
Report-of-Gohen,2023-05-31,LYV,Equities,86719.8142,79.9400,6932381.9507,-52798.1151
Report-of-Gohen,2023-05-31,META,Equities,87708.6541,264.7200,23218234.9250,-552429.5321
Report-of-Gohen,2023-05-31,MGM,Equities,78231.5473,39.2900,3073717.4941,48551.1247
Report-of-Gohen,2023-05-31,MRNA,Equities,36055.8139,127.7100,4604687.9928,-16677.4777
Report-of-Gohen,2023-05-31,NEM,Equities,67095.9018,40.5500,2720738.8193,21654.1009
Report-of-Gohen,2023-05-31,NL0009446418,Government Bond,9015.1235,171.1300,1542758.0915,523.4721
Report-of-Gohen,2023-05-31,NTAP,Equities,5236.3308,65.9200,345178.9296,-420.7411
Report-of-Gohen,2023-05-31,NTRS,Equities,7042.0893,71.2100,501467.1807,-4446.2722
Report-of-Gohen,2023-05-31,PANW,Equities,38628.3685,213.3900,8242907.5456,96726.1330
Report-of-Gohen,2023-05-31,PFE,Equities,68101.5292,37.6000,2560617.4967,-7795.0058
Report-of-Gohen,2023-05-31,PHM,Equities,9085.0003,65.9400,599064.9197,915.1550
Report-of-Gohen,2023-05-31,PNW,Equities,68216.7629,76.4800,5217218.0281,14188.7344
Report-of-Gohen,2023-05-31,PRU,Equities,45131.3413,77.6300,3503546.0240,-46121.5901
Report-of-Gohen,2023-05-31,REG,Equities,4379.2723,55.6700,243794.0899,-3416.9925
Report-of-Gohen,2023-05-31,RJF,Equities,84957.8830,89.9800,7644510.3095,-1224.7753
Report-of-Gohen,2023-05-31,ROL,Equities,5797.6907,39.1900,227211.4984,1954.6061
Report-of-Gohen,2023-05-31,RTX,Equities,45745.0120,91.5000,4185668.5964,-67300.2289
Report-of-Gohen,2023-05-31,SE0005703550,Government Bond,10290.2980,123.4400,1270234.3794,0.0000
Report-of-Gohen,2023-05-31,SPG,Equities,25442.9771,103.4200,2631312.6930,-23629.5624
Report-of-Gohen,2023-05-31,STX,Equities,36597.2387,59.4300,2174973.8939,-5273.9407
Report-of-Gohen,2023-05-31,TFX,Equities,8204.0197,234.4000,1923022.2111,2193.9499
Report-of-Gohen,2023-05-31,TRV,Equities,61817.4525,168.2800,10402640.9078,-14660.5932
Report-of-Gohen,2023-05-31,US912810QF84,Government Bond,4730.3018,196.2300,928227.1315,291.5949
Report-of-Gohen,2023-05-31,US912810SG40,Government Bond,5263.1463,156.1300,821735.0265,-65.8280
Report-of-Gohen,2023-05-31,US912828B253,Government Bond,1756.7366,126.5200,222262.3111,1.6030
Report-of-Gohen,2023-05-31,VTRS,Equities,48059.9394,9.0500,434942.4513,193.0405
Report-of-Gohen,2023-05-31,WHR,Equities,2350.2410,127.6200,299937.7505,-3176.3506
Report-of-Gohen,2023-05-31,WMT,Equities,76113.7524,146.3500,11139247.6622,13869.6832
Report-of-Gohen,2023-06-30,AAP,Equities,3607.0203,70.0500,252671.7729,895.6217
Report-of-Gohen,2023-06-30,ABC,Equities,90628.4688,191.9300,17394322.0164,-89324.2050
Report-of-Gohen,2023-06-30,ADBE,Equities,27962.7112,488.9900,13673486.1540,108982.5916
Report-of-Gohen,2023-06-30,AJG,Equities,2416.6712,219.5700,530628.5028,-6241.0529
Report-of-Gohen,2023-06-30,ALGN,Equities,36650.0891,353.6400,12960937.5127,176363.3192
Report-of-Gohen,2023-06-30,AMT,Equities,37272.5432,193.9400,7228637.0343,-22898.0619
Report-of-Gohen,2023-06-30,AOS,Equities,14094.4310,72.1800,1017336.0276,3930.4033
Report-of-Gohen,2023-06-30,ATO,Equities,42989.5643,115.6000,4969593.6339,-5274.1925
Report-of-Gohen,2023-06-30,AU0000XCLWV6,Government Bond,2553.3756,161.1300,411425.4088,82.3863
Report-of-Gohen,2023-06-30,AU000XCLWAF4,Government Bond,2100.1115,155.5100,326588.3373,76.4951
Report-of-Gohen,2023-06-30,BE0000331406,Government Bond,14019.0892,163.7000,2294924.9037,621.4379
Report-of-Gohen,2023-06-30,CA135087G997,Government Bond,2851.1055,131.5400,375034.4222,24.0102
Report-of-Gohen,2023-06-30,CA135087K940,Government Bond,40896.2594,97.3900,3982886.7046,1223.5373
Report-of-Gohen,2023-06-30,CA135087VS05,Government Bond,1728.8135,206.6200,357207.4422,-173.4277
Report-of-Gohen,2023-06-30,CB,Equities,28119.7337,192.5600,5414735.9183,32166.2251
Report-of-Gohen,2023-06-30,CFG,Equities,38966.9351,25.7400,1003008.9084,1098.9775
Report-of-Gohen,2023-06-30,CHTR,Equities,30039.0172,367.3700,11035433.7451,5449.3274
Report-of-Gohen,2023-06-30,CPT,Equities,69255.8452,108.8700,7539883.8685,-1867.3624
Report-of-Gohen,2023-06-30,CTSH,Equities,46967.0473,65.0100,3053327.7479,-12206.8787
Report-of-Gohen,2023-06-30,DD,Equities,53520.5024,71.1100,3805842.9248,58680.3245
Report-of-Gohen,2023-06-30,DE0001030575,Government Bond,3428.4705,181.3600,621787.4130,-70.2141
Report-of-Gohen,2023-06-30,DGX,Equities,58970.6632,139.8400,8246457.5413,12815.3603
Report-of-Gohen,2023-06-30,DK0009923807,Government Bond,96442.6731,104.6500,10092725.7443,-1332.2587
Report-of-Gohen,2023-06-30,FR0000188799,Government Bond,3037.7611,209.2000,635499.6124,99.9476
Report-of-Gohen,2023-06-30,FR0013410552,Government Bond,3135.3079,120.1100,376581.8293,-80.0180
Report-of-Gohen,2023-06-30,FR0013519253,Government Bond,1865.0419,113.8000,212241.7629,9.6316
Report-of-Gohen,2023-06-30,GB00B0CNHZ09,Government Bond,2995.5984,450.4500,1349367.3015,-432.0955
Report-of-Gohen,2023-06-30,GB00B128DH60,Government Bond,4697.6722,206.7900,971431.6389,59.8957
Report-of-Gohen,2023-06-30,GB00B3Y1JG82,Government Bond,5418.8902,164.7400,892707.9792,-220.9244
Report-of-Gohen,2023-06-30,GB00BD9MZZ71,Government Bond,3148.2060,325.2500,1023953.9853,262.4783
Report-of-Gohen,2023-06-30,GB00BN65R313,Government Bond,7360.1839,146.3600,1077236.5153,-2.8278
Report-of-Gohen,2023-06-30,GB00BNNGP882,Government Bond,1511.3156,212.5200,321184.7824,-49.2342
Report-of-Gohen,2023-06-30,HPE,Equities,72561.3812,16.8000,1219031.2037,18968.9626
Report-of-Gohen,2023-06-30,HRL,Equities,15092.9536,39.9400,602812.5678,-2420.3810
Report-of-Gohen,2023-06-30,IPG,Equities,72130.9633,38.5800,2782812.5650,1666.7825
Report-of-Gohen,2023-06-30,IT0004735152,Government Bond,4142.6995,140.3200,581303.5910,289.5435
Report-of-Gohen,2023-06-30,JP1400131L54,Government Bond,1287994.1396,92.6000,119268257.3242,-5040.9016
Report-of-Gohen,2023-06-30,KMI,Equities,303.1631,16.9500,5138.6145,-60.3448
Report-of-Gohen,2023-06-30,KR,Equities,57071.2848,46.7200,2666370.4255,-5531.1302
Report-of-Gohen,2023-06-30,LH,Equities,80661.8284,206.6300,16667153.5953,-264376.8002
Report-of-Gohen,2023-06-30,LIN,Equities,72198.0531,381.0800,27513234.0787,-141881.3184
Report-of-Gohen,2023-06-30,LVS,Equities,21961.5628,57.8000,1269378.3292,96.4528
Report-of-Gohen,2023-06-30,LYV,Equities,87102.9275,91.1100,7935947.7247,-21396.8754
Report-of-Gohen,2023-06-30,META,Equities,84726.9358,286.9800,24314936.0421,331865.2493
Report-of-Gohen,2023-06-30,MGM,Equities,75215.2049,43.9200,3303451.7997,69828.3267
Report-of-Gohen,2023-06-30,MRNA,Equities,36818.4431,121.5000,4473440.8372,23679.6369
Report-of-Gohen,2023-06-30,NEM,Equities,65072.7760,42.6600,2776004.6262,21343.9770
Report-of-Gohen,2023-06-30,NL0009446418,Government Bond,9186.2736,170.5300,1566535.2373,513.4502
Report-of-Gohen,2023-06-30,NTAP,Equities,5002.4159,75.9000,379683.3686,11672.3548
Report-of-Gohen,2023-06-30,NTRS,Equities,7230.5882,74.1400,536075.8121,-2761.5091
Report-of-Gohen,2023-06-30,PANW,Equities,38758.8308,255.5100,9903268.8614,-27475.3720
Report-of-Gohen,2023-06-30,PFE,Equities,71091.0117,36.2800,2579181.9037,19730.5846
Report-of-Gohen,2023-06-30,PHM,Equities,9126.3693,77.6800,708936.3700,-2428.3625
Report-of-Gohen,2023-06-30,PNW,Equities,66746.6033,80.6200,5381111.1553,30432.3048
Report-of-Gohen,2023-06-30,PRU,Equities,46760.9816,87.0300,4069608.2266,-76593.0936
Report-of-Gohen,2023-06-30,REG,Equities,4387.3663,61.7700,271007.6139,-246.8652
Report-of-Gohen,2023-06-30,RJF,Equities,86048.3168,103.7700,8929233.8374,-75185.4147
Report-of-Gohen,2023-06-30,ROL,Equities,5811.9300,42.6900,248111.2934,-249.1885
Report-of-Gohen,2023-06-30,RTX,Equities,45828.6494,97.2800,4458211.0120,-2417.1209
Report-of-Gohen,2023-06-30,SE0005703550,Government Bond,10506.3116,123.1300,1293642.1495,334.8212
Report-of-Gohen,2023-06-30,SPG,Equities,26257.6474,115.4800,3032233.1183,-49124.6165
Report-of-Gohen,2023-06-30,STX,Equities,35812.4261,61.8700,2215714.8004,9574.7138
Report-of-Gohen,2023-06-30,TFX,Equities,8499.4785,241.6700,2054068.9775,-10739.9297
Report-of-Gohen,2023-06-30,TRV,Equities,62840.6467,173.6600,10912906.7047,-27523.9236
Report-of-Gohen,2023-06-30,US912810QF84,Government Bond,4835.3548,195.8900,947197.6555,178.5901
Report-of-Gohen,2023-06-30,US912810SG40,Government Bond,5150.6815,155.9300,803145.7611,-112.4648
Report-of-Gohen,2023-06-30,US912828B253,Government Bond,1747.2245,126.0000,220150.2885,-24.7314
Report-of-Gohen,2023-06-30,VTRS,Equities,47535.6318,9.8700,469176.6857,2149.6611
Report-of-Gohen,2023-06-30,WHR,Equities,2390.2910,146.8700,351062.0360,-3854.8149
Report-of-Gohen,2023-06-30,WMT,Equities,74329.4878,156.6200,11641484.3838,91621.9852
Report-of-Gohen,2023-07-31,AAP,Equities,3601.2646,74.3900,267898.0751,124.8985
Report-of-Gohen,2023-07-31,ABC,Equities,88538.0734,186.4100,16504382.2554,-57694.9140
Report-of-Gohen,2023-07-31,ADBE,Equities,28387.4333,546.1700,15504364.4585,-121428.0527
Report-of-Gohen,2023-07-31,AJG,Equities,2334.8924,214.8000,501534.8964,-1950.4242
Report-of-Gohen,2023-07-31,ALGN,Equities,36827.8261,377.8900,13916867.1980,-21550.6079
Report-of-Gohen,2023-07-31,AMT,Equities,36120.2057,190.3100,6874036.3473,-20914.9261
Report-of-Gohen,2023-07-31,AOS,Equities,13490.4430,72.3200,975628.8399,422.7916
Report-of-Gohen,2023-07-31,ATO,Equities,42104.1470,120.9400,5092075.5382,23640.6421
Report-of-Gohen,2023-07-31,AU0000XCLWV6,Government Bond,2516.8595,161.3500,406095.2792,40.1677
Report-of-Gohen,2023-07-31,AU000XCLWAF4,Government Bond,2061.4142,155.7100,320982.8072,38.6973
Report-of-Gohen,2023-07-31,BE0000331406,Government Bond,13705.9669,163.8200,2245311.5008,187.8734
Report-of-Gohen,2023-07-31,CA135087G997,Government Bond,2790.0043,131.8300,367806.2629,88.5968
Report-of-Gohen,2023-07-31,CA135087K940,Government Bond,41260.2597,97.7500,4033190.3860,-655.2005
Report-of-Gohen,2023-07-31,CA135087VS05,Government Bond,1736.9209,206.8100,359212.6067,-7.7020
Report-of-Gohen,2023-07-31,CB,Equities,28240.9030,204.4100,5772722.9812,-7179.2816
Report-of-Gohen,2023-07-31,CFG,Equities,38019.9438,31.8400,1210555.0118,28883.2322
Report-of-Gohen,2023-07-31,CHTR,Equities,29912.6917,405.1900,12120323.5657,23888.1428
Report-of-Gohen,2023-07-31,CPT,Equities,68762.0548,109.0900,7501252.5575,543.1695
Report-of-Gohen,2023-07-31,CTSH,Equities,46121.3803,65.7500,3032480.7539,3128.9681
Report-of-Gohen,2023-07-31,DD,Equities,55131.1369,77.6300,4279830.1578,-52506.6852
Report-of-Gohen,2023-07-31,DE0001030575,Government Bond,3515.3192,181.5300,638135.8902,-73.8214
Report-of-Gohen,2023-07-31,DGX,Equities,59430.0993,135.2100,8035543.7303,10635.9465
Report-of-Gohen,2023-07-31,DK0009923807,Government Bond,95400.6287,104.6200,9980813.7755,-156.3067
Report-of-Gohen,2023-07-31,FR0000188799,Government Bond,3075.2643,209.3100,643683.5657,-20.6268
Report-of-Gohen,2023-07-31,FR0013410552,Government Bond,3182.3026,120.1800,382449.1227,-16.4481
Report-of-Gohen,2023-07-31,FR0013519253,Government Bond,1798.2699,113.8700,204768.9912,23.3702
Report-of-Gohen,2023-07-31,GB00B0CNHZ09,Government Bond,3047.3912,451.5600,1376079.9620,-287.4499
Report-of-Gohen,2023-07-31,GB00B128DH60,Government Bond,4769.7092,207.5100,989762.3643,-259.3333
Report-of-Gohen,2023-07-31,GB00B3Y1JG82,Government Bond,5359.1809,165.3100,885926.2025,170.1715
Report-of-Gohen,2023-07-31,GB00BD9MZZ71,Government Bond,3025.8592,326.0200,986490.6136,471.0350
Report-of-Gohen,2023-07-31,GB00BN65R313,Government Bond,7313.0544,146.7000,1072825.0744,80.1202
Report-of-Gohen,2023-07-31,GB00BNNGP882,Government Bond,1477.6243,213.0400,314793.0781,87.5973
Report-of-Gohen,2023-07-31,HPE,Equities,71206.4553,17.3800,1237568.1927,3929.2851
Report-of-Gohen,2023-07-31,HRL,Equities,14434.8862,40.8800,590098.1461,3092.9171
Report-of-Gohen,2023-07-31,IPG,Equities,71581.4746,34.2300,2450233.8752,-11951.3799
Report-of-Gohen,2023-07-31,IT0004735152,Government Bond,3979.0973,140.4200,558744.8389,81.8011
Report-of-Gohen,2023-07-31,JP1400131L54,Government Bond,1270482.3226,92.6200,117672072.7174,1751.1817
Report-of-Gohen,2023-07-31,KMI,Equities,297.0777,17.7100,5261.2452,23.1247
Report-of-Gohen,2023-07-31,KR,Equities,55590.3932,48.3500,2687795.5098,12069.2667
Report-of-Gohen,2023-07-31,LH,Equities,79680.0632,213.2100,16988586.2688,32300.0749
Report-of-Gohen,2023-07-31,LIN,Equities,70679.1499,390.6700,27612223.5060,72831.4071
Report-of-Gohen,2023-07-31,LVS,Equities,21954.8178,59.6000,1308507.1431,60.7046
Report-of-Gohen,2023-07-31,LYV,Equities,86098.3194,87.7500,7555127.5278,-16877.4160
Report-of-Gohen,2023-07-31,META,Equities,85324.9882,318.6000,27184541.2428,-94552.0822
Report-of-Gohen,2023-07-31,MGM,Equities,76383.0708,50.7700,3877968.5054,-39999.4073
Report-of-Gohen,2023-07-31,MRNA,Equities,36030.6327,117.6600,4239364.2487,-15125.9589
Report-of-Gohen,2023-07-31,NEM,Equities,68120.7748,42.9200,2923743.6528,-3962.3983
Report-of-Gohen,2023-07-31,NL0009446418,Government Bond,9291.5263,170.6900,1585970.6264,-84.2022
Report-of-Gohen,2023-07-31,NTAP,Equities,5079.8779,78.0100,396281.2787,-817.2243
Report-of-Gohen,2023-07-31,NTRS,Equities,7245.6969,80.1200,580525.2382,-451.7499
Report-of-Gohen,2023-07-31,PANW,Equities,38647.5541,249.9600,9660342.6228,-3087.9288
Report-of-Gohen,2023-07-31,PFE,Equities,67759.2753,36.0600,2443399.4683,-3664.9100
Report-of-Gohen,2023-07-31,PHM,Equities,9110.1815,84.3900,768808.2127,543.1035
Report-of-Gohen,2023-07-31,PNW,Equities,69002.6547,82.8200,5714799.8636,-24816.5660
Report-of-Gohen,2023-07-31,PRU,Equities,46013.1013,95.1900,4379987.1156,30513.5141
Report-of-Gohen,2023-07-31,REG,Equities,4549.6948,65.5300,298141.4979,-3051.7759
Report-of-Gohen,2023-07-31,RJF,Equities,89476.6409,110.0700,9848693.8625,-107992.2078
Report-of-Gohen,2023-07-31,ROL,Equities,5541.3825,40.7000,225534.2691,-2691.9477
Report-of-Gohen,2023-07-31,RTX,Equities,45127.0245,87.3200,3940491.7808,-34940.9183
Report-of-Gohen,2023-07-31,SE0005703550,Government Bond,10322.0647,123.1600,1271265.4847,27.6370
Report-of-Gohen,2023-07-31,SPG,Equities,25265.0903,124.6000,3148030.2455,45260.6045
Report-of-Gohen,2023-07-31,STX,Equities,35798.1567,63.5000,2273182.9531,116.2950
Report-of-Gohen,2023-07-31,TFX,Equities,8184.7141,250.7900,2052644.4545,14353.2573
Report-of-Gohen,2023-07-31,TRV,Equities,63882.9066,172.6100,11026828.5099,5471.8646
Report-of-Gohen,2023-07-31,US912810QF84,Government Bond,4794.0145,195.9500,939387.1470,12.4021
Report-of-Gohen,2023-07-31,US912810SG40,Government Bond,5288.4251,155.9200,824571.2340,6.8872
Report-of-Gohen,2023-07-31,US912828B253,Government Bond,1768.5386,126.2100,223207.2532,-22.3798
Report-of-Gohen,2023-07-31,VTRS,Equities,47874.0485,10.4200,498847.5853,-930.6460
Report-of-Gohen,2023-07-31,WHR,Equities,2353.3586,142.4000,335118.2675,-825.4382
Report-of-Gohen,2023-07-31,WMT,Equities,75162.1446,159.2900,11972578.0171,-11115.9682
Report-of-Gohen,2023-08-31,AAP,Equities,3667.4551,62.7100,229986.1081,3865.5228
Report-of-Gohen,2023-08-31,ABC,Equities,89047.2723,179.5400,15987547.2598,17490.9818
Report-of-Gohen,2023-08-31,ADBE,Equities,27066.3821,520.1700,14079119.9611,-171736.6631
Report-of-Gohen,2023-08-31,AJG,Equities,2459.1195,230.6100,567097.5394,-9820.1461
Report-of-Gohen,2023-08-31,ALGN,Equities,35199.1751,318.4100,11207769.3281,-484360.8164
Report-of-Gohen,2023-08-31,AMT,Equities,36205.7017,173.4900,6281327.1902,7190.2145
Report-of-Gohen,2023-08-31,AOS,Equities,13418.7367,71.4500,958768.7371,-311.9225
Report-of-Gohen,2023-08-31,ATO,Equities,42091.3766,116.8500,4918377.3509,-261.1555
Report-of-Gohen,2023-08-31,AU0000XCLWV6,Government Bond,2467.5878,161.2100,397799.8249,-34.4902
Report-of-Gohen,2023-08-31,AU000XCLWAF4,Government Bond,2058.6949,155.5300,320188.8249,-2.4473
Report-of-Gohen,2023-08-31,BE0000331406,Government Bond,13513.6988,163.8700,2214489.8300,48.0670
Report-of-Gohen,2023-08-31,CA135087G997,Government Bond,2796.8889,131.5400,367902.7685,9.9827
Report-of-Gohen,2023-08-31,CA135087K940,Government Bond,40495.0318,97.7600,3958794.3116,38.2614
Report-of-Gohen,2023-08-31,CA135087VS05,Government Bond,1798.4313,206.6600,371663.8162,46.1328
Report-of-Gohen,2023-08-31,CB,Equities,28618.5004,202.5800,5797535.8072,3455.0161
Report-of-Gohen,2023-08-31,CFG,Equities,39142.3038,26.8600,1051362.2801,27946.7631
Report-of-Gohen,2023-08-31,CHTR,Equities,28658.2506,459.1200,13157576.0291,338260.0451
Report-of-Gohen,2023-08-31,CPT,Equities,70695.4877,111.6600,7893858.1576,-24844.6130
Report-of-Gohen,2023-08-31,CTSH,Equities,46386.2321,70.4700,3268837.7732,-6250.5018
Report-of-Gohen,2023-08-31,DD,Equities,56796.9301,74.1000,4208652.5230,29401.2505
Report-of-Gohen,2023-08-31,DE0001030575,Government Bond,3451.7213,181.3700,626038.6994,-50.8783
Report-of-Gohen,2023-08-31,DGX,Equities,59307.9707,127.1900,7543380.7980,-4897.3566
Report-of-Gohen,2023-08-31,DK0009923807,Government Bond,98546.2395,104.6100,10308922.1115,157.2805
Report-of-Gohen,2023-08-31,FR0000188799,Government Bond,3083.4967,209.3100,645406.6924,0.0000
Report-of-Gohen,2023-08-31,FR0013410552,Government Bond,3251.2069,120.2000,390795.0747,-6.8904
Report-of-Gohen,2023-08-31,FR0013519253,Government Bond,1777.4151,113.9300,202500.8990,6.2564
Report-of-Gohen,2023-08-31,GB00B0CNHZ09,Government Bond,2928.2379,451.0600,1320810.9678,-297.8833
Report-of-Gohen,2023-08-31,GB00B128DH60,Government Bond,4658.5528,207.7400,967767.7551,127.8299
Report-of-Gohen,2023-08-31,GB00B3Y1JG82,Government Bond,5267.9886,165.4900,871799.4276,82.0731
Report-of-Gohen,2023-08-31,GB00BD9MZZ71,Government Bond,3145.4462,325.7400,1024597.6611,167.4219
Report-of-Gohen,2023-08-31,GB00BN65R313,Government Bond,7465.3190,146.6100,1094490.4221,68.5191
Report-of-Gohen,2023-08-31,GB00BNNGP882,Government Bond,1531.0811,212.8100,325829.3697,61.4753
Report-of-Gohen,2023-08-31,HPE,Equities,72058.7474,16.6000,1196175.2064,3323.9392
Report-of-Gohen,2023-08-31,HRL,Equities,14716.9151,40.1500,590884.1402,1029.4055
Report-of-Gohen,2023-08-31,IPG,Equities,70609.3022,31.1700,2200891.9500,-14874.2373
Report-of-Gohen,2023-08-31,IT0004735152,Government Bond,4009.0640,140.5500,563473.9470,-19.4784
Report-of-Gohen,2023-08-31,JP1400131L54,Government Bond,1230580.3967,92.7000,114074802.7765,15960.7703
Report-of-Gohen,2023-08-31,KMI,Equities,300.0754,17.3500,5206.3083,5.3960
Report-of-Gohen,2023-08-31,KR,Equities,57025.7189,47.8600,2729250.9064,3516.5480
Report-of-Gohen,2023-08-31,LH,Equities,80324.1011,209.1500,16799785.7532,13073.9707
Report-of-Gohen,2023-08-31,LIN,Equities,73322.9012,387.9500,28445619.5253,35955.0173
Report-of-Gohen,2023-08-31,LVS,Equities,22831.6616,54.1300,1235877.8403,23981.6758
Report-of-Gohen,2023-08-31,LYV,Equities,86864.5459,86.5900,7521601.0312,4444.1138
Report-of-Gohen,2023-08-31,META,Equities,85743.6249,326.1200,27962710.9449,-15740.7388
Report-of-Gohen,2023-08-31,MGM,Equities,78935.3605,43.2600,3414743.6973,95838.4793
Report-of-Gohen,2023-08-31,MRNA,Equities,36149.3439,106.0100,3832191.9462,6914.9245
Report-of-Gohen,2023-08-31,NEM,Equities,68373.6655,37.7500,2581105.8721,6537.2252
Report-of-Gohen,2023-08-31,NL0009446418,Government Bond,9179.8669,170.7400,1567370.4771,27.9148
Report-of-Gohen,2023-08-31,NTAP,Equities,5237.8597,75.2900,394358.4572,2148.5519
Report-of-Gohen,2023-08-31,NTRS,Equities,6983.8129,67.4300,470918.5066,-16616.5393
Report-of-Gohen,2023-08-31,PANW,Equities,38912.3159,218.8800,8517127.7125,41143.9896
Report-of-Gohen,2023-08-31,PFE,Equities,69526.4227,35.4800,2466797.4774,5124.7274
Report-of-Gohen,2023-08-31,PHM,Equities,9000.4636,80.7900,727147.4519,-1974.9219
Report-of-Gohen,2023-08-31,PNW,Equities,69063.6291,78.3700,5412516.6110,1356.6796
Report-of-Gohen,2023-08-31,PRU,Equities,45966.9359,94.4000,4339278.7473,-182.3535
Report-of-Gohen,2023-08-31,REG,Equities,4504.7284,61.1100,275283.9537,-993.7562
Report-of-Gohen,2023-08-31,RJF,Equities,87609.8181,95.8600,8398277.1648,-132637.7578
Report-of-Gohen,2023-08-31,ROL,Equities,5695.7370,41.0000,233525.2172,-231.5317
Report-of-Gohen,2023-08-31,RTX,Equities,46702.1956,83.1000,3880952.4522,33236.1093
Report-of-Gohen,2023-08-31,SE0005703550,Government Bond,10418.4237,123.1000,1282507.9581,28.9077
Report-of-Gohen,2023-08-31,SPG,Equities,25136.1867,113.5600,2854465.3652,-7115.4744
Report-of-Gohen,2023-08-31,STX,Equities,35612.6556,66.8600,2381062.1521,3116.4195
Report-of-Gohen,2023-08-31,TFX,Equities,8382.8059,220.0700,1844804.0854,30426.8909
Report-of-Gohen,2023-08-31,TRV,Equities,64346.8394,163.6800,10532290.6694,20714.5981
Report-of-Gohen,2023-08-31,US912810QF84,Government Bond,4970.5619,195.7600,973037.1944,167.7200
Report-of-Gohen,2023-08-31,US912810SG40,Government Bond,5107.8623,155.7000,795294.1601,-198.6190
Report-of-Gohen,2023-08-31,US912828B253,Government Bond,1774.1753,126.4900,224415.4399,-7.8915
Report-of-Gohen,2023-08-31,VTRS,Equities,48226.7645,10.6400,513132.7743,-387.9876
Report-of-Gohen,2023-08-31,WHR,Equities,2344.2454,132.8700,311479.8918,-434.2430
Report-of-Gohen,2023-08-31,WMT,Equities,72574.9610,157.6700,11442894.1026,-20956.1873
rpt-Catalysm,2022-08-31,ACGL,Equities,7745.3893,45.7200,354119.1988,1699.0754
rpt-Catalysm,2022-08-31,ACN,Equities,2888.1113,283.8600,819819.2635,1015.6547
rpt-Catalysm,2022-08-31,ADSK,Equities,6695.1670,201.7400,1350682.9950,12529.6107
rpt-Catalysm,2022-08-31,ALGN,Equities,2953.7502,243.7000,719828.9132,-2374.6683
rpt-Catalysm,2022-08-31,ANET,Equities,6727.9865,119.8800,806551.0178,435.1138
rpt-Catalysm,2022-08-31,APH,Equities,754.8473,72.7400,54907.5899,-309.0097
rpt-Catalysm,2022-08-31,ATO,Equities,1181.5001,110.5400,130603.0169,209.8844
rpt-Catalysm,2022-08-31,BA,Equities,5743.4031,160.2500,920380.3440,2649.6437
rpt-Catalysm,2022-08-31,BG,Equities,8861.2505,96.6700,856617.0830,-937.6595
rpt-Catalysm,2022-08-31,BR,Equities,4529.0836,167.9100,760478.4229,321.1903
rpt-Catalysm,2022-08-31,CHD,Equities,7285.9171,82.6700,602326.7628,-124.8094
rpt-Catalysm,2022-08-31,COF,Equities,8139.2227,103.4100,841677.0147,6091.8626
rpt-Catalysm,2022-08-31,DAL,Equities,5349.5697,31.0000,165836.6616,-753.4422
rpt-Catalysm,2022-08-31,DD,Equities,9681.7366,54.5600,528235.5503,1168.2182
rpt-Catalysm,2022-08-31,DFS,Equities,9386.3616,97.9200,919112.5288,3947.7601
rpt-Catalysm,2022-08-31,DHI,Equities,4036.7919,70.4600,284432.3559,-511.1382
rpt-Catalysm,2022-08-31,EA,Equities,722.0278,126.2800,91177.6726,-272.1521
rpt-Catalysm,2022-08-31,EPAM,Equities,2133.2640,426.5000,909837.0969,2341.4230
rpt-Catalysm,2022-08-31,ETR,Equities,9025.3477,111.8600,1009575.3939,1596.4237
rpt-Catalysm,2022-08-31,ETSY,Equities,229.7361,105.6100,24262.4320,-72.5576
rpt-Catalysm,2022-08-31,FE,Equities,689.2084,37.9700,26169.2418,-8.2127
rpt-Catalysm,2022-08-31,FITB,Equities,9058.1671,32.6400,295658.5757,-916.4428
rpt-Catalysm,2022-08-31,GOOG,Equities,1805.0695,109.1500,197023.3403,1334.4483
rpt-Catalysm,2022-08-31,HUM,Equities,1476.8751,478.4500,706610.8812,297.8688
rpt-Catalysm,2022-08-31,IDXX,Equities,2297.3612,347.6200,798608.7118,-4774.8063
rpt-Catalysm,2022-08-31,IEX,Equities,5644.9447,198.8900,1122723.0601,-1948.6065
rpt-Catalysm,2022-08-31,IT,Equities,5185.4725,285.3200,1479519.0130,-1747.2963
rpt-Catalysm,2022-08-31,KMB,Equities,8434.5977,123.0100,1037539.8594,-1711.6101
rpt-Catalysm,2022-08-31,KR,Equities,3741.4169,46.8700,175360.2085,557.3921
rpt-Catalysm,2022-08-31,LMT,Equities,9550.4588,412.1200,3935935.0972,15546.4334
rpt-Catalysm,2022-08-31,MA,Equities,1673.7918,322.3500,539546.7724,1526.7236
rpt-Catalysm,2022-08-31,META,Equities,3347.5835,162.9300,545421.7814,2299.0112
rpt-Catalysm,2022-08-31,MKTX,Equities,9550.4588,246.1100,2350463.4251,-30353.5873
rpt-Catalysm,2022-08-31,MNST,Equities,6629.5281,44.4200,294483.6395,-271.7586
rpt-Catalysm,2022-08-31,MO,Equities,196.9167,41.4700,8166.1346,-2.0491
rpt-Catalysm,2022-08-31,MOS,Equities,8664.3338,52.9100,458429.9010,852.4370
rpt-Catalysm,2022-08-31,NEM,Equities,5448.0281,39.5600,215523.9903,-378.7452
rpt-Catalysm,2022-08-31,NSC,Equities,918.9445,237.4800,218230.9382,-55.4044
rpt-Catalysm,2022-08-31,NVR,Equities,1936.3473,4140.0600,8016594.1062,18886.5712
rpt-Catalysm,2022-08-31,ODFL,Equities,2953.7502,270.1700,798014.6798,-269.0811
rpt-Catalysm,2022-08-31,ORCL,Equities,7909.4865,72.9300,576838.8527,-756.2615
rpt-Catalysm,2022-08-31,PSA,Equities,1837.8890,319.9400,588014.2023,-724.3094
rpt-Catalysm,2022-08-31,PWR,Equities,623.5695,141.0100,87929.5320,27.6029
rpt-Catalysm,2022-08-31,PXD,Equities,393.8334,228.6600,90053.9348,227.4857
rpt-Catalysm,2022-08-31,QCOM,Equities,2658.3751,129.7300,344871.0071,312.5708
rpt-Catalysm,2022-08-31,REGN,Equities,3249.1252,581.0600,1887936.6727,-2160.6179
rpt-Catalysm,2022-08-31,RTX,Equities,8926.8894,87.5900,781906.2393,2052.7587
rpt-Catalysm,2022-08-31,SBAC,Equities,2789.6529,320.8900,895171.7274,-2929.6271
rpt-Catalysm,2022-08-31,SPGI,Equities,8533.0560,348.7300,2975732.6218,-6780.0332
rpt-Catalysm,2022-08-31,SRE,Equities,5251.1114,77.5800,407381.2216,-553.3977
rpt-Catalysm,2022-08-31,TEL,Equities,8697.1532,123.9500,1078012.1440,1881.0629
rpt-Catalysm,2022-08-31,TGT,Equities,2592.7362,155.9500,404337.2180,-1243.3551
rpt-Catalysm,2022-08-31,TJX,Equities,1706.6112,61.3600,104717.6633,-83.2768
rpt-Catalysm,2022-08-31,UDR,Equities,3610.1391,43.1200,155669.1971,-261.9119
rpt-Catalysm,2022-08-31,USB,Equities,7876.6671,43.3400,341374.7514,-2200.0577
rpt-Catalysm,2022-08-31,WMT,Equities,4922.9169,130.5500,642686.8049,719.7798
rpt-Catalysm,2022-08-31,WYNN,Equities,1903.5279,60.2900,114763.6958,716.4867
rpt-Catalysm,2022-08-31,ZTS,Equities,2494.2779,155.1600,387012.1605,-380.8451
rpt-Catalysm,2022-09-30,ACGL,Equities,7972.3292,45.5400,363059.8721,204.2459
rpt-Catalysm,2022-09-30,ACN,Equities,2924.2127,253.2000,740410.6443,5534.3432
rpt-Catalysm,2022-09-30,ADSK,Equities,6894.6830,186.8000,1287926.7843,14903.8435
rpt-Catalysm,2022-09-30,ALGN,Equities,3039.1135,207.1100,629430.8045,15617.2303
rpt-Catalysm,2022-09-30,ANET,Equities,6714.5305,112.8900,758003.3476,-470.2863
rpt-Catalysm,2022-09-30,APH,Equities,734.5419,66.4300,48795.6165,-640.6351
rpt-Catalysm,2022-09-30,ATO,Equities,1212.2191,99.3000,120373.3531,1726.4079
rpt-Catalysm,2022-09-30,BA,Equities,5854.2508,121.0800,708832.6823,21709.5180
rpt-Catalysm,2022-09-30,BG,Equities,8732.7623,80.4900,702900.0406,-10394.6899
rpt-Catalysm,2022-09-30,BR,Equities,4607.4367,142.1800,655085.3528,10080.1322
rpt-Catalysm,2022-09-30,CHD,Equities,7262.6021,70.5600,512449.2055,-1411.7193
rpt-Catalysm,2022-09-30,COF,Equities,7965.0433,90.0700,717411.4491,-11617.7636
rpt-Catalysm,2022-09-30,DAL,Equities,5459.2359,28.0000,152858.6054,1644.9927
rpt-Catalysm,2022-09-30,DD,Equities,9842.4535,49.4200,486414.0496,4130.4225
rpt-Catalysm,2022-09-30,DFS,Equities,9380.7298,88.6000,831132.6596,-262.4427
rpt-Catalysm,2022-09-30,DHI,Equities,3974.2216,66.7000,265080.5812,-1176.3212
rpt-Catalysm,2022-09-30,EA,Equities,704.4825,115.1700,81135.2542,-974.6401
rpt-Catalysm,2022-09-30,EPAM,Equities,2182.5424,362.1900,790495.0321,15845.4690
rpt-Catalysm,2022-09-30,ETR,Equities,9140.8722,97.6200,892331.9395,8225.3409
rpt-Catalysm,2022-09-30,ETSY,Equities,224.2454,100.1300,22453.6949,-150.4450
rpt-Catalysm,2022-09-30,FE,Equities,674.6661,35.5200,23964.1389,-178.1431
rpt-Catalysm,2022-09-30,FITB,Equities,9229.3665,30.8600,284818.2504,1523.6743
rpt-Catalysm,2022-09-30,GOOG,Equities,1783.2282,96.1500,171457.3913,-1419.6872
rpt-Catalysm,2022-09-30,HUM,Equities,1512.6155,482.6000,729988.2187,-741.6128
rpt-Catalysm,2022-09-30,IDXX,Equities,2247.0490,325.8000,732088.5714,-5489.0622
rpt-Catalysm,2022-09-30,IEX,Equities,5599.7852,197.5400,1106181.5657,-304.8270
rpt-Catalysm,2022-09-30,IT,Equities,5164.7306,276.6900,1429029.3118,-895.0126
rpt-Catalysm,2022-09-30,KMB,Equities,8190.8378,109.5600,897388.1891,-16392.8514
rpt-Catalysm,2022-09-30,KR,Equities,3736.9272,42.7800,159865.7441,-91.8144
rpt-Catalysm,2022-09-30,LMT,Equities,9736.6928,378.9400,3689622.3649,30896.2119
rpt-Catalysm,2022-09-30,MA,Equities,1708.4392,282.5700,482753.6774,6891.3856
rpt-Catalysm,2022-09-30,META,Equities,3253.8512,135.6800,441482.5271,-12771.0311
rpt-Catalysm,2022-09-30,MKTX,Equities,9467.3698,220.2700,2085377.5565,-10735.0978
rpt-Catalysm,2022-09-30,MNST,Equities,6523.4557,43.4800,283639.8529,-498.5405
rpt-Catalysm,2022-09-30,MO,Equities,196.9561,37.9400,7472.5129,0.6951
rpt-Catalysm,2022-09-30,MOS,Equities,8686.8611,47.4700,412365.2946,612.7417
rpt-Catalysm,2022-09-30,NEM,Equities,5522.1212,40.7400,224971.2197,-437.1498
rpt-Catalysm,2022-09-30,NSC,Equities,905.4360,204.7800,185415.1860,-2208.6371
rpt-Catalysm,2022-09-30,NVR,Equities,1983.4006,3987.0800,7907976.7246,35991.0233
rpt-Catalysm,2022-09-30,ODFL,Equities,3030.8430,247.9100,751376.2970,8580.4374
rpt-Catalysm,2022-09-30,ORCL,Equities,7956.1525,60.0700,477926.0808,3000.6219
rpt-Catalysm,2022-09-30,PSA,Equities,1786.0605,284.8500,508759.3383,-9093.3050
rpt-Catalysm,2022-09-30,PWR,Equities,616.6479,127.2000,78437.6073,-477.9379
rpt-Catalysm,2022-09-30,PXD,Equities,400.6073,202.5300,81134.9940,885.0144
rpt-Catalysm,2022-09-30,QCOM,Equities,2693.9974,110.8100,298521.8483,3369.8627
rpt-Catalysm,2022-09-30,REGN,Equities,3157.8248,688.8700,2175330.7390,49215.4900
rpt-Catalysm,2022-09-30,RTX,Equities,9048.2951,79.8900,722868.2922,4674.1193
rpt-Catalysm,2022-09-30,SBAC,Equities,2729.6754,280.8300,766574.7392,-12013.5008
rpt-Catalysm,2022-09-30,SPGI,Equities,8434.0726,302.3600,2550126.1788,-22949.3128
rpt-Catalysm,2022-09-30,SRE,Equities,5181.7967,71.4900,370446.6475,-2110.6317
rpt-Catalysm,2022-09-30,TEL,Equities,8875.4449,108.3800,961920.7162,13880.0043
rpt-Catalysm,2022-09-30,TGT,Equities,2574.5871,144.3200,371564.4095,-1055.3733
rpt-Catalysm,2022-09-30,TJX,Equities,1707.6352,61.1400,104404.8142,1.1264
rpt-Catalysm,2022-09-30,UDR,Equities,3654.5438,40.0800,146474.1151,674.9516
rpt-Catalysm,2022-09-30,USB,Equities,7837.2837,38.7600,303773.1181,-901.8784
rpt-Catalysm,2022-09-30,WMT,Equities,5034.1749,127.7400,643065.4954,1563.1738
rpt-Catalysm,2022-09-30,WYNN,Equities,1859.7467,62.7200,116643.3154,531.9409
rpt-Catalysm,2022-09-30,ZTS,Equities,2467.3397,146.9900,362674.2638,-1100.4255
rpt-Catalysm,2022-10-31,ACGL,Equities,7935.9259,57.5000,456315.7379,2176.9191
rpt-Catalysm,2022-10-31,ACN,Equities,2890.4218,280.6200,811110.1524,4632.7326
rpt-Catalysm,2022-10-31,ADSK,Equities,6514.3975,214.3000,1396035.3869,52289.2544
rpt-Catalysm,2022-10-31,ALGN,Equities,2948.1380,194.3000,572823.2195,-5826.9811
rpt-Catalysm,2022-10-31,ANET,Equities,6615.6291,120.8600,799564.9323,3941.2208
rpt-Catalysm,2022-10-31,APH,Equities,735.8251,75.2200,55348.7649,-56.3984
rpt-Catalysm,2022-10-31,ATO,Equities,1215.6454,103.8800,126281.2457,-78.4634
rpt-Catalysm,2022-10-31,BA,Equities,5707.2196,142.5100,813335.8713,15754.3844
rpt-Catalysm,2022-10-31,BG,Equities,8861.2505,96.2100,852540.9077,-10099.1672
rpt-Catalysm,2022-10-31,BR,Equities,4532.7068,147.8400,670115.3793,2114.8556
rpt-Catalysm,2022-10-31,CHD,Equities,7334.0041,73.2100,536922.4406,-946.0763
rpt-Catalysm,2022-10-31,COF,Equities,8286.5426,103.6000,858485.8117,-21749.4273
rpt-Catalysm,2022-10-31,DAL,Equities,5332.4511,33.8600,180556.7944,3714.7947
rpt-Catalysm,2022-10-31,DD,Equities,9971.2205,56.0900,559285.7606,-4294.3827
rpt-Catalysm,2022-10-31,DFS,Equities,9646.3638,101.7900,981903.3738,-17518.5645
rpt-Catalysm,2022-10-31,DHI,Equities,3970.5885,76.1300,302280.9021,171.3013
rpt-Catalysm,2022-10-31,EA,Equities,732.6416,125.3700,91851.2805,-1436.1133
rpt-Catalysm,2022-10-31,EPAM,Equities,2172.9427,350.0000,760529.9494,-585.1010
rpt-Catalysm,2022-10-31,ETR,Equities,9093.9403,103.9400,945224.1593,1483.0451
rpt-Catalysm,2022-10-31,ETSY,Equities,223.8319,93.9100,21020.0542,-12.8606
rpt-Catalysm,2022-10-31,FE,Equities,695.5491,36.2000,25178.8769,-71.0022
rpt-Catalysm,2022-10-31,FITB,Equities,8891.4969,34.4600,306400.9822,6081.6534
rpt-Catalysm,2022-10-31,GOOG,Equities,1803.0840,94.6600,170679.9280,147.9254
rpt-Catalysm,2022-10-31,HUM,Equities,1480.1242,555.1100,821631.7466,11779.7033
rpt-Catalysm,2022-10-31,IDXX,Equities,2290.4691,359.6800,823835.9436,-7355.3696
rpt-Catalysm,2022-10-31,IEX,Equities,5810.3416,220.4100,1280657.3976,-24077.1288
rpt-Catalysm,2022-10-31,IT,Equities,5328.5915,301.9200,1608808.3572,-20671.0564
rpt-Catalysm,2022-10-31,KMB,Equities,8330.0087,121.1600,1009263.8491,-8071.9100
rpt-Catalysm,2022-10-31,KR,Equities,3713.3562,46.2400,171705.5925,407.7770
rpt-Catalysm,2022-10-31,LMT,Equities,9405.2919,477.4200,4490274.4426,163181.8139
rpt-Catalysm,2022-10-31,MA,Equities,1721.4948,326.6600,562343.4981,-2878.1017
rpt-Catalysm,2022-10-31,META,Equities,3445.3329,93.1600,320967.2176,40709.0258
rpt-Catalysm,2022-10-31,MKTX,Equities,9740.5130,241.6100,2353405.3389,-29144.3712
rpt-Catalysm,2022-10-31,MNST,Equities,6783.3332,46.8600,317866.9929,-4391.9298
rpt-Catalysm,2022-10-31,MO,Equities,195.7352,43.4800,8510.5655,33.8185
rpt-Catalysm,2022-10-31,MOS,Equities,8658.2688,52.7900,457070.0078,760.5552
rpt-Catalysm,2022-10-31,NEM,Equities,5314.5514,41.0200,218002.8976,290.5978
rpt-Catalysm,2022-10-31,NSC,Equities,943.6641,222.7700,210220.0516,-3438.6168
rpt-Catalysm,2022-10-31,NVR,Equities,1902.8485,4237.7500,8063796.2998,100959.9103
rpt-Catalysm,2022-10-31,ODFL,Equities,2959.9530,273.6500,809991.1472,9123.5435
rpt-Catalysm,2022-10-31,ORCL,Equities,7686.4390,77.1800,593239.3628,23073.9891
rpt-Catalysm,2022-10-31,PSA,Equities,1784.2226,301.3300,537639.8045,151.4421
rpt-Catalysm,2022-10-31,PWR,Equities,607.4814,141.8300,86159.0848,670.5274
rpt-Catalysm,2022-10-31,PXD,Equities,387.7683,239.8300,92998.4763,2394.4674
rpt-Catalysm,2022-10-31,QCOM,Equities,2638.4373,115.4000,304475.6676,1275.1029
rpt-Catalysm,2022-10-31,REGN,Equities,3265.3708,748.7500,2444946.3852,-32199.2853
rpt-Catalysm,2022-10-31,RTX,Equities,8727.8197,92.5300,807585.1596,20254.0407
rpt-Catalysm,2022-10-31,SBAC,Equities,2800.2536,266.2800,745651.5305,5134.5654
rpt-Catalysm,2022-10-31,SPGI,Equities,8555.2420,318.1100,2721508.0180,-9542.0899
rpt-Catalysm,2022-10-31,SRE,Equities,5164.4681,71.9700,371686.7657,41.5888
rpt-Catalysm,2022-10-31,TEL,Equities,8711.9384,120.0400,1045781.0855,9532.4278
rpt-Catalysm,2022-10-31,TGT,Equities,2641.2204,159.7500,421934.9615,-5140.7608
rpt-Catalysm,2022-10-31,TJX,Equities,1705.2459,70.9600,121004.2500,117.3125
rpt-Catalysm,2022-10-31,UDR,Equities,3506.5281,38.5700,135246.7884,-1117.5186
rpt-Catalysm,2022-10-31,USB,Equities,7799.4757,40.8100,318296.6052,387.5320
rpt-Catalysm,2022-10-31,WMT,Equities,4834.7967,140.1800,677741.8035,12401.3200
rpt-Catalysm,2022-10-31,WYNN,Equities,1865.6477,63.5900,118636.5356,-25.6691
rpt-Catalysm,2022-10-31,ZTS,Equities,2473.0765,149.7700,370392.6746,-79.7421
rpt-Catalysm,2022-11-30,ACGL,Equities,7758.5565,59.9100,464815.1176,2137.3015
rpt-Catalysm,2022-11-30,ACN,Equities,2940.9637,297.4500,874789.6527,-4253.1049
rpt-Catalysm,2022-11-30,ADSK,Equities,6748.7284,201.9500,1362905.6919,14469.9297
rpt-Catalysm,2022-11-30,ALGN,Equities,2995.1027,196.6600,589016.8889,-554.1826
rpt-Catalysm,2022-11-30,ANET,Equities,6909.6421,139.3000,962513.1449,-27107.9994
rpt-Catalysm,2022-11-30,APH,Equities,756.5834,79.7900,60367.7904,-474.3271
rpt-Catalysm,2022-11-30,ATO,Equities,1181.6182,117.9300,139348.2358,2390.4109
rpt-Catalysm,2022-11-30,BA,Equities,5852.5277,178.8800,1046900.1623,-26424.2776
rpt-Catalysm,2022-11-30,BG,Equities,8608.7048,102.8400,885319.2049,8371.8879
rpt-Catalysm,2022-11-30,BR,Equities,4508.2498,146.9000,662261.8940,-114.9481
rpt-Catalysm,2022-11-30,CHD,Equities,7317.9751,81.1400,593780.4987,635.5505
rpt-Catalysm,2022-11-30,COF,Equities,7908.0687,101.4800,802510.8148,-4011.8228
rpt-Catalysm,2022-11-30,DAL,Equities,5442.1173,35.3000,192106.7401,-789.5965
rpt-Catalysm,2022-11-30,DD,Equities,9453.2476,69.4700,656717.1136,34652.3876
rpt-Catalysm,2022-11-30,DFS,Equities,9206.1435,106.1800,977508.3133,9662.8369
rpt-Catalysm,2022-11-30,DHI,Equities,3995.2129,85.1600,340232.3327,-1111.7930
rpt-Catalysm,2022-11-30,EA,Equities,710.9086,130.3600,92674.0435,542.2393
rpt-Catalysm,2022-11-30,EPAM,Equities,2193.6354,368.5800,808530.1259,-1922.3482
rpt-Catalysm,2022-11-30,ETR,Equities,8870.1117,113.9300,1010571.8283,11180.2397
rpt-Catalysm,2022-11-30,ETSY,Equities,227.8523,132.0900,30097.0086,-767.4910
rpt-Catalysm,2022-11-30,FE,Equities,684.6596,40.0000,27386.3838,206.9004
rpt-Catalysm,2022-11-30,FITB,Equities,8809.0676,35.1100,309286.3617,267.8953
rpt-Catalysm,2022-11-30,GOOG,Equities,1771.8563,101.4500,179754.8176,1060.1805
rpt-Catalysm,2022-11-30,HUM,Equities,1441.4301,546.9700,788419.0089,-1574.8510
rpt-Catalysm,2022-11-30,IDXX,Equities,2286.7934,425.8700,973876.6931,1216.4987
rpt-Catalysm,2022-11-30,IEX,Equities,5668.6535,235.4600,1334741.1559,10662.0305
rpt-Catalysm,2022-11-30,IT,Equities,5333.2585,350.3700,1868613.7679,-1130.5626
rpt-Catalysm,2022-11-30,KMB,Equities,8328.3217,132.0300,1099588.3192,91.6841
rpt-Catalysm,2022-11-30,KR,Equities,3711.1114,48.3600,179469.3468,23.7954
rpt-Catalysm,2022-11-30,LMT,Equities,9650.7387,478.9300,4622028.2655,-1853.1233
rpt-Catalysm,2022-11-30,MA,Equities,1687.3495,354.7500,598587.2240,4795.7147
rpt-Catalysm,2022-11-30,META,Equities,3414.2004,118.1000,403217.0699,3882.2261
rpt-Catalysm,2022-11-30,MKTX,Equities,9767.2543,266.0100,2598187.3046,-3262.4367
rpt-Catalysm,2022-11-30,MNST,Equities,6503.5671,51.4300,334478.4557,6392.6551
rpt-Catalysm,2022-11-30,MO,Equities,195.2429,43.7700,8545.7811,0.7138
rpt-Catalysm,2022-11-30,MOS,Equities,8701.5904,50.5300,439691.3643,489.5349
rpt-Catalysm,2022-11-30,NEM,Equities,5319.4546,46.0100,244748.1064,-122.3355
rpt-Catalysm,2022-11-30,NSC,Equities,905.8955,251.9300,228222.2486,5506.6646
rpt-Catalysm,2022-11-30,NVR,Equities,1902.0740,4639.0100,8823740.2015,1553.9575
rpt-Catalysm,2022-11-30,ODFL,Equities,2897.6289,301.5600,873808.9722,8697.3321
rpt-Catalysm,2022-11-30,ORCL,Equities,7793.2171,82.0800,639667.2578,-2616.0627
rpt-Catalysm,2022-11-30,PSA,Equities,1841.0134,289.8600,533636.1435,3256.9506
rpt-Catalysm,2022-11-30,PWR,Equities,635.0432,149.6600,95040.5587,-1079.0433
rpt-Catalysm,2022-11-30,PXD,Equities,398.4412,225.9900,90043.7278,738.5636
rpt-Catalysm,2022-11-30,QCOM,Equities,2708.3526,124.8600,338164.9049,-3306.9921
rpt-Catalysm,2022-11-30,REGN,Equities,3259.5224,751.7000,2450182.9678,86.2643
rpt-Catalysm,2022-11-30,RTX,Equities,8909.0356,96.9000,863285.5481,-3959.5664
rpt-Catalysm,2022-11-30,SBAC,Equities,2820.3391,296.0000,834820.3760,-2984.7055
rpt-Catalysm,2022-11-30,SPGI,Equities,8506.6035,350.1800,2978842.4258,7799.1705
rpt-Catalysm,2022-11-30,SRE,Equities,5152.3905,79.2400,408275.4229,439.0192
rpt-Catalysm,2022-11-30,TEL,Equities,8745.8573,124.4100,1088072.1064,-741.1279
rpt-Catalysm,2022-11-30,TGT,Equities,2624.8862,163.5100,429195.1390,307.0837
rpt-Catalysm,2022-11-30,TJX,Equities,1707.9765,79.1100,135118.0202,-111.2711
rpt-Catalysm,2022-11-30,UDR,Equities,3628.1898,40.2300,145962.0747,-1009.7920
rpt-Catalysm,2022-11-30,USB,Equities,7808.9277,43.6300,340703.5176,-133.2732
rpt-Catalysm,2022-11-30,WMT,Equities,4987.4071,150.1200,748709.5598,-7584.7381
rpt-Catalysm,2022-11-30,WYNN,Equities,1938.3624,83.2500,161368.6730,-7147.8614
rpt-Catalysm,2022-11-30,ZTS,Equities,2467.5891,153.1100,377812.5727,91.6398
rpt-Catalysm,2022-12-31,ACGL,Equities,7644.6992,62.7800,479934.2182,1633.8511
rpt-Catalysm,2022-12-31,ACN,Equities,2891.2882,263.7600,762606.1721,-8367.8403
rpt-Catalysm,2022-12-31,ADSK,Equities,6726.6343,186.8700,1257006.1529,-1665.8915
rpt-Catalysm,2022-12-31,ALGN,Equities,2991.8535,210.9000,630981.9103,231.3377
rpt-Catalysm,2022-12-31,ANET,Equities,6590.0627,121.3500,799704.1142,-28682.2473
rpt-Catalysm,2022-12-31,APH,Equities,746.9969,75.7400,56577.5415,-194.1278
rpt-Catalysm,2022-12-31,ATO,Equities,1183.0360,109.9500,130074.8096,56.5702
rpt-Catalysm,2022-12-31,BA,Equities,5753.7412,190.4900,1096030.1627,5734.5582
rpt-Catalysm,2022-12-31,BG,Equities,8642.3776,97.8700,845829.4941,836.7679
rpt-Catalysm,2022-12-31,BR,Equities,4404.9867,132.8100,585026.2815,-7274.8858
rpt-Catalysm,2022-12-31,CHD,Equities,7330.3611,79.8900,585622.5521,77.4129
rpt-Catalysm,2022-12-31,COF,Equities,8362.2374,91.3800,764141.2495,22935.5155
rpt-Catalysm,2022-12-31,DAL,Equities,5446.3969,32.7900,178587.3557,53.7097
rpt-Catalysm,2022-12-31,DD,Equities,9836.6444,67.6200,665153.8951,3546.4201
rpt-Catalysm,2022-12-31,DFS,Equities,9552.5002,95.8600,915702.6701,17872.0080
rpt-Catalysm,2022-12-31,DHI,Equities,4145.3816,88.5300,366990.6315,-2530.3419
rpt-Catalysm,2022-12-31,EA,Equities,735.5297,121.7900,89580.1666,1055.0162
rpt-Catalysm,2022-12-31,EPAM,Equities,2173.7960,327.7400,712439.9070,-4051.1963
rpt-Catalysm,2022-12-31,ETR,Equities,9186.9014,110.2400,1012764.0131,5844.7700
rpt-Catalysm,2022-12-31,ETSY,Equities,235.8241,119.7800,28247.0144,490.6670
rpt-Catalysm,2022-12-31,FE,Equities,671.6336,40.6800,27322.0531,44.2885
rpt-Catalysm,2022-12-31,FITB,Equities,8925.0121,32.0000,285600.3869,1802.9376
rpt-Catalysm,2022-12-31,GOOG,Equities,1800.1959,88.7300,159731.3780,1802.3980
rpt-Catalysm,2022-12-31,HUM,Equities,1437.4425,510.2400,733440.6682,-732.3159
rpt-Catalysm,2022-12-31,IDXX,Equities,2262.9008,407.9600,923173.0163,-2139.5785
rpt-Catalysm,2022-12-31,IEX,Equities,5765.1821,226.3700,1305064.2645,4387.2228
rpt-Catalysm,2022-12-31,IT,Equities,5112.8759,336.1400,1718642.0991,-15680.2206
rpt-Catalysm,2022-12-31,KMB,Equities,8432.0673,133.2800,1123825.9285,-648.4097
rpt-Catalysm,2022-12-31,KR,Equities,3677.8128,43.8300,161198.5341,-754.2135
rpt-Catalysm,2022-12-31,LMT,Equities,9775.8497,480.2100,4694460.7694,-800.7105
rpt-Catalysm,2022-12-31,MA,Equities,1706.2633,346.1200,590571.8588,816.1325
rpt-Catalysm,2022-12-31,META,Equities,3283.3099,120.3400,395113.5143,1465.9738
rpt-Catalysm,2022-12-31,MKTX,Equities,9534.2231,276.9100,2640121.7076,12700.2002
rpt-Catalysm,2022-12-31,MNST,Equities,6595.7175,50.7600,334798.6221,308.7040
rpt-Catalysm,2022-12-31,MO,Equities,198.7086,43.8400,8711.3859,-1.2130
rpt-Catalysm,2022-12-31,MOS,Equities,8633.1422,43.2200,373124.4055,-2501.7831
rpt-Catalysm,2022-12-31,NEM,Equities,5577.6911,46.2900,258191.3226,-361.5311
rpt-Catalysm,2022-12-31,NSC,Equities,893.7654,242.0300,216318.0432,-600.4383
rpt-Catalysm,2022-12-31,NVR,Equities,1935.3792,4612.5800,8927091.1658,4401.2787
rpt-Catalysm,2022-12-31,ODFL,Equities,3028.1847,283.0900,857248.7956,12056.8242
rpt-Catalysm,2022-12-31,ORCL,Equities,7734.6869,80.8000,624962.6998,-374.5933
rpt-Catalysm,2022-12-31,PSA,Equities,1876.1171,274.4000,514806.5260,2713.5144
rpt-Catalysm,2022-12-31,PWR,Equities,627.5603,142.3700,89345.7631,-272.7493
rpt-Catalysm,2022-12-31,PXD,Equities,386.9019,218.7200,84623.1808,-419.4542
rpt-Catalysm,2022-12-31,QCOM,Equities,2728.5562,108.5200,296102.9237,1650.6383
rpt-Catalysm,2022-12-31,REGN,Equities,3309.8838,721.4900,2388048.0723,7607.0955
rpt-Catalysm,2022-12-31,RTX,Equities,9045.6170,99.0600,896058.8191,-1475.0792
rpt-Catalysm,2022-12-31,SBAC,Equities,2711.2637,277.2200,751616.5170,-10242.1828
rpt-Catalysm,2022-12-31,SPGI,Equities,8459.6717,332.4500,2812417.8655,-4160.5048
rpt-Catalysm,2022-12-31,SRE,Equities,5166.0434,74.7800,386316.7243,304.4594
rpt-Catalysm,2022-12-31,TEL,Equities,8911.9729,113.2500,1009280.9337,9269.2520
rpt-Catalysm,2022-12-31,TGT,Equities,2522.2138,145.8600,367890.1082,-9060.8354
rpt-Catalysm,2022-12-31,TJX,Equities,1726.0666,78.6700,135789.6570,39.7982
rpt-Catalysm,2022-12-31,UDR,Equities,3681.9808,37.5700,138332.0205,715.4213
rpt-Catalysm,2022-12-31,USB,Equities,7934.1668,42.3900,336329.3287,776.4818
rpt-Catalysm,2022-12-31,WMT,Equities,4923.4092,140.1800,690163.5044,-3180.6966
rpt-Catalysm,2022-12-31,WYNN,Equities,1933.0326,82.0700,158643.9823,-31.4463
rpt-Catalysm,2022-12-31,ZTS,Equities,2484.0514,145.5700,361603.3580,620.6262
rpt-Catalysm,2023-01-31,ACGL,Equities,7863.1192,64.3500,505991.7216,-1714.5968
rpt-Catalysm,2023-01-31,ACN,Equities,2826.3057,276.9500,782745.3590,4285.5961
rpt-Catalysm,2023-01-31,ADSK,Equities,6593.4005,215.1600,1418636.0480,18845.9244
rpt-Catalysm,2023-01-31,ALGN,Equities,3007.2130,269.7300,811135.5718,-4517.9972
rpt-Catalysm,2023-01-31,ANET,Equities,6641.8682,126.0200,837008.2358,-1209.6583
rpt-Catalysm,2023-01-31,APH,Equities,770.0197,79.3500,61101.0626,-415.5623
rpt-Catalysm,2023-01-31,ATO,Equities,1209.6198,115.3200,139493.3512,-713.7737
rpt-Catalysm,2023-01-31,BA,Equities,5652.0830,213.0000,1203893.6734,11441.6343
rpt-Catalysm,2023-01-31,BG,Equities,9081.8956,97.2100,882851.0720,1450.4095
rpt-Catalysm,2023-01-31,BR,Equities,4405.4396,148.8800,655881.8465,-36.3912
rpt-Catalysm,2023-01-31,CHD,Equities,7392.2914,80.1400,592418.2362,-77.4129
rpt-Catalysm,2023-01-31,COF,Equities,8033.4128,116.9800,939748.6246,42089.5482
rpt-Catalysm,2023-01-31,DAL,Equities,5438.3726,39.0200,212205.2983,249.9586
rpt-Catalysm,2023-01-31,DD,Equities,9931.5254,72.8600,723610.9428,-2485.8827
rpt-Catalysm,2023-01-31,DFS,Equities,9186.4321,114.3800,1050744.1044,33897.9063
rpt-Catalysm,2023-01-31,DHI,Equities,3949.5972,98.0200,387139.5152,9289.9701
rpt-Catalysm,2023-01-31,EA,Equities,737.9846,128.2700,94661.2886,-79.5386
rpt-Catalysm,2023-01-31,EPAM,Equities,2072.8926,332.6500,689547.7336,2477.1782
rpt-Catalysm,2023-01-31,ETR,Equities,9178.7786,106.1100,973960.1985,-167.7361
rpt-Catalysm,2023-01-31,ETSY,Equities,227.3469,137.5800,31278.3820,754.4764
rpt-Catalysm,2023-01-31,FE,Equities,692.7233,39.7200,27514.9708,101.2309
rpt-Catalysm,2023-01-31,FITB,Equities,9067.2253,35.4000,320979.7761,-2417.6248
rpt-Catalysm,2023-01-31,GOOG,Equities,1753.8056,99.8700,175152.5618,2583.9390
rpt-Catalysm,2023-01-31,HUM,Equities,1504.9357,509.7500,767140.9756,165.3583
rpt-Catalysm,2023-01-31,IDXX,Equities,2356.6332,480.5000,1132362.2299,-33996.7191
rpt-Catalysm,2023-01-31,IEX,Equities,5699.1362,238.2300,1357705.2202,3916.5191
rpt-Catalysm,2023-01-31,IT,Equities,5291.2561,338.1400,1789185.3499,-1783.8025
rpt-Catalysm,2023-01-31,KMB,Equities,8335.0694,127.6500,1063971.6111,-2730.4901
rpt-Catalysm,2023-01-31,KR,Equities,3794.1708,43.8800,166488.2166,-29.0895
rpt-Catalysm,2023-01-31,LMT,Equities,9542.8185,457.2800,4363740.0314,-26717.0266
rpt-Catalysm,2023-01-31,MA,Equities,1642.1571,369.4900,606760.6237,7490.8123
rpt-Catalysm,2023-01-31,META,Equities,3301.3869,148.9700,491807.6003,-2587.7155
rpt-Catalysm,2023-01-31,MKTX,Equities,9658.3790,361.2600,3489186.0066,-52362.7782
rpt-Catalysm,2023-01-31,MNST,Equities,6721.6786,52.0400,349796.1528,-806.1506
rpt-Catalysm,2023-01-31,MO,Equities,191.1076,43.2000,8255.8498,-24.3231
rpt-Catalysm,2023-01-31,MOS,Equities,8456.3898,48.8000,412671.8214,4931.3922
rpt-Catalysm,2023-01-31,NEM,Equities,5292.2145,51.9100,274718.8528,8021.8944
rpt-Catalysm,2023-01-31,NSC,Equities,925.9285,241.4300,223546.9108,96.4892
rpt-Catalysm,2023-01-31,NVR,Equities,1989.4032,5270.0000,10484155.0837,-177582.5874
rpt-Catalysm,2023-01-31,ODFL,Equities,2952.2733,332.4300,981424.2070,18727.3372
rpt-Catalysm,2023-01-31,ORCL,Equities,8114.3422,87.7700,712195.8177,-13230.9891
rpt-Catalysm,2023-01-31,PSA,Equities,1886.5930,298.0500,562299.0569,-1238.7831
rpt-Catalysm,2023-01-31,PWR,Equities,616.6479,152.0500,93761.3066,528.1633
rpt-Catalysm,2023-01-31,PXD,Equities,384.4601,220.5900,84808.0580,22.8305
rpt-Catalysm,2023-01-31,QCOM,Equities,2697.7191,131.4900,354723.0836,3541.6469
rpt-Catalysm,2023-01-31,REGN,Equities,3253.9989,758.4700,2468060.5155,10333.1278
rpt-Catalysm,2023-01-31,RTX,Equities,8970.6311,98.0100,879211.5561,-393.6758
rpt-Catalysm,2023-01-31,SBAC,Equities,2743.3447,294.2500,807229.1742,-2731.6979
rpt-Catalysm,2023-01-31,SPGI,Equities,8531.3494,372.1500,3174941.6782,-14228.0176
rpt-Catalysm,2023-01-31,SRE,Equities,5217.5043,77.5800,404773.9818,-720.4525
rpt-Catalysm,2023-01-31,TEL,Equities,8515.3827,125.4300,1068084.4567,24152.3424
rpt-Catalysm,2023-01-31,TGT,Equities,2588.3286,168.4700,436055.7187,-7474.2752
rpt-Catalysm,2023-01-31,TJX,Equities,1677.5988,80.9000,135717.7438,540.4155
rpt-Catalysm,2023-01-31,UDR,Equities,3553.8209,41.7400,148336.4848,2672.1347
rpt-Catalysm,2023-01-31,USB,Equities,8012.9334,48.4100,387906.1071,-2370.8768
rpt-Catalysm,2023-01-31,WMT,Equities,4815.5973,142.2300,684922.4095,1105.0718
rpt-Catalysm,2023-01-31,WYNN,Equities,1887.9190,103.1300,194701.0813,4750.4632
rpt-Catalysm,2023-01-31,ZTS,Equities,2478.5640,164.7700,408392.9836,526.7915
rpt-Catalysm,2023-02-28,ACGL,Equities,7820.5196,70.0000,547436.3703,1203.4399
rpt-Catalysm,2023-02-28,ACN,Equities,2965.2238,263.5500,781484.7417,9307.5162
rpt-Catalysm,2023-02-28,ADSK,Equities,6805.6373,198.6900,1352212.0707,17477.7000
rpt-Catalysm,2023-02-28,ALGN,Equities,3019.6188,309.5000,934572.0140,-2466.8835
rpt-Catalysm,2023-02-28,ANET,Equities,6877.3478,138.7000,953888.1354,-14929.4020
rpt-Catalysm,2023-02-28,APH,Equities,764.5093,77.1100,58951.3127,-61.7163
rpt-Catalysm,2023-02-28,ATO,Equities,1216.3543,111.3800,135477.5436,132.6706
rpt-Catalysm,2023-02-28,BA,Equities,5911.6848,201.5500,1191500.0700,14862.2042
rpt-Catalysm,2023-02-28,BG,Equities,9069.4899,94.2700,854980.8088,-182.3645
rpt-Catalysm,2023-02-28,BR,Equities,4574.3744,139.3900,637622.0489,8015.9571
rpt-Catalysm,2023-02-28,CHD,Equities,7252.4018,83.3100,604197.5969,2217.2503
rpt-Catalysm,2023-02-28,COF,Equities,8319.9134,107.7600,896553.8677,13207.6794
rpt-Catalysm,2023-02-28,DAL,Equities,5388.0866,38.2600,206148.1945,-191.0866
rpt-Catalysm,2023-02-28,DD,Equities,9558.7786,72.3100,691195.2784,-1025.0539
rpt-Catalysm,2023-02-28,DFS,Equities,9640.7320,110.3600,1063951.1845,9131.4280
rpt-Catalysm,2023-02-28,DHI,Equities,3946.3677,92.0800,363381.5418,-95.9142
rpt-Catalysm,2023-02-28,EA,Equities,721.5224,110.7700,79923.0359,-1440.4455
rpt-Catalysm,2023-02-28,EPAM,Equities,2196.6219,307.6500,675790.7407,15466.1640
rpt-Catalysm,2023-02-28,ETR,Equities,9065.0592,101.8400,923185.6321,-2427.9088
rpt-Catalysm,2023-02-28,ETSY,Equities,224.3373,121.4100,27236.7946,-243.3216
rpt-Catalysm,2023-02-28,FE,Equities,681.2136,38.7300,26383.4009,-56.9734
rpt-Catalysm,2023-02-28,FITB,Equities,9062.6962,35.4100,320910.0735,0.2265
rpt-Catalysm,2023-02-28,GOOG,Equities,1857.9581,90.3000,167773.6144,4983.6977
rpt-Catalysm,2023-02-28,HUM,Equities,1475.1028,493.1400,727432.2087,-2477.6204
rpt-Catalysm,2023-02-28,IDXX,Equities,2338.0245,473.2400,1106446.7271,-675.4931
rpt-Catalysm,2023-02-28,IEX,Equities,5593.5757,223.6200,1250835.4085,-7711.1921
rpt-Catalysm,2023-02-28,IT,Equities,5232.1417,327.8100,1715148.3870,-3053.2581
rpt-Catalysm,2023-02-28,KMB,Equities,8313.9829,122.7800,1020790.8233,-513.4561
rpt-Catalysm,2023-02-28,KR,Equities,3825.2246,42.6600,163184.0816,189.4279
rpt-Catalysm,2023-02-28,LMT,Equities,9656.4689,471.0800,4548969.3851,-7841.8818
rpt-Catalysm,2023-02-28,MA,Equities,1708.9414,354.2200,605341.2165,5098.9806
rpt-Catalysm,2023-02-28,META,Equities,3261.5506,174.9400,570575.6645,5172.7363
rpt-Catalysm,2023-02-28,MKTX,Equities,9282.0909,339.7200,3153311.9364,-40526.2260
rpt-Catalysm,2023-02-28,MNST,Equities,6504.8930,50.8800,330968.9559,-1257.3563
rpt-Catalysm,2023-02-28,MO,Equities,195.5973,44.5300,8709.9493,-29.8565
rpt-Catalysm,2023-02-28,MOS,Equities,8471.9856,52.4000,443932.0445,-280.7244
rpt-Catalysm,2023-02-28,NEM,Equities,5308.5585,42.7700,227047.0491,746.9246
rpt-Catalysm,2023-02-28,NSC,Equities,895.1438,222.0200,198739.8333,-2987.6494
rpt-Catalysm,2023-02-28,NVR,Equities,1932.4746,5173.6200,9997889.3969,-27433.8978
rpt-Catalysm,2023-02-28,ODFL,Equities,2931.5970,338.8300,993313.0219,661.6400
rpt-Catalysm,2023-02-28,ORCL,Equities,8085.8681,86.7200,701206.4799,-149.4893
rpt-Catalysm,2023-02-28,PSA,Equities,1820.6128,292.7700,533020.8182,-1741.8777
rpt-Catalysm,2023-02-28,PWR,Equities,630.0546,161.2500,101596.3043,-616.7102
rpt-Catalysm,2023-02-28,PXD,Equities,393.4395,191.9200,75508.9128,1287.1971
rpt-Catalysm,2023-02-28,QCOM,Equities,2688.4148,121.9300,327798.4141,-444.7462
rpt-Catalysm,2023-02-28,REGN,Equities,3200.7132,760.4200,2433886.3371,519.5351
rpt-Catalysm,2023-02-28,RTX,Equities,9024.1925,96.8200,873722.3137,318.6900
rpt-Catalysm,2023-02-28,SBAC,Equities,2773.7519,256.4900,711439.6259,5740.8825
rpt-Catalysm,2023-02-28,SPGI,Equities,8383.7275,339.5500,2846694.6822,-24062.3646
rpt-Catalysm,2023-02-28,SRE,Equities,5308.8736,72.5600,385211.8695,2293.3704
rpt-Catalysm,2023-02-28,TEL,Equities,8955.4587,126.1300,1129552.0046,-1540.2658
rpt-Catalysm,2023-02-28,TGT,Equities,2646.9244,165.9400,439230.6410,741.2374
rpt-Catalysm,2023-02-28,TJX,Equities,1696.7129,75.9800,128916.2429,470.2055
rpt-Catalysm,2023-02-28,UDR,Equities,3660.3200,41.9900,153696.8374,-133.1239
rpt-Catalysm,2023-02-28,USB,Equities,8037.3511,46.4000,372933.0907,245.3976
rpt-Catalysm,2023-02-28,WMT,Equities,4779.6600,140.5100,671590.0330,-309.0607
rpt-Catalysm,2023-02-28,WYNN,Equities,1866.5994,107.8400,201294.0834,502.0745
rpt-Catalysm,2023-02-28,ZTS,Equities,2423.4404,166.2800,402969.6726,416.1827
rpt-Catalysm,2023-03-31,ACGL,Equities,7602.0996,67.8700,515954.4997,-2326.1728
rpt-Catalysm,2023-03-31,ACN,Equities,2811.5763,283.6600,797531.7378,15449.2581
rpt-Catalysm,2023-03-31,ADSK,Equities,6559.9246,208.1600,1365513.9147,11634.4930
rpt-Catalysm,2023-03-31,ALGN,Equities,3042.0673,334.1400,1016476.3631,-2765.6553
rpt-Catalysm,2023-03-31,ANET,Equities,6635.8131,167.8600,1113887.5792,35215.7613
rpt-Catalysm,2023-03-31,APH,Equities,758.6215,81.5100,61835.2384,129.5318
rpt-Catalysm,2023-03-31,ATO,Equities,1191.5428,110.9400,132189.7597,-54.5853
rpt-Catalysm,2023-03-31,BA,Equities,5577.4187,212.4300,1184811.0616,18184.0736
rpt-Catalysm,2023-03-31,BG,Equities,8637.9470,94.2900,814472.0187,43.1543
rpt-Catalysm,2023-03-31,BR,Equities,4454.8066,145.9000,649956.2834,3891.9321
rpt-Catalysm,2023-03-31,CHD,Equities,7151.8562,87.9100,628719.6767,2312.5501
rpt-Catalysm,2023-03-31,COF,Equities,8358.9817,94.9900,794019.6684,2494.5090
rpt-Catalysm,2023-03-31,DAL,Equities,5470.4700,34.8500,190645.8796,1404.6365
rpt-Catalysm,2023-03-31,DD,Equities,9757.2542,71.0600,693350.4814,1240.4725
rpt-Catalysm,2023-03-31,DFS,Equities,9259.6457,97.3900,901796.8974,-24713.4453
rpt-Catalysm,2023-03-31,DHI,Equities,4054.5538,97.2700,394386.4447,-2807.4273
rpt-Catalysm,2023-03-31,EA,Equities,730.5477,120.2700,87862.9772,-428.7040
rpt-Catalysm,2023-03-31,EPAM,Equities,2149.9035,299.0000,642821.1349,-2020.5743
rpt-Catalysm,2023-03-31,ETR,Equities,9171.5583,106.6600,978238.4119,-2566.6284
rpt-Catalysm,2023-03-31,ETSY,Equities,230.7470,111.3300,25689.0593,323.0457
rpt-Catalysm,2023-03-31,FE,Equities,708.7819,39.2400,27812.6013,-70.2993
rpt-Catalysm,2023-03-31,FITB,Equities,8808.1617,26.3100,231742.7352,-11581.3196
rpt-Catalysm,2023-03-31,GOOG,Equities,1804.1670,104.0000,187633.3686,3684.6885
rpt-Catalysm,2023-03-31,HUM,Equities,1481.4534,484.4900,717749.3535,274.6618
rpt-Catalysm,2023-03-31,IDXX,Equities,2347.6734,500.0800,1174024.5359,-1294.8847
rpt-Catalysm,2023-03-31,IEX,Equities,5698.0072,229.6400,1308490.3791,-3143.3875
rpt-Catalysm,2023-03-31,IT,Equities,5305.7755,325.7700,1728462.4714,751.0638
rpt-Catalysm,2023-03-31,KMB,Equities,8250.7234,133.0500,1097758.7538,3248.3744
rpt-Catalysm,2023-03-31,KR,Equities,3695.3974,48.8200,180409.3029,3998.6767
rpt-Catalysm,2023-03-31,LMT,Equities,9274.4506,469.5600,4354911.0142,-2903.3395
rpt-Catalysm,2023-03-31,MA,Equities,1695.2163,362.3200,614210.7662,555.8662
rpt-Catalysm,2023-03-31,META,Equities,3311.7644,211.9400,701895.3400,-9289.5442
rpt-Catalysm,2023-03-31,MKTX,Equities,9815.0066,389.3100,3821080.2000,-132136.4238
rpt-Catalysm,2023-03-31,MNST,Equities,6451.8568,54.0100,348464.7845,830.0169
rpt-Catalysm,2023-03-31,MO,Equities,201.7608,43.7000,8816.9482,25.5785
rpt-Catalysm,2023-03-31,MOS,Equities,8629.6765,45.6000,393513.2465,5361.4898
rpt-Catalysm,2023-03-31,NEM,Equities,5553.1750,48.5300,269495.5832,-7044.9541
rpt-Catalysm,2023-03-31,NSC,Equities,923.1716,209.3600,193275.2141,1774.1602
rpt-Catalysm,2023-03-31,NVR,Equities,1981.2706,5572.1900,11040016.1294,-97243.0141
rpt-Catalysm,2023-03-31,ODFL,Equities,2977.6755,340.4100,1013630.5282,-364.0202
rpt-Catalysm,2023-03-31,ORCL,Equities,8036.0383,92.2000,740922.7327,1365.3356
rpt-Catalysm,2023-03-31,PSA,Equities,1866.0087,298.9900,557917.9376,-1411.8112
rpt-Catalysm,2023-03-31,PWR,Equities,612.2829,166.4900,101938.9750,465.6193
rpt-Catalysm,2023-03-31,PXD,Equities,385.2478,200.9300,77407.8379,369.0376
rpt-Catalysm,2023-03-31,QCOM,Equities,2651.4634,126.7000,335940.4084,881.2912
rpt-Catalysm,2023-03-31,REGN,Equities,3186.4171,821.6700,2618183.3029,4378.1962
rpt-Catalysm,2023-03-31,RTX,Equities,9059.9000,96.6600,875729.9354,28.5660
rpt-Catalysm,2023-03-31,SBAC,Equities,2850.4674,259.0700,738470.5789,-989.6294
rpt-Catalysm,2023-03-31,SPGI,Equities,8487.8308,343.1000,2912174.7514,-1847.8333
rpt-Catalysm,2023-03-31,SRE,Equities,5164.9932,74.3400,383965.5917,1280.5360
rpt-Catalysm,2023-03-31,TEL,Equities,8606.7028,129.9200,1118182.8337,6608.9233
rpt-Catalysm,2023-03-31,TGT,Equities,2550.9932,163.1200,416118.0100,-1352.6305
rpt-Catalysm,2023-03-31,TJX,Equities,1738.0128,77.7300,135095.7387,-361.3749
rpt-Catalysm,2023-03-31,UDR,Equities,3622.4136,40.2400,145765.9214,-331.6815
rpt-Catalysm,2023-03-31,USB,Equities,7663.2094,35.5100,272120.5660,-20372.0148
rpt-Catalysm,2023-03-31,WMT,Equities,4840.7042,146.3700,708533.8760,-1788.5942
rpt-Catalysm,2023-03-31,WYNN,Equities,1893.6295,111.3600,210874.5849,-475.7297
rpt-Catalysm,2023-03-31,ZTS,Equities,2445.3901,165.7200,405250.0413,61.4590
rpt-Catalysm,2023-04-30,ACGL,Equities,7513.8022,75.0700,564061.1281,3178.7078
rpt-Catalysm,2023-04-30,ACN,Equities,2834.9700,279.2800,791750.4264,512.3221
rpt-Catalysm,2023-04-30,ADSK,Equities,6817.0191,194.7900,1327887.1430,17186.7616
rpt-Catalysm,2023-04-30,ALGN,Equities,2946.0704,325.3000,958356.7032,-4243.0621
rpt-Catalysm,2023-04-30,ANET,Equities,6906.2781,160.1600,1106109.5020,10412.9047
rpt-Catalysm,2023-04-30,APH,Equities,738.7690,75.2800,55614.5315,-618.4048
rpt-Catalysm,2023-04-30,ATO,Equities,1166.4950,112.6900,131452.3229,219.1683
rpt-Catalysm,2023-04-30,BA,Equities,5712.9630,206.7800,1181326.4987,3829.1268
rpt-Catalysm,2023-04-30,BG,Equities,8725.6733,92.3900,806164.9597,833.4006
rpt-Catalysm,2023-04-30,BR,Equities,4509.6085,144.7400,652720.7364,317.8511
rpt-Catalysm,2023-04-30,CHD,Equities,7312.8749,96.5700,706204.3336,-6972.1126
rpt-Catalysm,2023-04-30,COF,Equities,7952.8345,96.1200,764426.4478,2294.7317
rpt-Catalysm,2023-04-30,DAL,Equities,5211.5508,34.2400,178443.5004,-789.7035
rpt-Catalysm,2023-04-30,DD,Equities,9765.9677,69.0300,674144.7526,88.4427
rpt-Catalysm,2023-04-30,DFS,Equities,9514.0161,101.9500,969953.9442,-5799.6451
rpt-Catalysm,2023-04-30,DHI,Equities,4042.4434,109.3400,442000.7602,730.8612
rpt-Catalysm,2023-04-30,EA,Equities,706.2154,127.0900,89752.9161,829.7327
rpt-Catalysm,2023-04-30,EPAM,Equities,2145.8503,282.4400,606073.9474,-335.6051
rpt-Catalysm,2023-04-30,ETR,Equities,9211.2699,106.5000,981000.2405,31.7692
rpt-Catalysm,2023-04-30,ETSY,Equities,225.6698,101.0300,22799.4193,-261.4742
rpt-Catalysm,2023-04-30,FE,Equities,693.4815,38.9900,27038.8422,-19.1255
rpt-Catalysm,2023-04-30,FITB,Equities,8850.7351,25.8700,228968.5175,93.6614
rpt-Catalysm,2023-04-30,GOOG,Equities,1850.0158,108.2200,200208.7068,-967.4090
rpt-Catalysm,2023-04-30,HUM,Equities,1499.3236,529.4300,793786.8827,-4015.4313
rpt-Catalysm,2023-04-30,IDXX,Equities,2357.7818,492.1600,1160405.9072,400.2922
rpt-Catalysm,2023-04-30,IEX,Equities,5556.8836,205.0800,1139605.6899,-17329.9804
rpt-Catalysm,2023-04-30,IT,Equities,5298.5158,302.4600,1602589.0882,-846.1135
rpt-Catalysm,2023-04-30,KMB,Equities,8260.0015,143.6200,1186301.4151,-490.3453
rpt-Catalysm,2023-04-30,KR,Equities,3693.1526,48.0900,177603.7079,-8.1937
rpt-Catalysm,2023-04-30,LMT,Equities,9413.8873,461.3400,4343002.7572,5730.8483
rpt-Catalysm,2023-04-30,MA,Equities,1667.2640,379.4800,632693.3304,2398.3093
rpt-Catalysm,2023-04-30,META,Equities,3250.1688,240.3200,781080.5734,8740.4066
rpt-Catalysm,2023-04-30,MKTX,Equities,9405.2919,316.7600,2979220.2514,-148624.0017
rpt-Catalysm,2023-04-30,MNST,Equities,6724.9933,56.0000,376599.6267,-2717.7088
rpt-Catalysm,2023-04-30,MO,Equities,198.4920,46.5300,9235.8333,46.2538
rpt-Catalysm,2023-04-30,MOS,Equities,8784.7680,42.5900,374143.2705,2334.1282
rpt-Catalysm,2023-04-30,NEM,Equities,5531.3829,46.9300,259587.7993,-174.3369
rpt-Catalysm,2023-04-30,NSC,Equities,903.2305,200.5000,181097.7237,-883.3905
rpt-Catalysm,2023-04-30,NVR,Equities,1955.9044,5840.0000,11422481.8885,33966.5431
rpt-Catalysm,2023-04-30,ODFL,Equities,3040.5904,319.9800,972928.1198,6426.7548
rpt-Catalysm,2023-04-30,ORCL,Equities,7775.8162,94.3900,733959.2919,2849.4321
rpt-Catalysm,2023-04-30,PSA,Equities,1878.3225,291.7600,548019.3855,445.1459
rpt-Catalysm,2023-04-30,PWR,Equities,635.6667,169.5700,107790.0066,-360.1114
rpt-Catalysm,2023-04-30,PXD,Equities,400.9617,214.0300,85817.8408,-1029.2638
rpt-Catalysm,2023-04-30,QCOM,Equities,2701.9725,115.9900,313401.7895,2704.7638
rpt-Catalysm,2023-04-30,REGN,Equities,3241.0024,801.7900,2598603.2818,5425.7791
rpt-Catalysm,2023-04-30,RTX,Equities,8741.2101,98.6000,861883.3123,3091.2925
rpt-Catalysm,2023-04-30,SBAC,Equities,2784.6316,258.8900,720913.2621,-59.2522
rpt-Catalysm,2023-04-30,SPGI,Equities,8624.3597,360.8200,3111841.4697,-12096.4602
rpt-Catalysm,2023-04-30,SRE,Equities,5383.4394,76.4700,411671.6107,-2326.4524
rpt-Catalysm,2023-04-30,TEL,Equities,8437.9781,121.2200,1022851.7020,-7339.5276
rpt-Catalysm,2023-04-30,TGT,Equities,2568.3645,155.3600,399021.1131,674.0077
rpt-Catalysm,2023-04-30,TJX,Equities,1718.8988,78.1900,134400.6974,43.9623
rpt-Catalysm,2023-04-30,UDR,Equities,3693.5333,40.9300,151176.3177,-245.3631
rpt-Catalysm,2023-04-30,USB,Equities,8010.5704,33.7700,270516.9633,3022.0409
rpt-Catalysm,2023-04-30,WMT,Equities,5045.9899,149.8700,756242.4990,-3592.4986
rpt-Catalysm,2023-04-30,WYNN,Equities,1887.9190,113.7200,214694.1430,67.3849
rpt-Catalysm,2023-04-30,ZTS,Equities,2553.3923,175.3900,447839.4749,-5221.9080
rpt-Catalysm,2023-05-31,ACGL,Equities,7873.1882,69.7000,548761.2192,9649.5158
rpt-Catalysm,2023-05-31,ACN,Equities,2959.1588,304.8100,901981.1943,-15852.6983
rpt-Catalysm,2023-05-31,ADSK,Equities,6592.0614,199.3900,1314391.1325,5174.0251
rpt-Catalysm,2023-05-31,ALGN,Equities,2958.4762,282.6600,836242.8705,2644.9060
rpt-Catalysm,2023-05-31,ANET,Equities,6762.2992,166.3400,1124840.8488,4448.9483
rpt-Catalysm,2023-05-31,APH,Equities,742.6187,75.2600,55889.4861,0.3850
rpt-Catalysm,2023-05-31,ATO,Equities,1201.1130,114.5500,137587.4900,-321.9470
rpt-Catalysm,2023-05-31,BA,Equities,5579.7161,205.7000,1147747.6007,-719.5335
rpt-Catalysm,2023-05-31,BG,Equities,8942.7740,92.0900,823540.0553,325.6510
rpt-Catalysm,2023-05-31,BR,Equities,4419.0268,146.0500,645398.8704,593.3099
rpt-Catalysm,2023-05-31,CHD,Equities,7334.0041,92.1900,676121.8385,462.7286
rpt-Catalysm,2023-05-31,COF,Equities,8159.5707,103.6600,845821.0999,-7793.9568
rpt-Catalysm,2023-05-31,DAL,Equities,5261.8368,36.2500,190741.5834,-505.3739
rpt-Catalysm,2023-05-31,DD,Equities,9549.0968,66.8800,638643.5962,-2331.3622
rpt-Catalysm,2023-05-31,DFS,Equities,9249.3207,101.9300,942783.2620,-26.4695
rpt-Catalysm,2023-05-31,DHI,Equities,4003.2865,106.6200,426830.4075,-532.5336
rpt-Catalysm,2023-05-31,EA,Equities,709.5367,128.0000,90820.7021,-15.1120
rpt-Catalysm,2023-05-31,EPAM,Equities,2140.9438,256.6200,549408.9858,-633.4301
rpt-Catalysm,2023-05-31,ETR,Equities,9241.0535,98.2000,907471.4548,1236.0214
rpt-Catalysm,2023-05-31,ETSY,Equities,235.4795,81.0500,19085.6156,979.9923
rpt-Catalysm,2023-05-31,FE,Equities,703.4750,37.0000,26028.5744,99.4355
rpt-Catalysm,2023-05-31,FITB,Equities,8857.0758,23.9700,212304.1078,60.2368
rpt-Catalysm,2023-05-31,GOOG,Equities,1833.5896,123.3700,226209.9538,1244.2796
rpt-Catalysm,2023-05-31,HUM,Equities,1489.8716,500.8700,746231.9778,-1349.7457
rpt-Catalysm,2023-05-31,IDXX,Equities,2317.3483,464.7700,1077033.9581,-5537.3757
rpt-Catalysm,2023-05-31,IEX,Equities,5745.9893,197.9600,1137476.0329,6732.1611
rpt-Catalysm,2023-05-31,IT,Equities,5162.6564,342.8600,1770068.3796,27443.5946
rpt-Catalysm,2023-05-31,KMB,Equities,8656.4276,133.1100,1152257.0763,20832.1911
rpt-Catalysm,2023-05-31,KR,Equities,3834.5781,45.0600,172786.0912,2142.5972
rpt-Catalysm,2023-05-31,LMT,Equities,9772.9845,444.0100,4339302.8617,31115.7769
rpt-Catalysm,2023-05-31,MA,Equities,1647.5132,364.4900,600502.0954,-1480.3182
rpt-Catalysm,2023-05-31,META,Equities,3387.4198,264.7200,896717.7575,-16744.6127
rpt-Catalysm,2023-05-31,MKTX,Equities,9478.8304,271.6800,2575208.6428,16575.5854
rpt-Catalysm,2023-05-31,MNST,Equities,6735.6006,58.6200,394840.9060,-138.9549
rpt-Catalysm,2023-05-31,MO,Equities,194.3765,43.5100,8457.3194,-62.1449
rpt-Catalysm,2023-05-31,MOS,Equities,8693.7925,31.9600,277853.6092,-4835.3481
rpt-Catalysm,2023-05-31,NEM,Equities,5361.4044,40.5500,217404.9493,-5422.3134
rpt-Catalysm,2023-05-31,NSC,Equities,942.9289,206.9600,195148.5743,-1282.2584
rpt-Catalysm,2023-05-31,NVR,Equities,1970.0398,5554.2200,10942034.2826,20197.9809
rpt-Catalysm,2023-05-31,ODFL,Equities,2962.3160,310.0400,918436.4626,-3890.2366
rpt-Catalysm,2023-05-31,ORCL,Equities,7710.9584,105.5700,814045.8803,3625.5504
rpt-Catalysm,2023-05-31,PSA,Equities,1826.4941,280.3500,512057.6138,-2956.8142
rpt-Catalysm,2023-05-31,PWR,Equities,613.2806,177.5100,108863.4360,888.7299
rpt-Catalysm,2023-05-31,PXD,Equities,382.0184,199.4400,76189.7404,-1381.9199
rpt-Catalysm,2023-05-31,QCOM,Equities,2669.0086,113.4100,302692.2700,-425.2337
rpt-Catalysm,2023-05-31,REGN,Equities,3225.7315,735.5600,2372719.0409,-5056.9547
rpt-Catalysm,2023-05-31,RTX,Equities,9158.0958,91.5000,837965.7654,14799.4435
rpt-Catalysm,2023-05-31,SBAC,Equities,2731.6281,220.9200,603471.2898,-10062.6966
rpt-Catalysm,2023-05-31,SPGI,Equities,8556.0953,366.5800,3136493.4003,1966.0161
rpt-Catalysm,2023-05-31,SRE,Equities,5345.6314,70.5900,377348.1202,-1111.5553
rpt-Catalysm,2023-05-31,TEL,Equities,8555.3896,121.9200,1043073.1051,-410.9405
rpt-Catalysm,2023-05-31,TGT,Equities,2665.3329,129.8200,346013.5124,12382.8565
rpt-Catalysm,2023-05-31,TJX,Equities,1689.8864,76.5000,129276.3105,-245.1547
rpt-Catalysm,2023-05-31,UDR,Equities,3539.7414,39.2900,139076.4384,-1261.0938
rpt-Catalysm,2023-05-31,USB,Equities,7760.8801,29.4600,228635.5271,-5380.8270
rpt-Catalysm,2023-05-31,WMT,Equities,5066.6661,146.3500,741506.5841,363.9020
rpt-Catalysm,2023-05-31,WYNN,Equities,1944.0730,98.4400,191374.5483,4290.1711
rpt-Catalysm,2023-05-31,ZTS,Equities,2498.2688,162.6500,406343.4130,-3511.3696
rpt-Catalysm,2023-06-30,ACGL,Equities,7657.8664,74.8500,573191.3001,5544.5369
rpt-Catalysm,2023-06-30,ACN,Equities,2891.5770,307.4600,889044.2638,895.4589
rpt-Catalysm,2023-06-30,ADSK,Equities,6711.2354,204.6100,1373185.8799,-3110.4407
rpt-Catalysm,2023-06-30,ALGN,Equities,2902.0595,353.6400,1026284.3318,20022.2613
rpt-Catalysm,2023-06-30,ANET,Equities,6697.0377,162.0600,1085321.9346,-1396.5954
rpt-Catalysm,2023-06-30,APH,Equities,762.5467,84.9500,64778.3425,-965.5100
rpt-Catalysm,2023-06-30,ATO,Equities,1216.3543,115.6000,140610.5588,-80.0171
rpt-Catalysm,2023-06-30,BA,Equities,5795.0937,211.1600,1223691.9879,-5879.8089
rpt-Catalysm,2023-06-30,BG,Equities,8754.9155,93.7900,821123.5214,1596.7973
rpt-Catalysm,2023-06-30,BR,Equities,4595.6611,165.6300,761179.3484,-17292.4940
rpt-Catalysm,2023-06-30,CHD,Equities,7255.3162,99.9500,725168.8544,3053.0907
rpt-Catalysm,2023-06-30,COF,Equities,8123.7581,108.7900,883783.6471,918.5927
rpt-Catalysm,2023-06-30,DAL,Equities,5465.1204,47.4400,259265.3134,-11373.7202
rpt-Catalysm,2023-06-30,DD,Equities,9699.1638,71.1100,689707.5343,-3173.9153
rpt-Catalysm,2023-06-30,DFS,Equities,9292.4980,115.9300,1077279.2923,-3022.4084
rpt-Catalysm,2023-06-30,DHI,Equities,4088.4628,121.4400,496502.9245,-6311.5645
rpt-Catalysm,2023-06-30,EA,Equities,707.3707,129.7000,91745.9735,18.4117
rpt-Catalysm,2023-06-30,EPAM,Equities,2144.5703,224.7500,481992.1752,577.8906
rpt-Catalysm,2023-06-30,ETR,Equities,9176.9735,97.3700,893561.9138,-265.9319
rpt-Catalysm,2023-06-30,ETSY,Equities,232.6078,84.6100,19680.9481,51.1163
rpt-Catalysm,2023-06-30,FE,Equities,676.1823,38.4700,26012.7343,200.6010
rpt-Catalysm,2023-06-30,FITB,Equities,9089.8707,26.2100,238245.5119,-2607.3028
rpt-Catalysm,2023-06-30,GOOG,Equities,1803.8060,120.9700,218206.4108,-357.4038
rpt-Catalysm,2023-06-30,HUM,Equities,1479.5335,447.1300,661543.7931,-2777.8543
rpt-Catalysm,2023-06-30,IDXX,Equities,2255.0898,502.2300,1132573.7434,11661.0151
rpt-Catalysm,2023-06-30,IEX,Equities,5481.2413,214.6200,1176384.0178,22053.5008
rpt-Catalysm,2023-06-30,IT,Equities,5338.9625,350.3100,1870291.9475,-6567.4009
rpt-Catalysm,2023-06-30,KMB,Equities,8561.9601,138.0600,1182064.2107,2338.0705
rpt-Catalysm,2023-06-30,KR,Equities,3666.9627,46.7200,171320.4959,1391.2084
rpt-Catalysm,2023-06-30,LMT,Equities,9692.7607,460.3800,4462353.1604,6566.3225
rpt-Catalysm,2023-06-30,MA,Equities,1666.0923,392.7300,654324.4342,-2623.3673
rpt-Catalysm,2023-06-30,META,Equities,3429.9341,286.9800,984322.4781,-4731.8428
rpt-Catalysm,2023-06-30,MKTX,Equities,9649.7836,260.7200,2515891.5833,9368.2361
rpt-Catalysm,2023-06-30,MNST,Equities,6822.4474,57.4400,391881.3785,512.3962
rpt-Catalysm,2023-06-30,MO,Equities,195.3413,45.3000,8848.9629,-8.6358
rpt-Catalysm,2023-06-30,MOS,Equities,8832.4219,35.0000,309134.7654,-2107.1660
rpt-Catalysm,2023-06-30,NEM,Equities,5384.2861,42.6600,229693.6467,-241.4021
rpt-Catalysm,2023-06-30,NSC,Equities,925.8366,225.4300,208711.3395,1578.4801
rpt-Catalysm,2023-06-30,NVR,Equities,1904.0103,6350.6200,12091646.0479,262929.2451
rpt-Catalysm,2023-06-30,ODFL,Equities,3030.8430,369.7500,1120654.2125,-20458.7369
rpt-Catalysm,2023-06-30,ORCL,Equities,8076.3767,118.6700,958423.6226,-23934.8972
rpt-Catalysm,2023-06-30,PSA,Equities,1803.7043,291.8800,526465.1969,1313.8333
rpt-Catalysm,2023-06-30,PWR,Equities,609.6639,196.4500,119768.4689,342.5018
rpt-Catalysm,2023-06-30,PXD,Equities,397.0628,207.1800,82263.4684,-582.2196
rpt-Catalysm,2023-06-30,QCOM,Equities,2715.5302,119.0400,323256.7158,-1309.5821
rpt-Catalysm,2023-06-30,REGN,Equities,3184.1427,718.5400,2287933.8734,-3539.2071
rpt-Catalysm,2023-06-30,RTX,Equities,9168.8081,97.2800,891941.6485,-309.5845
rpt-Catalysm,2023-06-30,SBAC,Equities,2845.1670,230.8600,656835.2580,-5642.8820
rpt-Catalysm,2023-06-30,SPGI,Equities,8555.2420,399.9600,3421754.5719,142.4167
rpt-Catalysm,2023-06-30,SRE,Equities,5119.8336,71.6000,366580.0861,1140.2788
rpt-Catalysm,2023-06-30,TEL,Equities,8894.5786,139.5200,1240971.6088,-29848.6299
rpt-Catalysm,2023-06-30,TGT,Equities,2669.2220,130.7800,349080.8490,-18.6677
rpt-Catalysm,2023-06-30,TJX,Equities,1711.9017,84.4600,144587.2173,-876.2083
rpt-Catalysm,2023-06-30,UDR,Equities,3689.5621,42.5400,156953.9734,-2434.5875
rpt-Catalysm,2023-06-30,USB,Equities,8049.9538,33.0400,265970.4722,-5174.4189
rpt-Catalysm,2023-06-30,WMT,Equities,4872.7032,156.6200,763162.7713,9959.9963
rpt-Catalysm,2023-06-30,WYNN,Equities,1950.7354,105.3300,205470.9565,-229.5179
rpt-Catalysm,2023-06-30,ZTS,Equities,2426.1841,171.8300,416891.2179,3308.6846
rpt-Catalysm,2023-07-31,ACGL,Equities,7695.8188,77.6900,597888.1632,-538.9242
rpt-Catalysm,2023-07-31,ACN,Equities,2942.1189,316.3500,930739.3283,-2246.5895
rpt-Catalysm,2023-07-31,ADSK,Equities,6594.7395,211.9900,1398018.8301,4298.6989
rpt-Catalysm,2023-07-31,ALGN,Equities,3017.8465,377.8900,1140414.0272,-14039.1745
rpt-Catalysm,2023-07-31,ANET,Equities,6762.9720,155.0900,1048869.3271,2297.8092
rpt-Catalysm,2023-07-31,APH,Equities,773.4165,88.3100,68300.4116,-182.6126
rpt-Catalysm,2023-07-31,ATO,Equities,1212.9280,120.9400,146691.5080,91.4835
rpt-Catalysm,2023-07-31,BA,Equities,5878.3731,238.8500,1404049.4042,-11530.0253
rpt-Catalysm,2023-07-31,BG,Equities,8801.8801,108.0200,950779.0875,-3341.5332
rpt-Catalysm,2023-07-31,BR,Equities,4623.2885,167.9200,776342.6069,-316.3338
rpt-Catalysm,2023-07-31,CHD,Equities,7190.4715,95.4000,685970.9849,-1475.2161
rpt-Catalysm,2023-07-31,COF,Equities,7925.1611,116.4000,922488.7518,7556.6171
rpt-Catalysm,2023-07-31,DAL,Equities,5502.0325,46.2600,254524.0219,217.7810
rpt-Catalysm,2023-07-31,DD,Equities,9956.6979,77.6300,772938.4615,-8395.6147
rpt-Catalysm,2023-07-31,DFS,Equities,9137.6230,104.7200,956891.8833,-8680.7419
rpt-Catalysm,2023-07-31,DHI,Equities,4024.6815,126.7600,510168.6276,1696.5829
rpt-Catalysm,2023-07-31,EA,Equities,735.1687,136.3500,100240.2553,-924.2859
rpt-Catalysm,2023-07-31,EPAM,Equities,2093.7986,236.8100,495832.4507,3061.5325
rpt-Catalysm,2023-07-31,ETR,Equities,9243.7611,102.7000,949334.2666,-1779.8888
rpt-Catalysm,2023-07-31,ETSY,Equities,235.8931,101.6500,23978.5287,-279.9013
rpt-Catalysm,2023-07-31,FE,Equities,707.4724,38.9800,27577.2738,-79.7897
rpt-Catalysm,2023-07-31,FITB,Equities,9300.9260,29.1000,270656.9474,-3049.7490
rpt-Catalysm,2023-07-31,GOOG,Equities,1751.6395,133.1100,233160.7314,3166.5071
rpt-Catalysm,2023-07-31,HUM,Equities,1512.6155,456.8300,691008.1184,-1604.4771
rpt-Catalysm,2023-07-31,IDXX,Equities,2284.4960,554.7300,1267278.4717,-7719.1337
rpt-Catalysm,2023-07-31,IEX,Equities,5653.9767,225.8100,1276724.4686,-9664.5405
rpt-Catalysm,2023-07-31,IT,Equities,5276.2183,353.5900,1865618.0167,1029.0052
rpt-Catalysm,2023-07-31,KMB,Equities,8316.5133,129.1000,1073661.8673,-10996.0163
rpt-Catalysm,2023-07-31,KR,Equities,3735.4306,48.3500,180608.0694,-558.0136
rpt-Catalysm,2023-07-31,LMT,Equities,9334.6185,446.3700,4166693.6466,-25087.8616
rpt-Catalysm,2023-07-31,MA,Equities,1676.4698,394.2800,660998.5215,-80.4257
rpt-Catalysm,2023-07-31,META,Equities,3368.6733,318.6000,1073259.3093,9685.3290
rpt-Catalysm,2023-07-31,MKTX,Equities,9280.1809,268.5000,2491728.5596,14377.5473
rpt-Catalysm,2023-07-31,MNST,Equities,6674.6089,57.4900,383723.2669,36.9596
rpt-Catalysm,2023-07-31,MO,Equities,198.6102,45.4200,9020.8735,-1.9613
rpt-Catalysm,2023-07-31,MOS,Equities,8619.2793,40.7600,351321.8225,6138.5072
rpt-Catalysm,2023-07-31,NEM,Equities,5370.6661,42.9200,230508.9877,17.7061
rpt-Catalysm,2023-07-31,NSC,Equities,915.5444,232.2200,212607.7202,349.4195
rpt-Catalysm,2023-07-31,NVR,Equities,1890.4559,6306.4400,11922046.6642,-2994.1739
rpt-Catalysm,2023-07-31,ODFL,Equities,3041.7719,419.4900,1275992.8991,-2718.0114
rpt-Catalysm,2023-07-31,ORCL,Equities,8048.6935,117.2300,943548.3383,-199.3191
rpt-Catalysm,2023-07-31,PSA,Equities,1797.2716,281.7500,506381.2845,-325.8118
rpt-Catalysm,2023-07-31,PWR,Equities,630.6158,201.6200,127144.7601,-541.6075
rpt-Catalysm,2023-07-31,PXD,Equities,392.3368,225.6700,88538.6428,436.9187
rpt-Catalysm,2023-07-31,QCOM,Equities,2713.4035,132.1700,358630.5415,139.6179
rpt-Catalysm,2023-07-31,REGN,Equities,3217.2837,741.9100,2386934.9838,-3872.5348
rpt-Catalysm,2023-07-31,RTX,Equities,8788.5226,87.3200,767413.7915,-18938.2172
rpt-Catalysm,2023-07-31,SBAC,Equities,2804.9960,218.1000,611769.6313,-2562.9099
rpt-Catalysm,2023-07-31,SPGI,Equities,8574.0147,393.5900,3374646.4368,597.9112
rpt-Catalysm,2023-07-31,SRE,Equities,5403.3936,74.5100,402606.8586,-4125.7982
rpt-Catalysm,2023-07-31,TEL,Equities,8653.6675,142.8400,1236089.8619,3999.1250
rpt-Catalysm,2023-07-31,TGT,Equities,2630.5902,135.3100,355945.1597,875.0096
rpt-Catalysm,2023-07-31,TJX,Equities,1656.7782,86.2000,142814.2769,479.5748
rpt-Catalysm,2023-07-31,UDR,Equities,3705.0857,40.8800,151463.9050,128.8459
rpt-Catalysm,2023-07-31,USB,Equities,7838.0714,39.6800,311014.6738,7034.4938
rpt-Catalysm,2023-07-31,WMT,Equities,4856.4575,159.2900,773585.1230,216.8791
rpt-Catalysm,2023-07-31,WYNN,Equities,1860.1274,108.6900,202177.2518,1522.2132
rpt-Catalysm,2023-07-31,ZTS,Equities,2434.1658,188.0900,457842.2477,-648.9113
rpt-Catalysm,2023-08-31,ACGL,Equities,7821.2941,79.0100,617960.4480,-828.1370
rpt-Catalysm,2023-08-31,ACN,Equities,2866.7392,322.3200,924007.3922,2250.0842
rpt-Catalysm,2023-08-31,ADSK,Equities,6644.9533,218.5700,1452387.4361,-1652.0325
rpt-Catalysm,2023-08-31,ALGN,Equities,2908.5578,318.4100,926113.8825,-32502.4760
rpt-Catalysm,2023-08-31,ANET,Equities,6615.6291,185.8800,1229713.1360,22683.4400
rpt-Catalysm,2023-08-31,APH,Equities,755.8286,85.8500,64887.8822,-216.3317
rpt-Catalysm,2023-08-31,ATO,Equities,1170.9847,116.8500,136829.5636,-857.7395
rpt-Catalysm,2023-08-31,BA,Equities,5696.8815,222.0200,1264821.6345,-15272.5129
rpt-Catalysm,2023-08-31,BG,Equities,8880.7452,109.6800,974040.1359,-654.5806
rpt-Catalysm,2023-08-31,BR,Equities,4576.1860,184.3200,843482.6114,3862.4025
rpt-Catalysm,2023-08-31,CHD,Equities,7148.9418,98.4400,703741.8320,631.2519
rpt-Catalysm,2023-08-31,COF,Equities,8202.7086,97.2800,797959.4917,26533.5403
rpt-Catalysm,2023-08-31,DAL,Equities,5372.5729,42.1700,226561.3983,-2647.4486
rpt-Catalysm,2023-08-31,DD,Equities,9504.5608,74.1000,704287.9586,-7980.2198
rpt-Catalysm,2023-08-31,DFS,Equities,9487.7343,83.7700,794787.5035,36674.1574
rpt-Catalysm,2023-08-31,DHI,Equities,3954.8450,116.9200,462400.4781,-3435.9558
rpt-Catalysm,2023-08-31,EA,Equities,730.7644,118.1200,86317.8853,-401.4583
rpt-Catalysm,2023-08-31,EPAM,Equities,2089.5321,242.5800,506878.6944,123.0893
rpt-Catalysm,2023-08-31,ETR,Equities,9205.8547,93.7300,862864.7568,-1700.1047
rpt-Catalysm,2023-08-31,ETSY,Equities,225.4171,68.2100,15375.6993,-1751.5817
rpt-Catalysm,2023-08-31,FE,Equities,694.1707,34.8400,24184.9061,-275.3456
rpt-Catalysm,2023-08-31,FITB,Equities,9257.4468,23.8800,221067.8302,-1134.8072
rpt-Catalysm,2023-08-31,GOOG,Equities,1782.3257,132.9100,236888.9040,30.6862
rpt-Catalysm,2023-08-31,HUM,Equities,1492.2346,521.7600,778588.3140,6616.6514
rpt-Catalysm,2023-08-31,IDXX,Equities,2266.3469,486.6700,1102963.0246,-6176.1570
rpt-Catalysm,2023-08-31,IEX,Equities,5493.6602,214.8000,1180038.2163,-8825.4195
rpt-Catalysm,2023-08-31,IT,Equities,5294.3674,348.0100,1842492.8058,506.3614
rpt-Catalysm,2023-08-31,KMB,Equities,8671.6099,133.1200,1154364.7051,-7137.4409
rpt-Catalysm,2023-08-31,KR,Equities,3716.7235,47.8600,177882.3874,-45.8324
rpt-Catalysm,2023-08-31,LMT,Equities,9696.5809,438.8300,4255150.5790,13645.9821
rpt-Catalysm,2023-08-31,MA,Equities,1716.6408,407.8500,700131.9602,-2725.6025
rpt-Catalysm,2023-08-31,META,Equities,3263.2244,326.1200,1064202.7434,3964.8779
rpt-Catalysm,2023-08-31,MKTX,Equities,9284.9561,237.2800,2203134.3797,745.4133
rpt-Catalysm,2023-08-31,MNST,Equities,6752.1744,61.4100,414651.0299,-1520.2834
rpt-Catalysm,2023-08-31,MO,Equities,195.3413,45.2100,8831.3821,-3.4323
rpt-Catalysm,2023-08-31,MOS,Equities,8554.2968,38.5800,330024.7688,-708.3093
rpt-Catalysm,2023-08-31,NEM,Equities,5378.2933,37.7500,203030.5724,197.1641
rpt-Catalysm,2023-08-31,NSC,Equities,927.2150,207.6600,192545.4656,1433.1491
rpt-Catalysm,2023-08-31,NVR,Equities,1941.1882,6026.0100,11697619.4646,71134.2943
rpt-Catalysm,2023-08-31,ODFL,Equities,2871.0452,372.5600,1069636.5820,-40061.0340
rpt-Catalysm,2023-08-31,ORCL,Equities,7723.6136,115.7200,893776.5655,-2454.3532
rpt-Catalysm,2023-08-31,PSA,Equities,1826.8617,280.2300,511941.4409,224.8841
rpt-Catalysm,2023-08-31,PWR,Equities,610.7239,209.4900,127940.5595,782.7449
rpt-Catalysm,2023-08-31,PXD,Equities,401.8676,225.6800,90693.4697,-0.4765
rpt-Catalysm,2023-08-31,QCOM,Equities,2676.7179,108.5200,290477.4297,-4338.0695
rpt-Catalysm,2023-08-31,REGN,Equities,3341.4003,836.5600,2795281.8578,-58738.1722
rpt-Catalysm,2023-08-31,RTX,Equities,9094.7149,83.1000,755770.8067,6460.6576
rpt-Catalysm,2023-08-31,SBAC,Equities,2769.8464,225.9300,625791.3949,1376.1079
rpt-Catalysm,2023-08-31,SPGI,Equities,8654.2254,400.3400,3464632.5981,-2707.1120
rpt-Catalysm,2023-08-31,SRE,Equities,5292.5952,71.4000,377891.2951,-1722.9159
rpt-Catalysm,2023-08-31,TEL,Equities,8601.4846,123.4300,1061681.2385,-5064.3523
rpt-Catalysm,2023-08-31,TGT,Equities,2564.2161,117.9900,302551.8635,-5747.9926
rpt-Catalysm,2023-08-31,TJX,Equities,1744.3273,88.7000,154721.8323,-1094.3644
rpt-Catalysm,2023-08-31,UDR,Equities,3626.0237,38.8800,140979.8012,-790.6205
rpt-Catalysm,2023-08-31,USB,Equities,7693.9284,34.9000,268518.1014,-3445.0179
rpt-Catalysm,2023-08-31,WMT,Equities,4789.0136,157.6700,755083.7723,-546.2961
rpt-Catalysm,2023-08-31,WYNN,Equities,1940.6467,96.7300,187718.7526,4815.0499
rpt-Catalysm,2023-08-31,ZTS,Equities,2512.7356,185.5900,466338.5938,982.1219
TT_monthly_Trustmind,2022-08-31,ABC,Equities,18142.9526,144.8700,2628369.5451,-6795.0369
TT_monthly_Trustmind,2022-08-31,ADSK,Equities,84942.0054,201.7400,17136200.1727,-74878.6156
TT_monthly_Trustmind,2022-08-31,AKAM,Equities,42883.3425,90.2800,3871508.1645,-10204.9008
TT_monthly_Trustmind,2022-08-31,ALB,Equities,162461.8939,266.2200,43250605.3819,230588.6167
TT_monthly_Trustmind,2022-08-31,ALL,Equities,221014.1500,117.9400,26066408.8528,47166.9978
TT_monthly_Trustmind,2022-08-31,AON,Equities,168234.6515,277.1800,46631280.7039,-27007.6035
TT_monthly_Trustmind,2022-08-31,APTV,Equities,135247.4649,93.4300,12636170.6488,-9631.7311
TT_monthly_Trustmind,2022-08-31,BBY,Equities,79169.2478,67.4500,5339965.7619,7291.8745
TT_monthly_Trustmind,2022-08-31,BEN,Equities,141020.2226,24.8800,3508583.1379,27594.8475
TT_monthly_Trustmind,2022-08-31,CARR,Equities,9071.4763,38.4700,348979.6935,1643.9124
TT_monthly_Trustmind,2022-08-31,CDNS,Equities,183078.8855,173.7700,31813617.9264,101810.7678
TT_monthly_Trustmind,2022-08-31,COP,Equities,57727.5765,104.1700,6013481.6436,-43038.1975
TT_monthly_Trustmind,2022-08-31,CPB,Equities,108033.0360,48.9400,5287136.7826,21188.4074
TT_monthly_Trustmind,2022-08-31,CRL,Equities,227611.5873,205.2500,46717278.2993,146359.7217
TT_monthly_Trustmind,2022-08-31,CSX,Equities,217715.4314,31.3300,6821024.4644,-4550.0659
TT_monthly_Trustmind,2022-08-31,CVX,Equities,53604.1782,152.5000,8174637.1717,-8342.2879
TT_monthly_Trustmind,2022-08-31,DFS,Equities,86591.3647,97.9200,8479026.4358,49324.3012
TT_monthly_Trustmind,2022-08-31,DLTR,Equities,44532.7019,135.6800,6042196.9895,35844.9650
TT_monthly_Trustmind,2022-08-31,EG,Equities,166585.2922,265.2000,44178419.4849,-116345.5568
TT_monthly_Trustmind,2022-08-31,EPAM,Equities,26389.7493,426.5000,11255228.0575,-18713.3378
TT_monthly_Trustmind,2022-08-31,ESS,Equities,149267.0192,254.4600,37982485.7124,-80142.8914
TT_monthly_Trustmind,2022-08-31,FANG,Equities,43708.0222,127.2700,5562719.9860,-11218.5344
TT_monthly_Trustmind,2022-08-31,FMC,Equities,205345.2364,105.9400,21754274.3436,66410.6888
TT_monthly_Trustmind,2022-08-31,FTV,Equities,152565.7379,63.1300,9631475.0326,-65312.7452
TT_monthly_Trustmind,2022-08-31,HD,Equities,18142.9526,282.5900,5127016.9790,1571.6035
TT_monthly_Trustmind,2022-08-31,HII,Equities,84117.3258,225.0600,18931445.3337,17428.9427
TT_monthly_Trustmind,2022-08-31,HRL,Equities,137721.5039,49.0200,6751108.1225,-10146.5820
TT_monthly_Trustmind,2022-08-31,INVH,Equities,174832.0888,35.2000,6154089.5264,19757.8557
TT_monthly_Trustmind,2022-08-31,IQV,Equities,136072.1446,212.6600,28937102.2704,5229.9970
TT_monthly_Trustmind,2022-08-31,ITW,Equities,166585.2922,190.2600,31694517.6893,147384.1403
TT_monthly_Trustmind,2022-08-31,JBHT,Equities,127000.6683,172.4700,21903805.2604,-50903.1398
TT_monthly_Trustmind,2022-08-31,K,Equities,172358.0498,70.8800,12216738.5716,-58.8040
TT_monthly_Trustmind,2022-08-31,KEYS,Equities,246579.2196,163.8900,40411868.3013,-289298.7611
TT_monthly_Trustmind,2022-08-31,LEN,Equities,183078.8855,76.3000,13968918.9606,32603.6730
TT_monthly_Trustmind,2022-08-31,LLY,Equities,162461.8939,298.0400,48420142.8443,233167.5050
TT_monthly_Trustmind,2022-08-31,MA,Equities,50305.4595,322.3500,16215964.8757,77167.2706
TT_monthly_Trustmind,2022-08-31,MAR,Equities,208643.9551,152.1400,31743091.3215,-30621.4042
TT_monthly_Trustmind,2022-08-31,MO,Equities,86591.3647,41.4700,3590943.8960,2505.6666
TT_monthly_Trustmind,2022-08-31,MPC,Equities,23915.7103,98.3700,2352588.4186,16705.1790
TT_monthly_Trustmind,2022-08-31,MPWR,Equities,54428.8578,449.5100,24466315.8874,30478.1489
TT_monthly_Trustmind,2022-08-31,MTD,Equities,88240.7241,1212.4600,106988348.3097,130855.0613
TT_monthly_Trustmind,2022-08-31,ON,Equities,246579.2196,68.7700,16957252.9323,156976.5888
TT_monthly_Trustmind,2022-08-31,PRU,Equities,148442.3396,90.8700,13488955.3960,66683.6803
TT_monthly_Trustmind,2022-08-31,SJM,Equities,94013.4817,136.1800,12802755.9410,-1076.8703
TT_monthly_Trustmind,2022-08-31,STZ,Equities,66799.0528,242.6300,16207454.1816,29314.7230
TT_monthly_Trustmind,2022-08-31,TAP,Equities,42883.3425,50.2100,2153172.6289,2469.6385
TT_monthly_Trustmind,2022-08-31,TMO,Equities,200397.1584,544.0300,109022066.0893,-27011.9215
TT_monthly_Trustmind,2022-08-31,TXN,Equities,127825.3480,160.3700,20499351.0518,-18788.2352
TT_monthly_Trustmind,2022-08-31,UAL,Equities,211942.6737,35.0100,7420113.0065,-12496.7697
TT_monthly_Trustmind,2022-08-31,VICI,Equities,171533.3702,31.4300,5391293.8242,9039.2874
TT_monthly_Trustmind,2022-08-31,VMC,Equities,206994.5957,165.0400,34162388.0781,13695.2550
TT_monthly_Trustmind,2022-08-31,VZ,Equities,180604.8465,39.1200,7065261.5938,9021.2854
TT_monthly_Trustmind,2022-08-31,WHR,Equities,126175.9886,148.8000,18774987.1078,-25853.1248
TT_monthly_Trustmind,2022-08-31,XYL,Equities,89065.4037,90.2800,8040824.6494,-38119.4628
TT_monthly_Trustmind,2022-08-31,ZTS,Equities,199572.4787,155.1600,30965665.8021,-21644.2140
TT_monthly_Trustmind,2022-09-30,ABC,Equities,17741.9934,133.7700,2373346.4518,-22253.2385
TT_monthly_Trustmind,2022-09-30,ADSK,Equities,85647.0241,186.8000,15998864.0946,52664.8928
TT_monthly_Trustmind,2022-09-30,AKAM,Equities,43200.6793,80.3200,3469878.5594,15803.3694
TT_monthly_Trustmind,2022-09-30,ALB,Equities,166344.7331,263.0600,43758645.4939,61348.8604
TT_monthly_Trustmind,2022-09-30,ALL,Equities,224461.9708,121.8900,27359669.6154,-68094.4596
TT_monthly_Trustmind,2022-09-30,AON,Equities,164819.4881,265.8700,43820557.2954,-193127.4917
TT_monthly_Trustmind,2022-09-30,APTV,Equities,135788.4548,78.2100,10620015.0495,41169.3283
TT_monthly_Trustmind,2022-09-30,BBY,Equities,78915.9062,61.1800,4828075.1397,-7942.2589
TT_monthly_Trustmind,2022-09-30,BEN,Equities,144263.6877,20.8000,3000684.7042,66166.6884
TT_monthly_Trustmind,2022-09-30,CARR,Equities,9259.2559,34.9600,323703.5851,3295.5313
TT_monthly_Trustmind,2022-09-30,CDNS,Equities,187838.9365,163.4300,30698517.3893,246094.6378
TT_monthly_Trustmind,2022-09-30,COP,Equities,56982.8908,98.7200,5625350.9758,-20292.6863
TT_monthly_Trustmind,2022-09-30,CPB,Equities,109815.5811,45.7700,5026259.1474,28253.3397
TT_monthly_Trustmind,2022-09-30,CRL,Equities,232710.0869,196.8000,45797345.0990,215411.6062
TT_monthly_Trustmind,2022-09-30,CSX,Equities,216409.1388,26.3700,5706708.9894,-32396.0562
TT_monthly_Trustmind,2022-09-30,CVX,Equities,54145.5804,138.6200,7505660.3516,37573.3127
TT_monthly_Trustmind,2022-09-30,DFS,Equities,85760.0876,88.6000,7598343.7652,-38737.5129
TT_monthly_Trustmind,2022-09-30,DLTR,Equities,43655.4076,136.1000,5941500.9801,1842.3179
TT_monthly_Trustmind,2022-09-30,EG,Equities,170466.7295,258.6800,44096333.5827,126534.8562
TT_monthly_Trustmind,2022-09-30,EPAM,Equities,26059.8774,362.1900,9438626.9918,-106070.2984
TT_monthly_Trustmind,2022-09-30,ESS,Equities,145520.4170,234.6500,34146365.8594,-371100.9462
TT_monthly_Trustmind,2022-09-30,FANG,Equities,43563.7857,115.0300,5011142.2727,-8827.2722
TT_monthly_Trustmind,2022-09-30,FMC,Equities,205222.0293,104.1200,21367717.6858,-1121.1850
TT_monthly_Trustmind,2022-09-30,FTV,Equities,151467.2646,58.1100,8801762.7442,-27571.6802
TT_monthly_Trustmind,2022-09-30,HD,Equities,17707.5218,270.3600,4787405.5805,-26626.5973
TT_monthly_Trustmind,2022-09-30,HII,Equities,84260.3252,216.5000,18242360.4070,6120.3766
TT_monthly_Trustmind,2022-09-30,HRL,Equities,133823.9854,44.3000,5928402.5517,-91981.4380
TT_monthly_Trustmind,2022-09-30,INVH,Equities,176807.6914,32.7700,5793988.0479,24003.5716
TT_monthly_Trustmind,2022-09-30,IQV,Equities,133201.0223,181.1400,24128033.1881,-452488.8668
TT_monthly_Trustmind,2022-09-30,ITW,Equities,168934.1448,177.6500,30011150.8229,148095.1577
TT_monthly_Trustmind,2022-09-30,JBHT,Equities,128092.8740,155.0300,19858238.2623,95240.3412
TT_monthly_Trustmind,2022-09-30,K,Equities,176667.0011,67.8800,11992156.0327,64634.2687
TT_monthly_Trustmind,2022-09-30,KEYS,Equities,244433.9804,157.3600,38464131.1551,-70042.0602
TT_monthly_Trustmind,2022-09-30,LEN,Equities,179838.3892,73.4400,13207331.3019,-46339.0967
TT_monthly_Trustmind,2022-09-30,LLY,Equities,166068.5479,319.9300,53130310.5290,-394748.2851
TT_monthly_Trustmind,2022-09-30,MA,Equities,51266.2938,282.5700,14486316.6377,191109.9377
TT_monthly_Trustmind,2022-09-30,MAR,Equities,212378.6818,138.6800,29452675.5985,251347.1133
TT_monthly_Trustmind,2022-09-30,MO,Equities,86063.1574,37.9400,3265236.1925,-9322.8593
TT_monthly_Trustmind,2022-09-30,MPC,Equities,24535.1272,96.9800,2379416.6318,4304.9474
TT_monthly_Trustmind,2022-09-30,MPWR,Equities,53470.9099,361.1700,19312088.5436,-423125.5865
TT_monthly_Trustmind,2022-09-30,MTD,Equities,87243.6039,1084.1200,94582535.8504,-639852.0208
TT_monthly_Trustmind,2022-09-30,ON,Equities,244680.5596,62.3300,15250939.2808,-61136.8517
TT_monthly_Trustmind,2022-09-30,PRU,Equities,148041.5452,81.4000,12050581.7830,-18977.6109
TT_monthly_Trustmind,2022-09-30,SJM,Equities,93336.5847,133.6700,12476301.2708,-8495.0582
TT_monthly_Trustmind,2022-09-30,STZ,Equities,67366.8448,226.4900,15257916.6678,45820.8103
TT_monthly_Trustmind,2022-09-30,TAP,Equities,43861.0828,46.9800,2060593.6676,15790.5044
TT_monthly_Trustmind,2022-09-30,TMO,Equities,196168.7784,506.2600,99312405.7359,-798529.5710
TT_monthly_Trustmind,2022-09-30,TXN,Equities,126176.4010,150.2500,18958004.2454,-83436.7176
TT_monthly_Trustmind,2022-09-30,UAL,Equities,206919.6323,32.5300,6731095.6401,-62285.7129
TT_monthly_Trustmind,2022-09-30,VICI,Equities,174569.5108,28.7800,5024110.5212,40228.8636
TT_monthly_Trustmind,2022-09-30,VMC,Equities,209954.6184,156.3400,32824305.0472,128760.9883
TT_monthly_Trustmind,2022-09-30,VZ,Equities,184596.2136,35.5300,6558703.4683,71645.0396
TT_monthly_Trustmind,2022-09-30,WHR,Equities,123311.7937,128.1000,15796240.7712,-296444.1765
TT_monthly_Trustmind,2022-09-30,XYL,Equities,86544.8528,86.5700,7492187.9079,-46756.2197
TT_monthly_Trustmind,2022-09-30,ZTS,Equities,198814.1033,146.9900,29223685.0478,-30979.6359
TT_monthly_Trustmind,2022-10-31,ABC,Equities,18128.4383,155.4000,2817159.3042,-41794.0149
TT_monthly_Trustmind,2022-10-31,ADSK,Equities,84933.5112,214.3000,18201251.4535,98108.0163
TT_monthly_Trustmind,2022-10-31,AKAM,Equities,43307.8876,88.3300,3825385.7145,-4293.6947
TT_monthly_Trustmind,2022-10-31,ALB,Equities,164980.0532,278.4100,45932096.6139,104739.1830
TT_monthly_Trustmind,2022-10-31,ALL,Equities,223467.4071,123.5700,27613867.4929,8354.3349
TT_monthly_Trustmind,2022-10-31,AON,Equities,169765.5868,279.9400,47524178.3779,-347958.0474
TT_monthly_Trustmind,2022-10-31,APTV,Equities,133529.8221,91.0700,12160560.9014,145230.0803
TT_monthly_Trustmind,2022-10-31,BBY,Equities,77910.4567,66.0800,5148322.9805,24633.5114
TT_monthly_Trustmind,2022-10-31,BEN,Equities,141062.5287,22.6600,3196476.8992,29770.7792
TT_monthly_Trustmind,2022-10-31,CARR,Equities,9231.1343,39.2500,362322.0209,603.2078
TT_monthly_Trustmind,2022-10-31,CDNS,Equities,184873.0585,151.3900,27987932.3320,-178545.8523
TT_monthly_Trustmind,2022-10-31,COP,Equities,58708.9453,121.6300,7140769.0165,-197719.5472
TT_monthly_Trustmind,2022-10-31,CPB,Equities,105397.0299,51.7900,5458512.1804,132998.3903
TT_monthly_Trustmind,2022-10-31,CRL,Equities,230251.8817,212.2500,48870961.8997,189896.3473
TT_monthly_Trustmind,2022-10-31,CSX,Equities,219043.4955,28.7600,6299690.9303,-31480.5628
TT_monthly_Trustmind,2022-10-31,CVX,Equities,54520.8096,174.5400,9516062.1114,-67391.1728
TT_monthly_Trustmind,2022-10-31,DFS,Equities,88877.3768,101.7900,9046828.1818,-205585.2182
TT_monthly_Trustmind,2022-10-31,DLTR,Equities,43392.6647,158.5000,6877737.3551,29427.2094
TT_monthly_Trustmind,2022-10-31,EG,Equities,170566.6807,318.0400,54247027.1166,-29665.5088
TT_monthly_Trustmind,2022-10-31,EPAM,Equities,26495.3083,350.0000,9273357.8884,26539.5111
TT_monthly_Trustmind,2022-10-31,ESS,Equities,151341.8308,215.2900,32582382.7516,563512.8510
TT_monthly_Trustmind,2022-10-31,FANG,Equities,44595.2951,150.0300,6690632.1171,-180514.1317
TT_monthly_Trustmind,2022-10-31,FMC,Equities,201628.4876,117.1200,23614728.4696,233580.2064
TT_monthly_Trustmind,2022-10-31,FTV,Equities,150429.8176,63.6900,9580875.0800,28944.7718
TT_monthly_Trustmind,2022-10-31,HD,Equities,17894.3942,290.1400,5191879.5223,-18481.6815
TT_monthly_Trustmind,2022-10-31,HII,Equities,83629.4453,251.2700,21013570.7111,109678.4781
TT_monthly_Trustmind,2022-10-31,HRL,Equities,137170.6179,45.5400,6246749.9397,-20749.1218
TT_monthly_Trustmind,2022-10-31,INVH,Equities,170199.0385,30.7500,5233620.4328,-66747.3949
TT_monthly_Trustmind,2022-10-31,IQV,Equities,133432.3450,209.6700,27976759.7748,-32998.1754
TT_monthly_Trustmind,2022-10-31,ITW,Equities,163786.6593,209.9800,34391922.7129,832091.0356
TT_monthly_Trustmind,2022-10-31,JBHT,Equities,123381.1492,169.5500,20919273.8546,342071.2200
TT_monthly_Trustmind,2022-10-31,K,Equities,174098.8661,74.8600,13033041.1184,89627.9095
TT_monthly_Trustmind,2022-10-31,KEYS,Equities,250746.4084,174.1500,43667487.0259,-529928.3324
TT_monthly_Trustmind,2022-10-31,LEN,Equities,182547.9567,79.8800,14581930.7806,-87248.0737
TT_monthly_Trustmind,2022-10-31,LLY,Equities,162851.8024,358.2600,58343286.7277,616489.2748
TT_monthly_Trustmind,2022-10-31,MA,Equities,48801.3263,326.6600,15941441.2422,543402.0890
TT_monthly_Trustmind,2022-10-31,MAR,Equities,211877.9364,158.4400,33569940.2360,49473.6546
TT_monthly_Trustmind,2022-10-31,MO,Equities,86305.6132,43.4800,3752568.0637,-6716.0262
TT_monthly_Trustmind,2022-10-31,MPC,Equities,23846.3547,110.9300,2645276.1272,48041.8788
TT_monthly_Trustmind,2022-10-31,MPWR,Equities,55169.0903,337.3700,18612395.9966,202083.4634
TT_monthly_Trustmind,2022-10-31,MTD,Equities,86246.4837,1264.9300,109095764.6381,901446.5006
TT_monthly_Trustmind,2022-10-31,ON,Equities,252275.1996,61.4300,15497265.5101,34175.8798
TT_monthly_Trustmind,2022-10-31,PRU,Equities,144864.8792,99.8200,14460412.2396,292570.9447
TT_monthly_Trustmind,2022-10-31,SJM,Equities,94154.5019,146.5600,13799283.8051,-52714.7694
TT_monthly_Trustmind,2022-10-31,STZ,Equities,68669.4263,243.6500,16731305.7135,-111761.4952
TT_monthly_Trustmind,2022-10-31,TAP,Equities,42141.4607,49.3700,2080523.9155,20549.4833
TT_monthly_Trustmind,2022-10-31,TMO,Equities,198974.3386,513.0300,102079804.9240,-94968.2134
TT_monthly_Trustmind,2022-10-31,TXN,Equities,125166.5807,157.1700,19672431.4916,34939.7806
TT_monthly_Trustmind,2022-10-31,UAL,Equities,214040.9062,43.0800,9220882.2382,-375647.1949
TT_monthly_Trustmind,2022-10-31,VICI,Equities,169869.4965,30.8700,5243871.3560,49115.1499
TT_monthly_Trustmind,2022-10-31,VMC,Equities,205856.1254,162.2800,33406332.0375,121725.2420
TT_monthly_Trustmind,2022-10-31,VZ,Equities,177444.2617,35.5600,6309917.9444,1072.7928
TT_monthly_Trustmind,2022-10-31,WHR,Equities,124699.7296,131.3600,16380556.4751,-22623.3548
TT_monthly_Trustmind,2022-10-31,XYL,Equities,90205.4409,101.5000,9155852.2519,-273262.9012
TT_monthly_Trustmind,2022-10-31,ZTS,Equities,195181.8842,149.7700,29232390.7985,50487.8457
TT_monthly_Trustmind,2022-11-30,ABC,Equities,18159.2813,169.2400,3073276.7622,-2134.3369
TT_monthly_Trustmind,2022-11-30,ADSK,Equities,83489.4971,201.9500,16860703.9441,-89167.8702
TT_monthly_Trustmind,2022-11-30,AKAM,Equities,43050.5876,94.8600,4083778.7375,8400.8468
TT_monthly_Trustmind,2022-11-30,ALB,Equities,161698.3230,276.5400,44716054.2295,-30684.1779
TT_monthly_Trustmind,2022-11-30,ALL,Equities,222959.0745,131.9000,29408301.9312,21172.0505
TT_monthly_Trustmind,2022-11-30,AON,Equities,170758.1713,306.5800,52351040.1500,-132212.2479
TT_monthly_Trustmind,2022-11-30,APTV,Equities,136911.0088,106.6700,14604297.3037,-263732.5566
TT_monthly_Trustmind,2022-11-30,BBY,Equities,80016.3587,82.3900,6592547.7947,-171736.3073
TT_monthly_Trustmind,2022-11-30,BEN,Equities,140554.8558,25.9100,3641776.3151,8249.6830
TT_monthly_Trustmind,2022-11-30,CARR,Equities,9231.1343,43.7500,403862.1252,0.0000
TT_monthly_Trustmind,2022-11-30,CDNS,Equities,187033.3894,172.0400,32177224.3100,-223054.1601
TT_monthly_Trustmind,2022-11-30,COP,Equities,58853.2642,119.6100,7039438.9355,1457.6213
TT_monthly_Trustmind,2022-11-30,CPB,Equities,106963.5090,52.5400,5619862.7607,-5874.2963
TT_monthly_Trustmind,2022-11-30,CRL,Equities,234257.8457,228.5700,53544315.7868,-326886.6573
TT_monthly_Trustmind,2022-11-30,CSX,Equities,213426.4374,32.4600,6927822.1567,103915.5754
TT_monthly_Trustmind,2022-11-30,CVX,Equities,53716.7469,178.2300,9573935.8088,14834.9563
TT_monthly_Trustmind,2022-11-30,DFS,Equities,84824.9009,106.1800,9006707.9780,88951.8453
TT_monthly_Trustmind,2022-11-30,DLTR,Equities,45837.5100,150.2900,6888919.3829,100360.9009
TT_monthly_Trustmind,2022-11-30,EG,Equities,166318.7557,334.8100,55685182.5986,356188.5071
TT_monthly_Trustmind,2022-11-30,EPAM,Equities,26714.3432,368.5800,9846372.6061,-20348.3440
TT_monthly_Trustmind,2022-11-30,ESS,Equities,153058.4015,213.4900,32676438.1394,15449.1365
TT_monthly_Trustmind,2022-11-30,FANG,Equities,42602.2092,143.2800,6104044.5403,-67266.6462
TT_monthly_Trustmind,2022-11-30,FMC,Equities,202265.0578,128.6900,26029490.2945,-36825.5880
TT_monthly_Trustmind,2022-11-30,FTV,Equities,155296.6646,67.4000,10466995.1935,-90280.0126
TT_monthly_Trustmind,2022-11-30,HD,Equities,18171.9813,319.3600,5803403.9599,-40555.4863
TT_monthly_Trustmind,2022-11-30,HII,Equities,84453.7951,227.9500,19251242.5828,96119.1858
TT_monthly_Trustmind,2022-11-30,HRL,Equities,137721.5039,46.0800,6346206.9010,-1487.3922
TT_monthly_Trustmind,2022-11-30,INVH,Equities,173380.9825,31.8900,5529119.5313,-18137.0809
TT_monthly_Trustmind,2022-11-30,IQV,Equities,135595.8921,218.0200,29562616.3940,-90328.0914
TT_monthly_Trustmind,2022-11-30,ITW,Equities,168634.2913,223.6900,37721804.6140,-332305.1738
TT_monthly_Trustmind,2022-11-30,JBHT,Equities,124143.1533,182.6900,22679712.6683,-50063.6634
TT_monthly_Trustmind,2022-11-30,K,Equities,171168.7793,71.6700,12267666.4111,-46734.8852
TT_monthly_Trustmind,2022-11-30,KEYS,Equities,249562.8282,180.8900,45143419.9865,39886.6546
TT_monthly_Trustmind,2022-11-30,LEN,Equities,179435.6156,86.9400,15600132.4237,109865.6392
TT_monthly_Trustmind,2022-11-30,LLY,Equities,162786.8176,368.1300,59926711.1786,3206.9978
TT_monthly_Trustmind,2022-11-30,MA,Equities,48942.1816,354.7500,17362238.9103,-19783.1250
TT_monthly_Trustmind,2022-11-30,MAR,Equities,213463.6304,164.0400,35016573.9330,-44399.4336
TT_monthly_Trustmind,2022-11-30,MO,Equities,87050.2990,43.7700,3810191.5863,-1079.7943
TT_monthly_Trustmind,2022-11-30,MPC,Equities,23779.3907,119.6700,2845679.6868,2926.3263
TT_monthly_Trustmind,2022-11-30,MPWR,Equities,53051.8077,379.6200,20139527.2528,447275.9429
TT_monthly_Trustmind,2022-11-30,MTD,Equities,86537.6781,1469.5600,127172310.2265,-297935.5396
TT_monthly_Trustmind,2022-11-30,ON,Equities,240981.8713,75.2000,18121836.7234,777545.6506
TT_monthly_Trustmind,2022-11-30,PRU,Equities,144330.4868,103.6800,14964184.8669,10313.7738
TT_monthly_Trustmind,2022-11-30,SJM,Equities,95451.8880,150.8500,14398917.3038,-27828.9307
TT_monthly_Trustmind,2022-11-30,STZ,Equities,66772.3332,254.6200,17001571.4748,104055.5565
TT_monthly_Trustmind,2022-11-30,TAP,Equities,44131.2478,53.9500,2380880.8192,-45566.1244
TT_monthly_Trustmind,2022-11-30,TMO,Equities,195808.0635,559.1900,109493911.0182,730776.2937
TT_monthly_Trustmind,2022-11-30,TXN,Equities,127377.9592,176.5700,22491126.2628,-214503.7164
TT_monthly_Trustmind,2022-11-30,UAL,Equities,205944.6960,44.1700,9096577.2242,44124.3452
TT_monthly_Trustmind,2022-11-30,VICI,Equities,166490.2891,32.9700,5489184.8309,35481.6776
TT_monthly_Trustmind,2022-11-30,VMC,Equities,209830.4217,182.1400,38218513.0056,-394647.6164
TT_monthly_Trustmind,2022-11-30,VZ,Equities,183295.8587,37.0900,6798443.3984,-44764.7172
TT_monthly_Trustmind,2022-11-30,WHR,Equities,124838.5231,140.8900,17588499.5264,-6613.5144
TT_monthly_Trustmind,2022-11-30,XYL,Equities,90294.5063,111.6300,10079575.7393,-4511.1627
TT_monthly_Trustmind,2022-11-30,ZTS,Equities,198215.3859,153.1100,30348757.7335,-50659.4780
TT_monthly_Trustmind,2022-12-31,ABC,Equities,18331.6393,164.3000,3011888.3403,4257.2438
TT_monthly_Trustmind,2022-12-31,ADSK,Equities,83464.0145,186.8700,15596920.3937,-1921.3882
TT_monthly_Trustmind,2022-12-31,AKAM,Equities,43153.5076,84.3000,3637840.6905,5434.1772
TT_monthly_Trustmind,2022-12-31,ALB,Equities,163875.3123,216.0700,35408538.7353,658212.7383
TT_monthly_Trustmind,2022-12-31,ALL,Equities,227136.2420,133.5800,30340859.2024,-35088.2065
TT_monthly_Trustmind,2022-12-31,AON,Equities,171027.3467,298.4800,51048242.4487,10901.6054
TT_monthly_Trustmind,2022-12-31,APTV,Equities,133232.2777,93.1300,12407922.0229,-249050.0918
TT_monthly_Trustmind,2022-12-31,BBY,Equities,79921.3556,78.3200,6259440.5722,-1933.3130
TT_monthly_Trustmind,2022-12-31,BEN,Equities,143050.9138,25.7900,3689283.0666,1497.6348
TT_monthly_Trustmind,2022-12-31,CARR,Equities,8944.4756,40.9100,365918.4984,-4070.5528
TT_monthly_Trustmind,2022-12-31,CDNS,Equities,188095.2469,160.6400,30215620.4655,60525.8795
TT_monthly_Trustmind,2022-12-31,COP,Equities,56902.0722,114.9700,6542031.2354,-45267.6564
TT_monthly_Trustmind,2022-12-31,CPB,Equities,105029.7176,55.5500,5834400.8134,29103.5597
TT_monthly_Trustmind,2022-12-31,CRL,Equities,230365.6875,217.9000,50196683.3140,-207646.6369
TT_monthly_Trustmind,2022-12-31,CSX,Equities,213753.0105,30.7600,6575042.6032,2775.8717
TT_monthly_Trustmind,2022-12-31,CVX,Equities,54724.5055,174.5100,9549973.4547,18744.3090
TT_monthly_Trustmind,2022-12-31,DFS,Equities,87907.5535,95.8600,8426818.0774,159064.8734
TT_monthly_Trustmind,2022-12-31,DLTR,Equities,43459.4638,141.4400,6146906.5533,-105228.5479
TT_monthly_Trustmind,2022-12-31,EG,Equities,171066.4365,328.2000,56144004.4708,156910.8513
TT_monthly_Trustmind,2022-12-31,EPAM,Equities,26339.6087,327.7400,8632543.3658,-76520.7725
TT_monthly_Trustmind,2022-12-31,ESS,Equities,147207.1344,207.4200,30533703.8092,-177585.9581
TT_monthly_Trustmind,2022-12-31,FANG,Equities,44123.2484,132.4000,5841918.0902,82744.5310
TT_monthly_Trustmind,2022-12-31,FMC,Equities,208630.7602,123.5100,25767985.1894,164871.6903
TT_monthly_Trustmind,2022-12-31,FTV,Equities,149255.0614,64.1100,9568741.9845,-99384.3730
TT_monthly_Trustmind,2022-12-31,HD,Equities,18357.0395,311.3500,5715464.2340,7411.5776
TT_monthly_Trustmind,2022-12-31,HII,Equities,82123.7451,226.6900,18616631.7839,-14679.3145
TT_monthly_Trustmind,2022-12-31,HRL,Equities,135710.7700,44.6600,6060842.9869,-14276.2111
TT_monthly_Trustmind,2022-12-31,INVH,Equities,179465.1392,28.9600,5197310.4304,89132.8955
TT_monthly_Trustmind,2022-12-31,IQV,Equities,137038.2568,204.8900,28077768.4410,94691.2447
TT_monthly_Trustmind,2022-12-31,ITW,Equities,167068.3895,217.9400,36410884.8126,-45019.6752
TT_monthly_Trustmind,2022-12-31,JBHT,Equities,123546.2501,173.2200,21400681.4449,-28263.3637
TT_monthly_Trustmind,2022-12-31,K,Equities,172495.9363,69.9900,12072990.5792,11148.1187
TT_monthly_Trustmind,2022-12-31,KEYS,Equities,245321.6656,171.0700,41967177.3318,-208241.0825
TT_monthly_Trustmind,2022-12-31,LEN,Equities,185733.5293,89.5800,16638009.5546,-83132.4603
TT_monthly_Trustmind,2022-12-31,LLY,Equities,167108.3040,362.9400,60650287.8605,112142.5715
TT_monthly_Trustmind,2022-12-31,MA,Equities,49500.5722,346.1200,17133138.0381,24094.5544
TT_monthly_Trustmind,2022-12-31,MAR,Equities,211001.6317,147.7100,31167051.0248,-201022.1914
TT_monthly_Trustmind,2022-12-31,MO,Equities,88080.7362,43.8400,3861459.4758,-360.6530
TT_monthly_Trustmind,2022-12-31,MPC,Equities,23705.2520,114.3500,2710695.5676,-1972.0895
TT_monthly_Trustmind,2022-12-31,MPWR,Equities,53465.4671,352.2200,18831606.8064,56671.3268
TT_monthly_Trustmind,2022-12-31,MTD,Equities,90817.3532,1445.4500,131271943.2062,515914.8354
TT_monthly_Trustmind,2022-12-31,ON,Equities,250154.6183,62.3700,15602143.5428,588431.7181
TT_monthly_Trustmind,2022-12-31,PRU,Equities,151737.7595,95.4500,14483369.1443,304809.2734
TT_monthly_Trustmind,2022-12-31,SJM,Equities,95226.2556,155.2100,14780067.1374,4918.7854
TT_monthly_Trustmind,2022-12-31,STZ,Equities,68288.6717,229.3000,15658592.4163,191968.4539
TT_monthly_Trustmind,2022-12-31,TAP,Equities,42394.4724,50.7800,2152791.3103,-27527.8897
TT_monthly_Trustmind,2022-12-31,TMO,Equities,202341.0108,549.9700,111281485.7348,301168.8735
TT_monthly_Trustmind,2022-12-31,TXN,Equities,130548.0279,161.6600,21104394.1851,236328.6163
TT_monthly_Trustmind,2022-12-31,UAL,Equities,210967.7374,37.7000,7953483.7003,162495.3882
TT_monthly_Trustmind,2022-12-31,VICI,Equities,171601.9835,31.6100,5424338.6987,34759.5221
TT_monthly_Trustmind,2022-12-31,VMC,Equities,210803.2963,173.9700,36673449.4546,39741.9274
TT_monthly_Trustmind,2022-12-31,VZ,Equities,183097.1933,37.4900,6864313.7786,397.3307
TT_monthly_Trustmind,2022-12-31,WHR,Equities,129128.5068,136.0100,17562768.2047,104675.6002
TT_monthly_Trustmind,2022-12-31,XYL,Equities,89448.3850,109.8600,9826799.5732,-7488.1738
TT_monthly_Trustmind,2022-12-31,ZTS,Equities,196698.6351,145.5700,28633420.3044,-57181.5066
TT_monthly_Trustmind,2023-01-31,ABC,Equities,18017.7662,167.5200,3018336.2005,5053.3566
TT_monthly_Trustmind,2023-01-31,ADSK,Equities,85137.3720,215.1600,18318156.9657,-236696.4193
TT_monthly_Trustmind,2023-01-31,AKAM,Equities,43964.0028,88.9500,3910598.0466,-18844.0128
TT_monthly_Trustmind,2023-01-31,ALB,Equities,163550.3885,280.4300,45864435.4591,104560.4749
TT_monthly_Trustmind,2023-01-31,ALL,Equities,227600.3717,126.5500,28802827.0368,16314.1595
TT_monthly_Trustmind,2023-01-31,AON,Equities,167679.4772,317.4800,53234880.4068,318047.6087
TT_monthly_Trustmind,2023-01-31,APTV,Equities,133840.8913,113.0900,15136066.3970,-60739.6365
TT_monthly_Trustmind,2023-01-31,BBY,Equities,78377.5553,86.6300,6789847.6147,64144.9038
TT_monthly_Trustmind,2023-01-31,BEN,Equities,140244.6114,30.5000,4277460.6465,66088.4222
TT_monthly_Trustmind,2023-01-31,CARR,Equities,9237.4843,45.1500,417072.4172,-6211.7841
TT_monthly_Trustmind,2023-01-31,CDNS,Equities,180973.4783,182.8300,33087381.0335,790160.2311
TT_monthly_Trustmind,2023-01-31,COP,Equities,57906.5320,118.7500,6876400.6731,-18984.2908
TT_monthly_Trustmind,2023-01-31,CPB,Equities,106250.4909,51.1700,5436837.6204,26734.9354
TT_monthly_Trustmind,2023-01-31,CRL,Equities,222513.0878,243.2500,54126308.6007,995317.0199
TT_monthly_Trustmind,2023-01-31,CSX,Equities,211314.5977,30.7000,6487358.1487,-731.5238
TT_monthly_Trustmind,2023-01-31,CVX,Equities,53545.2136,169.2000,9059850.1376,-31310.2005
TT_monthly_Trustmind,2023-01-31,DFS,Equities,85846.6790,114.3800,9819143.1449,190836.9769
TT_monthly_Trustmind,2023-01-31,DLTR,Equities,43517.3563,150.1800,6535436.5640,-2529.9028
TT_monthly_Trustmind,2023-01-31,EG,Equities,164369.7078,346.4500,56945885.2637,611076.4980
TT_monthly_Trustmind,2023-01-31,EPAM,Equities,26292.1072,332.6500,8746069.4545,1166.1630
TT_monthly_Trustmind,2023-01-31,ESS,Equities,153446.4958,221.2700,33953106.1179,-432075.7772
TT_monthly_Trustmind,2023-01-31,FANG,Equities,43559.4149,141.4500,6161479.2417,25513.4653
TT_monthly_Trustmind,2023-01-31,FMC,Equities,206987.9983,131.7500,27270668.7741,67681.7899
TT_monthly_Trustmind,2023-01-31,FTV,Equities,152321.6327,67.8800,10339592.4279,-57804.8696
TT_monthly_Trustmind,2023-01-31,HD,Equities,17723.8504,319.5400,5663479.1593,25929.0914
TT_monthly_Trustmind,2023-01-31,HII,Equities,83107.9178,216.7300,18011979.0341,49011.8010
TT_monthly_Trustmind,2023-01-31,HRL,Equities,140269.3517,44.6900,6268637.3297,-683.7873
TT_monthly_Trustmind,2023-01-31,INVH,Equities,171947.3594,31.7600,5461048.1330,105248.9175
TT_monthly_Trustmind,2023-01-31,IQV,Equities,133119.3791,229.4100,30538916.7504,480454.4139
TT_monthly_Trustmind,2023-01-31,ITW,Equities,161754.3187,233.5100,37771250.9602,413700.4134
TT_monthly_Trustmind,2023-01-31,JBHT,Equities,126314.8647,187.8100,23723194.7362,-201970.4328
TT_monthly_Trustmind,2023-01-31,K,Equities,167928.4479,67.3800,11315018.8225,-59605.7226
TT_monthly_Trustmind,2023-01-31,KEYS,Equities,253187.5427,179.3500,45409185.7818,-325647.3122
TT_monthly_Trustmind,2023-01-31,LEN,Equities,183023.9618,101.7500,18622688.1126,164877.1827
TT_monthly_Trustmind,2023-01-31,LLY,Equities,163875.3123,341.4200,55950309.1360,-347869.9056
TT_monthly_Trustmind,2023-01-31,MA,Equities,50350.7344,369.4900,18604092.8652,-99341.4608
TT_monthly_Trustmind,2023-01-31,MAR,Equities,208539.6331,172.8000,36035648.5952,308857.7331
TT_monthly_Trustmind,2023-01-31,MO,Equities,86253.6584,43.2000,3726158.0438,-5846.6489
TT_monthly_Trustmind,2023-01-31,MPC,Equities,23341.7332,126.2600,2947127.2359,21647.5443
TT_monthly_Trustmind,2023-01-31,MPWR,Equities,53525.3388,424.8800,22741845.9491,-21751.4045
TT_monthly_Trustmind,2023-01-31,MTD,Equities,86272.9559,1532.9200,132249539.5986,1987492.1547
TT_monthly_Trustmind,2023-01-31,ON,Equities,247935.4053,73.4500,18210855.5203,122944.3989
TT_monthly_Trustmind,2023-01-31,PRU,Equities,144152.3559,100.7100,14517583.7676,199496.1134
TT_monthly_Trustmind,2023-01-31,SJM,Equities,95282.6637,149.6600,14260003.4532,1565.3245
TT_monthly_Trustmind,2023-01-31,STZ,Equities,68181.7932,229.0700,15618403.3674,-122.9103
TT_monthly_Trustmind,2023-01-31,TAP,Equities,42531.6991,51.8300,2204417.9660,-720.4402
TT_monthly_Trustmind,2023-01-31,TMO,Equities,198633.6634,569.5800,113137762.0080,363505.4156
TT_monthly_Trustmind,2023-01-31,TXN,Equities,124668.0619,174.6300,21770783.6429,381315.7955
TT_monthly_Trustmind,2023-01-31,UAL,Equities,207131.5750,48.9600,10141161.9127,215975.9428
TT_monthly_Trustmind,2023-01-31,VICI,Equities,176336.3045,33.3400,5879052.3929,-40951.8768
TT_monthly_Trustmind,2023-01-31,VMC,Equities,201343.6433,182.1400,36672731.1833,386426.8261
TT_monthly_Trustmind,2023-01-31,VZ,Equities,175457.6083,40.1800,7049886.7032,102752.4183
TT_monthly_Trustmind,2023-01-31,WHR,Equities,127134.9261,149.6000,19019384.9508,135463.8032
TT_monthly_Trustmind,2023-01-31,XYL,Equities,86954.5537,103.3400,8985883.5761,-81298.9005
TT_monthly_Trustmind,2023-01-31,ZTS,Equities,196519.0198,164.7700,32380438.8958,17243.0622
TT_monthly_Trustmind,2023-02-28,ABC,Equities,17888.9513,154.7100,2767599.6520,-8250.5984
TT_monthly_Trustmind,2023-02-28,ADSK,Equities,83413.0493,198.6900,16573338.7691,-141997.9752
TT_monthly_Trustmind,2023-02-28,AKAM,Equities,42638.9075,72.6000,3095584.6836,-108326.5395
TT_monthly_Trustmind,2023-02-28,ALB,Equities,166474.7026,253.3900,42183024.9001,395367.2649
TT_monthly_Trustmind,2023-02-28,ALL,Equities,221323.5698,127.7200,28267446.3381,36719.2909
TT_monthly_Trustmind,2023-02-28,AON,Equities,170455.3489,302.9000,51630925.1830,202361.0506
TT_monthly_Trustmind,2023-02-28,APTV,Equities,138493.4041,116.2800,16104013.0279,-74207.5791
TT_monthly_Trustmind,2023-02-28,BBY,Equities,77886.7060,81.1500,6320506.1881,-13449.2718
TT_monthly_Trustmind,2023-02-28,BEN,Equities,140766.3862,28.8100,4055479.5859,4408.9973
TT_monthly_Trustmind,2023-02-28,CARR,Equities,9170.3554,44.6600,409548.0721,-164.4659
TT_monthly_Trustmind,2023-02-28,CDNS,Equities,180625.6284,192.9400,34849908.7425,17583.8116
TT_monthly_Trustmind,2023-02-28,COP,Equities,57219.5738,101.1400,5787187.6965,-60486.6660
TT_monthly_Trustmind,2023-02-28,CPB,Equities,111165.9941,51.7500,5752840.1926,-14254.9591
TT_monthly_Trustmind,2023-02-28,CRL,Equities,230138.0759,219.3400,50478485.5785,911567.3364
TT_monthly_Trustmind,2023-02-28,CSX,Equities,216801.0265,30.3800,6586415.1865,8778.2862
TT_monthly_Trustmind,2023-02-28,CVX,Equities,52794.7551,157.7000,8325732.8769,-43151.3634
TT_monthly_Trustmind,2023-02-28,DFS,Equities,85153.9481,110.3600,9397589.7112,-13923.8915
TT_monthly_Trustmind,2023-02-28,DLTR,Equities,43953.7767,145.2800,6385604.6854,10692.3017
TT_monthly_Trustmind,2023-02-28,EG,Equities,165535.8048,380.4100,62971475.5172,-198003.2783
TT_monthly_Trustmind,2023-02-28,EPAM,Equities,25951.6794,307.6500,7984034.1729,-42553.4707
TT_monthly_Trustmind,2023-02-28,ESS,Equities,145415.9301,223.2200,32459743.9237,78298.0149
TT_monthly_Trustmind,2023-02-28,FANG,Equities,43021.8063,136.0800,5854407.3953,-14434.7929
TT_monthly_Trustmind,2023-02-28,FMC,Equities,200047.3293,127.8100,25568049.1573,-136731.1791
TT_monthly_Trustmind,2023-02-28,FTV,Equities,149605.9626,66.5900,9962261.0474,-17516.0724
TT_monthly_Trustmind,2023-02-28,HD,Equities,18181.0528,292.3000,5314321.7374,62270.9677
TT_monthly_Trustmind,2023-02-28,HII,Equities,83738.7978,212.6800,17809567.5131,12775.3188
TT_monthly_Trustmind,2023-02-28,HRL,Equities,136482.0104,43.7700,5973817.5949,-17421.7702
TT_monthly_Trustmind,2023-02-28,INVH,Equities,175968.4974,30.7900,5418070.0348,19502.5195
TT_monthly_Trustmind,2023-02-28,IQV,Equities,138004.3691,208.4700,28769770.8163,511458.4521
TT_monthly_Trustmind,2023-02-28,ITW,Equities,162770.4890,230.6600,37544640.9892,14480.4265
TT_monthly_Trustmind,2023-02-28,JBHT,Equities,129781.9829,179.9900,23359459.1072,135564.3234
TT_monthly_Trustmind,2023-02-28,K,Equities,170496.5829,65.3500,11141951.6917,26066.5697
TT_monthly_Trustmind,2023-02-28,KEYS,Equities,252423.1471,159.9600,40377606.6119,-74108.1516
TT_monthly_Trustmind,2023-02-28,LEN,Equities,182291.6463,96.1300,17523695.9543,-20578.0667
TT_monthly_Trustmind,2023-02-28,LLY,Equities,166620.9183,309.7500,51610829.4549,434766.7111
TT_monthly_Trustmind,2023-02-28,MA,Equities,50984.5832,354.2200,18059759.0688,48394.3551
TT_monthly_Trustmind,2023-02-28,MAR,Equities,205180.4654,168.2900,34529820.5218,-75749.2311
TT_monthly_Trustmind,2023-02-28,MO,Equities,85335.7900,44.5300,3800002.7267,6103.8253
TT_monthly_Trustmind,2023-02-28,MPC,Equities,23870.2704,122.1400,2915514.8283,10887.8663
TT_monthly_Trustmind,2023-02-28,MPWR,Equities,55903.8799,482.3900,26967472.6187,-683949.4897
TT_monthly_Trustmind,2023-02-28,MTD,Equities,86811.2243,1433.7100,124462120.4530,267008.0482
TT_monthly_Trustmind,2023-02-28,ON,Equities,246307.9825,77.4100,19066700.9226,32222.9724
TT_monthly_Trustmind,2023-02-28,PRU,Equities,149615.0340,97.1500,14535100.5575,97235.6701
TT_monthly_Trustmind,2023-02-28,SJM,Equities,94944.2152,145.8500,13847613.7857,-6447.4446
TT_monthly_Trustmind,2023-02-28,STZ,Equities,68662.7464,222.1000,15249995.9702,16761.2183
TT_monthly_Trustmind,2023-02-28,TAP,Equities,42132.8840,52.4300,2209027.1105,1196.4453
TT_monthly_Trustmind,2023-02-28,TMO,Equities,194826.1174,541.0500,105410670.8222,-543146.4383
TT_monthly_Trustmind,2023-02-28,TXN,Equities,125665.0996,168.9500,21231118.5734,28315.8711
TT_monthly_Trustmind,2023-02-28,UAL,Equities,211243.2629,51.9600,10976199.9395,-61675.3180
TT_monthly_Trustmind,2023-02-28,VICI,Equities,174723.8908,32.7100,5715218.4696,-5079.1031
TT_monthly_Trustmind,2023-02-28,VMC,Equities,201799.0314,179.7400,36271357.8985,5464.6573
TT_monthly_Trustmind,2023-02-28,VZ,Equities,177949.9552,37.5100,6674902.8205,33272.8309
TT_monthly_Trustmind,2023-02-28,WHR,Equities,129671.0635,132.6600,17202163.2856,214810.8354
TT_monthly_Trustmind,2023-02-28,XYL,Equities,91087.1884,102.3100,9319130.2454,21283.0689
TT_monthly_Trustmind,2023-02-28,ZTS,Equities,201827.6478,166.2800,33559901.2687,-40080.1409
TT_monthly_Trustmind,2023-03-31,ABC,Equities,18627.3694,159.2300,2966036.0372,-16688.2507
TT_monthly_Trustmind,2023-03-31,ADSK,Equities,86572.8919,208.1600,18021013.1821,-149618.5472
TT_monthly_Trustmind,2023-03-31,AKAM,Equities,44096.9411,78.3000,3452790.4908,-41553.9589
TT_monthly_Trustmind,2023-03-31,ALB,Equities,165028.7918,220.6500,36413602.9056,-236695.6070
TT_monthly_Trustmind,2023-03-31,ALL,Equities,225986.9684,109.9000,24835967.8261,415508.8122
TT_monthly_Trustmind,2023-03-31,AON,Equities,171246.0518,314.1000,53788384.8597,-44279.3603
TT_monthly_Trustmind,2023-03-31,APTV,Equities,131839.2288,112.1900,14791043.0811,-136077.8844
TT_monthly_Trustmind,2023-03-31,BBY,Equities,80871.3866,77.3400,6254593.0391,56858.1662
TT_monthly_Trustmind,2023-03-31,BEN,Equities,145053.4010,26.6400,3864222.6013,46514.1102
TT_monthly_Trustmind,2023-03-31,CARR,Equities,9200.2913,45.3700,417417.2149,-106.2723
TT_monthly_Trustmind,2023-03-31,CDNS,Equities,182309.9541,210.0900,38301498.2655,-144430.9327
TT_monthly_Trustmind,2023-03-31,COP,Equities,56861.6628,97.6900,5554815.8437,-6173.9643
TT_monthly_Trustmind,2023-03-31,CPB,Equities,106434.1471,54.1800,5766602.0889,57491.9408
TT_monthly_Trustmind,2023-03-31,CRL,Equities,224948.5318,201.8200,45399112.6792,-454604.0711
TT_monthly_Trustmind,2023-03-31,CSX,Equities,212838.6057,29.8300,6348975.6079,-10896.6573
TT_monthly_Trustmind,2023-03-31,CVX,Equities,54874.5972,160.0400,8782130.5356,-24334.1527
TT_monthly_Trustmind,2023-03-31,DFS,Equities,87240.8000,97.3900,8496381.5101,135332.3451
TT_monthly_Trustmind,2023-03-31,DLTR,Equities,44403.5570,143.5500,6374130.6121,3890.5995
TT_monthly_Trustmind,2023-03-31,EG,Equities,161770.9772,356.3400,57645470.0267,-453097.0020
TT_monthly_Trustmind,2023-03-31,EPAM,Equities,26764.4837,299.0000,8002580.6248,35153.7850
TT_monthly_Trustmind,2023-03-31,ESS,Equities,148878.9250,207.0400,30823892.6271,280156.2830
TT_monthly_Trustmind,2023-03-31,FANG,Equities,43926.5623,133.5700,5867270.9285,11354.6885
TT_monthly_Trustmind,2023-03-31,FMC,Equities,210150.3149,121.4500,25522755.7478,321274.9431
TT_monthly_Trustmind,2023-03-31,FTV,Equities,155372.9475,68.1000,10580897.7221,-43540.7359
TT_monthly_Trustmind,2023-03-31,HD,Equities,17734.7362,293.0100,5196455.0479,1584.4241
TT_monthly_Trustmind,2023-03-31,HII,Equities,83713.5626,204.5900,17126957.7700,-1020.7637
TT_monthly_Trustmind,2023-03-31,HRL,Equities,138217.3013,39.3300,5436086.4618,38523.4591
TT_monthly_Trustmind,2023-03-31,INVH,Equities,176265.7119,30.7600,5421933.2995,44.5822
TT_monthly_Trustmind,2023-03-31,IQV,Equities,139650.8420,198.8900,27775155.9657,78866.0543
TT_monthly_Trustmind,2023-03-31,ITW,Equities,170866.5342,242.1600,41377039.9181,-465522.5990
TT_monthly_Trustmind,2023-03-31,JBHT,Equities,123444.6496,174.6800,21563311.3886,-168256.2004
TT_monthly_Trustmind,2023-03-31,K,Equities,169048.7753,66.3700,11219767.2146,7383.8189
TT_monthly_Trustmind,2023-03-31,KEYS,Equities,250598.4609,161.4800,40466639.4638,13867.6153
TT_monthly_Trustmind,2023-03-31,LEN,Equities,180863.6309,104.4400,18889397.6160,59334.0360
TT_monthly_Trustmind,2023-03-31,LLY,Equities,158481.5775,341.8000,54169003.1741,1304329.3764
TT_monthly_Trustmind,2023-03-31,MA,Equities,49319.4725,362.3200,17869431.2805,67436.9838
TT_monthly_Trustmind,2023-03-31,MAR,Equities,214736.3585,165.1100,35455120.1584,151938.7009
TT_monthly_Trustmind,2023-03-31,MO,Equities,87916.2126,43.7000,3841938.4917,10708.7541
TT_monthly_Trustmind,2023-03-31,MPC,Equities,23427.8298,133.2400,3121524.0390,24555.4555
TT_monthly_Trustmind,2023-03-31,MPWR,Equities,53008.2646,499.5900,26482398.9364,249022.9104
TT_monthly_Trustmind,2023-03-31,MTD,Equities,86414.1411,1530.2100,132231782.8294,191592.6721
TT_monthly_Trustmind,2023-03-31,ON,Equities,243373.6898,82.3200,20034522.1403,72036.8861
TT_monthly_Trustmind,2023-03-31,PRU,Equities,150193.9592,80.3800,12072590.4380,48542.8717
TT_monthly_Trustmind,2023-03-31,SJM,Equities,93703.2372,155.2000,14542742.4186,58015.7196
TT_monthly_Trustmind,2023-03-31,STZ,Equities,65897.2656,224.2700,14778779.7539,30005.4665
TT_monthly_Trustmind,2023-03-31,TAP,Equities,43968.2911,51.3400,2257332.0654,10002.9685
TT_monthly_Trustmind,2023-03-31,TMO,Equities,197170.7642,575.9900,113568388.4478,-409609.7878
TT_monthly_Trustmind,2023-03-31,TXN,Equities,129129.1665,183.3000,23669376.2205,-248546.8022
TT_monthly_Trustmind,2023-03-31,UAL,Equities,213256.7183,44.2500,9436609.7841,77618.7057
TT_monthly_Trustmind,2023-03-31,VICI,Equities,170881.5434,32.2200,5505803.3269,-9413.7514
TT_monthly_Trustmind,2023-03-31,VMC,Equities,206166.6173,170.8500,35223566.5726,194139.1964
TT_monthly_Trustmind,2023-03-31,VZ,Equities,176739.9028,37.5800,6641885.5455,423.5184
TT_monthly_Trustmind,2023-03-31,WHR,Equities,124863.7583,128.5800,16054982.0482,-98069.0254
TT_monthly_Trustmind,2023-03-31,XYL,Equities,87658.1704,104.3500,9147130.0769,34975.9840
TT_monthly_Trustmind,2023-03-31,ZTS,Equities,195660.8582,165.7200,32424917.4145,-17267.0109
TT_monthly_Trustmind,2023-04-30,ABC,Equities,18563.8691,165.9400,3080488.4407,2130.4362
TT_monthly_Trustmind,2023-04-30,ADSK,Equities,82504.1699,194.7900,16070987.2472,-271994.0697
TT_monthly_Trustmind,2023-04-30,AKAM,Equities,43457.9793,81.9700,3562250.5657,11724.9491
TT_monthly_Trustmind,2023-04-30,ALB,Equities,167173.2888,185.1300,30948790.9511,380862.6670
TT_monthly_Trustmind,2023-04-30,ALL,Equities,217986.2562,114.8100,25027002.0697,196417.4853
TT_monthly_Trustmind,2023-04-30,AON,Equities,167511.2425,324.5500,54365773.7542,195143.7840
TT_monthly_Trustmind,2023-04-30,APTV,Equities,133624.4954,102.8600,13744615.5922,83282.6840
TT_monthly_Trustmind,2023-04-30,BBY,Equities,80625.9619,73.6300,5936489.5766,-4552.6276
TT_monthly_Trustmind,2023-04-30,BEN,Equities,137113.9624,26.5800,3644489.1211,-2381.8316
TT_monthly_Trustmind,2023-04-30,CARR,Equities,9037.0047,41.4700,374764.5848,-3184.0882
TT_monthly_Trustmind,2023-04-30,CDNS,Equities,185770.1451,209.4500,38909556.8863,11072.6110
TT_monthly_Trustmind,2023-04-30,COP,Equities,59280.4483,101.3100,6005702.2177,-43780.0167
TT_monthly_Trustmind,2023-04-30,CPB,Equities,107719.7402,53.8700,5802862.4051,1992.6693
TT_monthly_Trustmind,2023-04-30,CRL,Equities,228795.1676,190.1200,43498537.2609,225028.1958
TT_monthly_Trustmind,2023-04-30,CSX,Equities,217976.6899,30.5300,6654828.3419,-17983.2946
TT_monthly_Trustmind,2023-04-30,CVX,Equities,53700.6657,165.3600,8879942.0795,31226.5780
TT_monthly_Trustmind,2023-04-30,DFS,Equities,87206.1634,101.9500,8890668.3621,789.7132
TT_monthly_Trustmind,2023-04-30,DLTR,Equities,43267.9731,153.7100,6650720.1507,57687.6620
TT_monthly_Trustmind,2023-04-30,EG,Equities,167801.3648,376.2300,63131907.4818,-599722.0445
TT_monthly_Trustmind,2023-04-30,EPAM,Equities,26775.0396,282.4400,7562342.1831,874.0285
TT_monthly_Trustmind,2023-04-30,ESS,Equities,153252.4486,217.5300,33337005.1526,-229391.3161
TT_monthly_Trustmind,2023-04-30,FANG,Equities,44695.8235,140.5200,6280657.1191,-26731.8264
TT_monthly_Trustmind,2023-04-30,FMC,Equities,207768.3102,122.8900,25532647.6385,17150.4341
TT_monthly_Trustmind,2023-04-30,FTV,Equities,148995.6996,63.0200,9389708.9899,-161982.0952
TT_monthly_Trustmind,2023-04-30,HD,Equities,18630.9980,298.3900,5559303.5047,-24109.4440
TT_monthly_Trustmind,2023-04-30,HII,Equities,81719.9820,199.2900,16285975.2064,-52829.8864
TT_monthly_Trustmind,2023-04-30,HRL,Equities,134306.0106,40.1600,5393729.3869,16231.8565
TT_monthly_Trustmind,2023-04-30,INVH,Equities,177437.0869,32.8700,5832357.0478,-12358.0062
TT_monthly_Trustmind,2023-04-30,IQV,Equities,136698.0765,188.2300,25730678.9328,-157382.4032
TT_monthly_Trustmind,2023-04-30,ITW,Equities,170216.8515,240.6600,40964387.4928,-4872.6198
TT_monthly_Trustmind,2023-04-30,JBHT,Equities,124003.4525,174.5100,21639842.4994,474.9825
TT_monthly_Trustmind,2023-04-30,K,Equities,174236.7526,69.1500,12048471.4401,-72112.8845
TT_monthly_Trustmind,2023-04-30,KEYS,Equities,242584.6362,144.6400,35087441.7870,-674764.0345
TT_monthly_Trustmind,2023-04-30,LEN,Equities,188150.1706,112.4700,21161249.6860,-292554.5666
TT_monthly_Trustmind,2023-04-30,LLY,Equities,157864.2223,393.9900,62196924.9275,161098.8386
TT_monthly_Trustmind,2023-04-30,MA,Equities,50466.4370,379.4800,19151003.5085,-98409.5521
TT_monthly_Trustmind,2023-04-30,MAR,Equities,212566.4614,168.3900,35794066.4362,35586.3130
TT_monthly_Trustmind,2023-04-30,MO,Equities,86028.5209,46.5300,4002907.0763,26710.8383
TT_monthly_Trustmind,2023-04-30,MPC,Equities,23391.9562,120.5600,2820134.2404,-2274.3840
TT_monthly_Trustmind,2023-04-30,MPWR,Equities,54330.8859,461.0900,25051428.1775,254604.5898
TT_monthly_Trustmind,2023-04-30,MTD,Equities,90420.2700,1491.5000,134861832.6420,775386.2434
TT_monthly_Trustmind,2023-04-30,ON,Equities,245691.5344,71.9600,17679962.8166,120064.3536
TT_monthly_Trustmind,2023-04-30,PRU,Equities,150876.7939,84.5200,12752106.6231,-14134.6796
TT_monthly_Trustmind,2023-04-30,SJM,Equities,93957.0736,152.2800,14307783.1729,3706.0114
TT_monthly_Trustmind,2023-04-30,STZ,Equities,65255.9947,227.8300,14867273.2687,11414.6221
TT_monthly_Trustmind,2023-04-30,TAP,Equities,42180.0557,59.0900,2492419.4926,69294.1211
TT_monthly_Trustmind,2023-04-30,TMO,Equities,194786.0380,554.5300,108014701.6375,-255881.1197
TT_monthly_Trustmind,2023-04-30,TXN,Equities,124923.7126,164.7600,20582430.8810,-389845.5810
TT_monthly_Trustmind,2023-04-30,UAL,Equities,213383.8839,43.8000,9346214.1144,286.1226
TT_monthly_Trustmind,2023-04-30,VICI,Equities,172219.5036,33.5300,5774519.9571,-8763.6399
TT_monthly_Trustmind,2023-04-30,VMC,Equities,213183.7341,174.4000,37179243.2332,-124553.8231
TT_monthly_Trustmind,2023-04-30,VZ,Equities,175891.0600,38.1500,6710243.9380,2419.2019
TT_monthly_Trustmind,2023-04-30,WHR,Equities,124914.2287,135.9500,16982089.3974,-1859.8341
TT_monthly_Trustmind,2023-04-30,XYL,Equities,87996.6189,103.4900,9106770.0892,1455.3287
TT_monthly_Trustmind,2023-04-30,ZTS,Equities,193824.7914,175.3900,33994930.1561,88773.8300
TT_monthly_Trustmind,2023-05-31,ABC,Equities,18010.5091,169.7100,3056563.4924,10430.8370
TT_monthly_Trustmind,2023-05-31,ADSK,Equities,83667.8753,199.3900,16682537.6630,-26765.2259
TT_monthly_Trustmind,2023-05-31,AKAM,Equities,42694.6558,92.1200,3933031.6953,38738.6675
TT_monthly_Trustmind,2023-05-31,ALB,Equities,166393.4717,193.1900,32145554.7949,31426.6287
TT_monthly_Trustmind,2023-05-31,ALL,Equities,225125.0132,107.5600,24214446.4204,258779.9429
TT_monthly_Trustmind,2023-05-31,AON,Equities,169075.8248,307.7000,52024631.2791,131816.0553
TT_monthly_Trustmind,2023-05-31,APTV,Equities,137073.3057,88.0800,12073416.7670,254867.0853
TT_monthly_Trustmind,2023-05-31,BBY,Equities,80055.9433,71.8100,5748817.2914,-5187.1691
TT_monthly_Trustmind,2023-05-31,BEN,Equities,144517.5241,23.7400,3430846.0222,105130.5759
TT_monthly_Trustmind,2023-05-31,CARR,Equities,9291.0060,40.7400,378515.5858,927.1049
TT_monthly_Trustmind,2023-05-31,CDNS,Equities,179289.1525,230.9100,41399658.2110,695410.5001
TT_monthly_Trustmind,2023-05-31,COP,Equities,56971.3452,98.2800,5599143.8106,-34982.9114
TT_monthly_Trustmind,2023-05-31,CPB,Equities,109545.4985,50.1500,5493706.7507,33959.1045
TT_monthly_Trustmind,2023-05-31,CRL,Equities,226291.4401,193.3800,43760238.6909,40810.7576
TT_monthly_Trustmind,2023-05-31,CSX,Equities,212512.0325,30.6700,6517744.0383,3825.2601
TT_monthly_Trustmind,2023-05-31,CVX,Equities,53427.2844,149.1900,7970816.5577,-22102.8788
TT_monthly_Trustmind,2023-05-31,DFS,Equities,87093.5947,101.9300,8877450.1037,-11.2569
TT_monthly_Trustmind,2023-05-31,DLTR,Equities,45467.8886,134.8800,6132708.8154,207122.0417
TT_monthly_Trustmind,2023-05-31,EG,Equities,162503.9525,340.0200,55254593.9349,-959096.4953
TT_monthly_Trustmind,2023-05-31,EPAM,Equities,26775.0396,256.6200,6871010.6608,0.0000
TT_monthly_Trustmind,2023-05-31,ESS,Equities,146580.2129,213.8900,31352041.7330,-121434.6908
TT_monthly_Trustmind,2023-05-31,FANG,Equities,44861.9140,126.4300,5671891.7858,11701.0746
TT_monthly_Trustmind,2023-05-31,FMC,Equities,207994.1899,103.5000,21527398.6592,21899.0427
TT_monthly_Trustmind,2023-05-31,FTV,Equities,154381.2702,65.1100,10051764.5004,-56279.2122
TT_monthly_Trustmind,2023-05-31,HD,Equities,18665.4696,283.4500,5290727.3718,2575.0293
TT_monthly_Trustmind,2023-05-31,HII,Equities,84016.3850,200.2500,16824281.0885,-11022.7344
TT_monthly_Trustmind,2023-05-31,HRL,Equities,134691.6308,37.9900,5116935.0556,4183.9793
TT_monthly_Trustmind,2023-05-31,INVH,Equities,170933.3332,33.6300,5748487.9968,24714.2641
TT_monthly_Trustmind,2023-05-31,IQV,Equities,132724.7698,196.9100,26134834.4295,172441.5074
TT_monthly_Trustmind,2023-05-31,ITW,Equities,168567.6572,217.5700,36675265.1666,-190399.4926
TT_monthly_Trustmind,2023-05-31,JBHT,Equities,125006.7578,166.6300,20829876.0522,39530.2280
TT_monthly_Trustmind,2023-05-31,K,Equities,171530.7312,66.7700,11453106.9213,-32201.6544
TT_monthly_Trustmind,2023-05-31,KEYS,Equities,250746.4084,161.8000,40570768.8820,-700280.0521
TT_monthly_Trustmind,2023-05-31,LEN,Equities,183536.5827,106.8000,19601707.0296,-130795.2174
TT_monthly_Trustmind,2023-05-31,LLY,Equities,158725.2703,428.5400,68020127.3325,-148746.0485
TT_monthly_Trustmind,2023-05-31,MA,Equities,50411.1010,364.4900,18374342.1974,-4147.4336
TT_monthly_Trustmind,2023-05-31,MAR,Equities,206307.1428,167.3700,34529626.4829,-31922.5251
TT_monthly_Trustmind,2023-05-31,MO,Equities,86357.5681,43.5100,3757417.7863,4968.6125
TT_monthly_Trustmind,2023-05-31,MPC,Equities,24121.3854,104.3800,2517790.2050,59010.8193
TT_monthly_Trustmind,2023-05-31,MPWR,Equities,54336.3288,488.9800,26569378.0474,-759.0104
TT_monthly_Trustmind,2023-05-31,MTD,Equities,89811.4090,1321.8700,118719007.1641,-516405.4538
TT_monthly_Trustmind,2023-05-31,ON,Equities,252299.8575,83.6000,21092268.0871,-384604.4036
TT_monthly_Trustmind,2023-05-31,PRU,Equities,150090.0495,77.6300,11651490.5451,-27103.3446
TT_monthly_Trustmind,2023-05-31,SJM,Equities,93421.1968,145.5100,13593718.3446,-18139.4312
TT_monthly_Trustmind,2023-05-31,STZ,Equities,64815.1209,242.1700,15696277.8368,31610.6478
TT_monthly_Trustmind,2023-05-31,TAP,Equities,42282.9757,61.4400,2597866.0298,-1209.3103
TT_monthly_Trustmind,2023-05-31,TMO,Equities,203122.5598,508.1200,103210635.0670,1934489.8813
TT_monthly_Trustmind,2023-05-31,TXN,Equities,124757.5396,172.6700,21541884.3637,6572.1403
TT_monthly_Trustmind,2023-05-31,UAL,Equities,208170.0941,47.4700,9881834.3677,95673.0423
TT_monthly_Trustmind,2023-05-31,VICI,Equities,173608.9239,30.5500,5303752.6264,20702.3624
TT_monthly_Trustmind,2023-05-31,VMC,Equities,205442.1363,195.1200,40085869.6261,802029.5404
TT_monthly_Trustmind,2023-05-31,VZ,Equities,180153.3344,35.0000,6305366.7023,67130.8214
TT_monthly_Trustmind,2023-05-31,WHR,Equities,122479.0322,127.6200,15630774.0844,-101425.9376
TT_monthly_Trustmind,2023-05-31,XYL,Equities,88700.2356,100.2000,8887763.6053,11574.4945
TT_monthly_Trustmind,2023-05-31,ZTS,Equities,198674.4026,162.6500,32314391.5813,308920.2356
TT_monthly_Trustmind,2023-06-30,ABC,Equities,18039.5378,191.9300,3462328.4867,-3225.0913
TT_monthly_Trustmind,2023-06-30,ADSK,Equities,83531.9681,204.6100,17091475.9983,3547.1781
TT_monthly_Trustmind,2023-06-30,AKAM,Equities,43616.6477,89.8700,3919828.1286,10372.4085
TT_monthly_Trustmind,2023-06-30,ALB,Equities,157766.7451,223.0900,35196183.1692,1289695.6213
TT_monthly_Trustmind,2023-06-30,ALL,Equities,224705.0863,109.0400,24501842.6124,3107.4589
TT_monthly_Trustmind,2023-06-30,AON,Equities,169614.1756,344.5400,58438868.0772,-99164.2330
TT_monthly_Trustmind,2023-06-30,APTV,Equities,137100.3552,102.0900,13996575.2628,-1894.8170
TT_monthly_Trustmind,2023-06-30,BBY,Equities,79224.6662,81.9500,6492461.3984,42145.7490
TT_monthly_Trustmind,2023-06-30,BEN,Equities,142839.3835,26.7100,3815239.9321,24920.3886
TT_monthly_Trustmind,2023-06-30,CARR,Equities,8874.6253,49.7100,441157.6222,18674.6772
TT_monthly_Trustmind,2023-06-30,CDNS,Equities,184653.3639,234.5200,43304906.8960,-96824.0148
TT_monthly_Trustmind,2023-06-30,COP,Equities,59089.9473,103.1600,6095718.9637,-51693.8902
TT_monthly_Trustmind,2023-06-30,CPB,Equities,107546.8874,45.3500,4877251.3414,-47966.6680
TT_monthly_Trustmind,2023-06-30,CRL,Equities,223628.3846,210.2500,47017867.8518,224628.7375
TT_monthly_Trustmind,2023-06-30,CSX,Equities,222178.5977,34.1000,7576290.1816,-165781.5924
TT_monthly_Trustmind,2023-06-30,CVX,Equities,52516.0134,155.8500,8184620.6819,30345.3253
TT_monthly_Trustmind,2023-06-30,DFS,Equities,86054.4983,115.9300,9976297.9860,72736.7464
TT_monthly_Trustmind,2023-06-30,DLTR,Equities,43472.8236,143.5000,6238350.1815,85987.3034
TT_monthly_Trustmind,2023-06-30,EG,Equities,163586.7569,341.8600,55923768.7194,-9961.8005
TT_monthly_Trustmind,2023-06-30,EPAM,Equities,26526.9760,224.7500,5961937.8451,-39528.9415
TT_monthly_Trustmind,2023-06-30,ESS,Equities,151685.1449,234.3000,35539829.4590,-520958.3165
TT_monthly_Trustmind,2023-06-30,FANG,Equities,43895.9667,130.6200,5733691.1703,20236.5957
TT_monthly_Trustmind,2023-06-30,FMC,Equities,201957.0400,104.3400,21072197.5530,25356.0298
TT_monthly_Trustmind,2023-06-30,FTV,Equities,154854.2240,74.7700,11578450.3249,-22843.6679
TT_monthly_Trustmind,2023-06-30,HD,Equities,17700.2646,310.6400,5498410.1858,131219.6305
TT_monthly_Trustmind,2023-06-30,HII,Equities,85799.6723,226.3200,19418181.8275,-232451.5003
TT_monthly_Trustmind,2023-06-30,HRL,Equities,138506.5165,39.9400,5531950.2690,-37195.1352
TT_monthly_Trustmind,2023-06-30,INVH,Equities,178748.3276,34.1400,6102467.9045,-19928.2356
TT_monthly_Trustmind,2023-06-30,IQV,Equities,135350.9622,224.7700,30422835.7810,-365828.6000
TT_monthly_Trustmind,2023-06-30,ITW,Equities,162470.6355,250.1600,40643654.1664,993509.6850
TT_monthly_Trustmind,2023-06-30,JBHT,Equities,125806.8620,180.6600,22728267.6908,-56127.3103
TT_monthly_Trustmind,2023-06-30,K,Equities,170824.0632,67.4000,11513541.8584,2226.0042
TT_monthly_Trustmind,2023-06-30,KEYS,Equities,244384.6646,167.4500,40922212.0792,179719.2642
TT_monthly_Trustmind,2023-06-30,LEN,Equities,178135.7556,124.9300,22254499.9412,489584.9785
TT_monthly_Trustmind,2023-06-30,LLY,Equities,164508.9137,467.9800,76986881.4412,-1140534.4827
TT_monthly_Trustmind,2023-06-30,MA,Equities,48846.6012,392.7300,19183525.6863,220907.3705
TT_monthly_Trustmind,2023-06-30,MAR,Equities,204637.9911,183.2300,37495819.1119,132363.7251
TT_monthly_Trustmind,2023-06-30,MO,Equities,85881.3156,45.3000,3890423.5946,4262.4599
TT_monthly_Trustmind,2023-06-30,MPC,Equities,24066.3792,116.0100,2791940.6553,3198.6067
TT_monthly_Trustmind,2023-06-30,MPWR,Equities,53900.8979,540.2300,29118882.0825,111579.1586
TT_monthly_Trustmind,2023-06-30,MTD,Equities,89484.9183,1311.6400,117371998.2162,-16699.9982
TT_monthly_Trustmind,2023-06-30,ON,Equities,250179.2762,94.5800,23661955.9442,116419.9127
TT_monthly_Trustmind,2023-06-30,PRU,Equities,147017.2931,87.0300,12794915.0187,144419.5522
TT_monthly_Trustmind,2023-06-30,SJM,Equities,93618.6251,146.5800,13722618.0671,-1056.2415
TT_monthly_Trustmind,2023-06-30,STZ,Equities,64988.7985,245.3200,15943052.0412,-2735.4212
TT_monthly_Trustmind,2023-06-30,TAP,Equities,41845.5657,65.8400,2755112.0424,9623.0221
TT_monthly_Trustmind,2023-06-30,TMO,Equities,200477.3173,521.7500,104599040.2869,180273.2758
TT_monthly_Trustmind,2023-06-30,TXN,Equities,125537.2742,178.7600,22441043.1410,-23742.9193
TT_monthly_Trustmind,2023-06-30,UAL,Equities,212981.1928,54.8700,11686278.0495,-178010.6516
TT_monthly_Trustmind,2023-06-30,VICI,Equities,176147.6178,31.4300,5536319.6280,-11170.2531
TT_monthly_Trustmind,2023-06-30,VMC,Equities,211465.6790,225.0100,47581892.4297,-900218.4618
TT_monthly_Trustmind,2023-06-30,VZ,Equities,183639.0079,36.5400,6710169.3482,-26839.6862
TT_monthly_Trustmind,2023-06-30,WHR,Equities,125570.3439,146.8700,18442516.4060,-297538.7532
TT_monthly_Trustmind,2023-06-30,XYL,Equities,88130.2170,112.6200,9925225.0383,35398.1541
TT_monthly_Trustmind,2023-06-30,ZTS,Equities,200390.7259,171.8300,34433138.4327,-78779.2403
TT_monthly_Trustmind,2023-07-31,ABC,Equities,18440.4970,186.4100,3437493.0525,11066.4754
TT_monthly_Trustmind,2023-07-31,ADSK,Equities,86360.5369,211.9900,18307570.2188,-104374.1880
TT_monthly_Trustmind,2023-07-31,AKAM,Equities,42488.8158,94.5000,4015193.0920,26109.3087
TT_monthly_Trustmind,2023-07-31,ALB,Equities,164411.4366,212.2800,34901259.7573,359145.5733
TT_monthly_Trustmind,2023-07-31,ALL,Equities,224108.3481,112.6800,25252528.6656,10860.6353
TT_monthly_Trustmind,2023-07-31,AON,Equities,167494.4190,318.5000,53346972.4634,-275992.3105
TT_monthly_Trustmind,2023-07-31,APTV,Equities,134584.7524,109.4900,14735684.5355,93077.3054
TT_monthly_Trustmind,2023-07-31,BBY,Equities,78100.4629,83.0500,6486243.4456,6183.1183
TT_monthly_Trustmind,2023-07-31,BEN,Equities,144320.0958,29.2400,4219919.6010,-18731.0111
TT_monthly_Trustmind,2023-07-31,CARR,Equities,8900.9326,59.5500,530050.5335,-1294.3182
TT_monthly_Trustmind,2023-07-31,CDNS,Equities,185239.2163,234.0100,43347829.0084,1493.9237
TT_monthly_Trustmind,2023-07-31,COP,Equities,59384.3579,117.2100,6960440.5944,-20682.3475
TT_monthly_Trustmind,2023-07-31,CPB,Equities,108205.8889,45.8200,4957993.8281,-1548.6536
TT_monthly_Trustmind,2023-07-31,CRL,Equities,229523.5247,209.5400,48094359.3578,20927.7474
TT_monthly_Trustmind,2023-07-31,CSX,Equities,214972.2169,33.3200,7162874.2679,-28104.8850
TT_monthly_Trustmind,2023-07-31,CVX,Equities,54145.5804,162.1000,8776998.5788,-50923.9693
TT_monthly_Trustmind,2023-07-31,DFS,Equities,84746.9687,104.7200,8874702.5597,-73287.0345
TT_monthly_Trustmind,2023-07-31,DLTR,Equities,44644.0336,154.3300,6889913.7091,-63421.0247
TT_monthly_Trustmind,2023-07-31,EG,Equities,167668.0966,360.5100,60446025.4961,-380584.9231
TT_monthly_Trustmind,2023-07-31,EPAM,Equities,26532.2539,236.8100,6283103.0464,-318.2604
TT_monthly_Trustmind,2023-07-31,ESS,Equities,153491.2759,243.5500,37382800.2383,-83533.5556
TT_monthly_Trustmind,2023-07-31,FANG,Equities,43708.0222,146.4900,6402788.1727,14913.3957
TT_monthly_Trustmind,2023-07-31,FMC,Equities,209513.7447,96.2300,20161507.6518,306424.3756
TT_monthly_Trustmind,2023-07-31,FTV,Equities,156303.5985,78.3500,12246386.9395,-25943.8037
TT_monthly_Trustmind,2023-07-31,HD,Equities,18562.0548,333.8400,6196756.3806,-99967.6689
TT_monthly_Trustmind,2023-07-31,HII,Equities,82948.0949,228.3800,18943685.9187,29371.2466
TT_monthly_Trustmind,2023-07-31,HRL,Equities,137115.5293,40.8800,5605282.8382,6537.6398
TT_monthly_Trustmind,2023-07-31,INVH,Equities,170933.3332,35.2300,6021981.3299,42591.7193
TT_monthly_Trustmind,2023-07-31,IQV,Equities,135432.6055,223.7600,30304399.8110,412.2986
TT_monthly_Trustmind,2023-07-31,ITW,Equities,162837.1231,263.3200,42878271.2551,-24114.8869
TT_monthly_Trustmind,2023-07-31,JBHT,Equities,130264.5855,203.5200,26511448.4343,-509517.7911
TT_monthly_Trustmind,2023-07-31,K,Equities,168686.8234,66.8900,11283461.6148,-5449.9615
TT_monthly_Trustmind,2023-07-31,KEYS,Equities,248181.9845,161.0800,39977154.0687,120944.6414
TT_monthly_Trustmind,2023-07-31,LEN,Equities,177824.5214,126.8300,22553484.0552,2956.7240
TT_monthly_Trustmind,2023-07-31,LLY,Equities,166555.9336,453.5800,75546440.3530,147385.4301
TT_monthly_Trustmind,2023-07-31,MA,Equities,49928.1686,394.2800,19685678.3045,-8382.1472
TT_monthly_Trustmind,2023-07-31,MAR,Equities,214590.3078,201.3000,43197028.9542,-899191.8099
TT_monthly_Trustmind,2023-07-31,MO,Equities,86591.3647,45.4200,3932979.7867,-426.0295
TT_monthly_Trustmind,2023-07-31,MPC,Equities,23363.2574,132.3500,3092127.1110,57445.0577
TT_monthly_Trustmind,2023-07-31,MPWR,Equities,55125.5472,559.4900,30842192.4140,-117933.7277
TT_monthly_Trustmind,2023-07-31,MTD,Equities,88902.5295,1257.4700,111792263.7750,-157740.0008
TT_monthly_Trustmind,2023-07-31,ON,Equities,244828.5071,107.7500,26380271.6451,352348.1430
TT_monthly_Trustmind,2023-07-31,PRU,Equities,152672.9462,95.1900,14532937.7526,-230750.6480
TT_monthly_Trustmind,2023-07-31,SJM,Equities,91907.5797,149.5400,13743859.4732,25323.4714
TT_monthly_Trustmind,2023-07-31,STZ,Equities,64988.7985,271.9000,17670454.3046,0.0000
TT_monthly_Trustmind,2023-07-31,TAP,Equities,43432.2493,69.7700,3030268.0354,-31178.3342
TT_monthly_Trustmind,2023-07-31,TMO,Equities,205066.4122,548.6600,112511737.7177,-617462.7225
TT_monthly_Trustmind,2023-07-31,TXN,Equities,125716.2297,180.0000,22628921.3487,-1109.5240
TT_monthly_Trustmind,2023-07-31,UAL,Equities,211158.4858,54.3100,11468017.3646,-5103.5796
TT_monthly_Trustmind,2023-07-31,VICI,Equities,169234.8230,31.4800,5327512.2281,1728.1987
TT_monthly_Trustmind,2023-07-31,VMC,Equities,208360.7601,220.0800,45856036.0729,-76536.2518
TT_monthly_Trustmind,2023-07-31,VZ,Equities,175710.4551,34.0800,5988212.3108,-97521.1989
TT_monthly_Trustmind,2023-07-31,WHR,Equities,129734.1515,142.4000,18474143.1746,93061.1004
TT_monthly_Trustmind,2023-07-31,XYL,Equities,91176.2538,112.7500,10280122.6166,-1979.9239
TT_monthly_Trustmind,2023-07-31,ZTS,Equities,204921.0212,188.0900,38543594.8729,-368313.0052
TT_monthly_Trustmind,2023-08-31,ABC,Equities,17923.4229,179.5400,3217971.3451,-17761.4970
TT_monthly_Trustmind,2023-08-31,ADSK,Equities,86487.9499,218.5700,18903671.2129,-4191.8880
TT_monthly_Trustmind,2023-08-31,AKAM,Equities,44088.3645,102.3100,4510680.5685,-62462.3758
TT_monthly_Trustmind,2023-08-31,ALB,Equities,159797.5188,193.5800,30933603.6884,-431401.3129
TT_monthly_Trustmind,2023-08-31,ALL,Equities,215687.7090,105.2100,22692503.8639,-314510.8710
TT_monthly_Trustmind,2023-08-31,AON,Equities,171464.7568,322.5400,55304242.6624,-80200.8231
TT_monthly_Trustmind,2023-08-31,APTV,Equities,135342.1382,94.7400,12822314.1693,55857.2030
TT_monthly_Trustmind,2023-08-31,BBY,Equities,80119.2787,73.5600,5893574.1441,95792.8106
TT_monthly_Trustmind,2023-08-31,BEN,Equities,143812.4230,25.2500,3631263.6805,-10128.0724
TT_monthly_Trustmind,2023-08-31,CARR,Equities,9126.8123,50.0900,457162.0287,10684.1126
TT_monthly_Trustmind,2023-08-31,CDNS,Equities,185568.7583,229.9400,42669680.2841,6706.1796
TT_monthly_Trustmind,2023-08-31,COP,Equities,57894.9865,116.8300,6763871.2691,-2829.8058
TT_monthly_Trustmind,2023-08-31,CPB,Equities,108605.6111,42.8300,4651578.3237,5975.8474
TT_monthly_Trustmind,2023-08-31,CRL,Equities,228226.1386,189.6200,43276240.4041,-129219.6504
TT_monthly_Trustmind,2023-08-31,CSX,Equities,222853.5155,30.4000,6774746.8724,115066.9598
TT_monthly_Trustmind,2023-08-31,CVX,Equities,54536.8909,157.3500,8581379.7793,9293.6244
TT_monthly_Trustmind,2023-08-31,DFS,Equities,87214.8226,83.7700,7305985.6868,258507.6955
TT_monthly_Trustmind,2023-08-31,DLTR,Equities,45280.8513,125.5000,5682746.8331,91797.2623
TT_monthly_Trustmind,2023-08-31,EG,Equities,164719.5369,362.1300,59649885.8987,23883.3333
TT_monthly_Trustmind,2023-08-31,EPAM,Equities,26408.2221,242.5800,6406106.5122,3578.3181
TT_monthly_Trustmind,2023-08-31,ESS,Equities,148998.3386,246.4400,36719150.5626,64922.9437
TT_monthly_Trustmind,2023-08-31,FANG,Equities,43677.4266,150.4400,6570832.0560,604.2634
TT_monthly_Trustmind,2023-08-31,FMC,Equities,204195.3031,88.3400,18038613.0733,-209812.5220
TT_monthly_Trustmind,2023-08-31,FTV,Equities,148339.6669,73.6600,10926699.8671,-186754.1941
TT_monthly_Trustmind,2023-08-31,HD,Equities,18518.5117,320.3400,5932220.0483,-2939.1583
TT_monthly_Trustmind,2023-08-31,HII,Equities,85488.4382,211.6900,18097047.4745,211991.6432
TT_monthly_Trustmind,2023-08-31,HRL,Equities,137143.0736,40.1500,5506294.4055,100.5367
TT_monthly_Trustmind,2023-08-31,INVH,Equities,177174.8388,33.8800,6002683.5388,42130.1626
TT_monthly_Trustmind,2023-08-31,IQV,Equities,133459.5594,205.6800,27449962.1820,-178363.3671
TT_monthly_Trustmind,2023-08-31,ITW,Equities,168667.6083,250.3700,42229309.0970,377523.9184
TT_monthly_Trustmind,2023-08-31,JBHT,Equities,127838.8727,187.7100,23996634.7951,-191752.5940
TT_monthly_Trustmind,2023-08-31,K,Equities,169824.3865,64.3700,10931595.7585,14333.2954
TT_monthly_Trustmind,2023-08-31,KEYS,Equities,241696.9511,125.8600,30419978.2602,-1142014.3951
TT_monthly_Trustmind,2023-08-31,LEN,Equities,181650.8702,115.6500,21007923.1333,213892.8927
TT_monthly_Trustmind,2023-08-31,LLY,Equities,163517.8962,583.2100,95365272.2220,1969103.9506
TT_monthly_Trustmind,2023-08-31,MA,Equities,49430.1445,407.8500,20160084.4436,33790.9317
TT_monthly_Trustmind,2023-08-31,MAR,Equities,213526.2236,194.9000,41616260.9796,-34050.6935
TT_monthly_Trustmind,2023-08-31,MO,Equities,86773.2066,45.2100,3923016.6709,190.9340
TT_monthly_Trustmind,2023-08-31,MPC,Equities,24001.8068,142.7300,3425777.8874,-33140.7172
TT_monthly_Trustmind,2023-08-31,MPWR,Equities,56045.3949,498.3100,27927980.7413,281381.4107
TT_monthly_Trustmind,2023-08-31,MTD,Equities,86255.3078,1145.2300,98782166.1306,-1485620.8305
TT_monthly_Trustmind,2023-08-31,ON,Equities,246036.7453,98.0700,24128823.6138,58478.7277
TT_monthly_Trustmind,2023-08-31,PRU,Equities,145206.2966,94.4000,13707474.3952,-29493.2662
TT_monthly_Trustmind,2023-08-31,SJM,Equities,92772.5038,147.5500,13688582.9304,8605.9941
TT_monthly_Trustmind,2023-08-31,STZ,Equities,65596.6699,263.8300,17306369.4072,24527.6102
TT_monthly_Trustmind,2023-08-31,TAP,Equities,43801.0461,65.1500,2853638.1515,8519.2048
TT_monthly_Trustmind,2023-08-31,TMO,Equities,197451.3202,519.6300,102601629.5054,-1105330.6066
TT_monthly_Trustmind,2023-08-31,TXN,Equities,126214.7486,158.0100,19943192.4219,54812.1483
TT_monthly_Trustmind,2023-08-31,UAL,Equities,208975.4763,48.9000,10218900.7899,-59050.4080
TT_monthly_Trustmind,2023-08-31,VICI,Equities,168754.5296,30.9300,5219577.5994,-1320.8070
TT_monthly_Trustmind,2023-08-31,VMC,Equities,210016.7168,222.8300,46798025.0091,-22769.4055
TT_monthly_Trustmind,2023-08-31,VZ,Equities,177624.8665,34.5900,6144044.1323,-4881.7490
TT_monthly_Trustmind,2023-08-31,WHR,Equities,129216.8300,132.8700,17169040.1960,-24650.3720
TT_monthly_Trustmind,2023-08-31,XYL,Equities,88833.8337,101.3500,9003309.0442,-133517.9467
TT_monthly_Trustmind,2023-08-31,ZTS,Equities,198973.7613,185.5900,36927540.3613,-74340.7483
Virtous,2022-08-31,ABBV,Equities,559.4257,129.2200,72288.9884,-1.6415
Virtous,2022-08-31,ADI,Equities,2994.5728,149.4400,447508.9653,4534.3881
Virtous,2022-08-31,ADSK,Equities,263.2592,201.7400,53109.9011,118.9530
Virtous,2022-08-31,AES,Equities,4903.2017,24.7700,121452.3057,349.4859
Virtous,2022-08-31,ALL,Equities,8654.6446,117.9400,1020728.7821,-2493.6625
Virtous,2022-08-31,AON,Equities,4442.4982,277.1800,1231371.6428,2195.1344
Virtous,2022-08-31,AT0000A1K9C8,Government Bond,16079.9614,105.6900,1699491.1173,17.8358
Virtous,2022-08-31,AVB,Equities,2336.4250,193.5000,452098.2304,-393.3137
Virtous,2022-08-31,BAC,Equities,1250.4810,32.7200,40915.7372,-262.9286
Virtous,2022-08-31,BALL,Equities,8654.6446,55.1900,477649.8345,4044.6110
Virtous,2022-08-31,BLK,Equities,7766.1449,647.4600,5028268.2087,9997.9803
Virtous,2022-08-31,BMY,Equities,4014.7020,65.2500,261959.3088,557.4921
Virtous,2022-08-31,BXP,Equities,3060.3876,74.5200,228060.0861,-112.0929
Virtous,2022-08-31,CA135087B949,Government Bond,2959.3859,158.8100,469980.0769,-15.1258
Virtous,2022-08-31,CA135087K940,Government Bond,44688.6658,97.7600,4368763.9724,471.3038
Virtous,2022-08-31,CAT,Equities,9608.9590,180.7300,1736627.1609,5717.0806
Virtous,2022-08-31,CND100047QT4,Government Bond,19248.4806,101.6900,1957377.9966,0.1134
Virtous,2022-08-31,CSGP,Equities,5232.2756,69.6400,364375.6743,-740.7375
Virtous,2022-08-31,DE0001030559,Government Bond,6900.5580,136.3500,940891.0815,10.8377
Virtous,2022-08-31,DE0001030567,Government Bond,4961.7217,121.6600,603643.0650,3.6050
Virtous,2022-08-31,DOV,Equities,2435.1471,123.6300,301057.2415,-400.8094
Virtous,2022-08-31,DVA,Equities,789.7775,85.2900,67360.1189,-154.1015
Virtous,2022-08-31,ENPH,Equities,5462.6274,286.4400,1564714.9866,-3175.2591
Virtous,2022-08-31,ES0000012411,Government Bond,15705.7587,154.2200,2422142.1022,-143.1474
Virtous,2022-08-31,ES00000127G9,Government Bond,21342.7105,109.7100,2341508.7713,-99.3825
Virtous,2022-08-31,FIS,Equities,9016.6259,88.6700,799504.2199,-3140.9716
Virtous,2022-08-31,FOXA,Equities,1678.2771,33.9400,56960.7243,-100.1759
Virtous,2022-08-31,FR0013327491,Government Bond,4315.1184,132.7900,573004.5725,49.0709
Virtous,2022-08-31,GB00B3Y1JG82,Government Bond,6005.5164,165.6500,994813.7838,154.9688
Virtous,2022-08-31,GB00BGDYHF49,Government Bond,4306.3839,187.5800,807791.4902,-75.2384
Virtous,2022-08-31,GB00BN65R313,Government Bond,10278.6483,146.8300,1509213.9305,108.0348
Virtous,2022-08-31,GD,Equities,6614.3862,223.7600,1480035.0481,5641.1372
Virtous,2022-08-31,GNRC,Equities,5857.5161,220.4100,1291055.1248,7823.5354
Virtous,2022-08-31,GPN,Equities,9444.4220,123.0600,1162230.5757,-2251.8790
Virtous,2022-08-31,IT0004545890,Government Bond,6522.1658,185.7000,1211166.1919,-1.5155
Virtous,2022-08-31,IT0005024234,Government Bond,21316.1252,121.0500,2580316.9505,-35.2367
Virtous,2022-08-31,KR,Equities,3850.1651,46.8700,180457.2373,-533.5406
Virtous,2022-08-31,MA,Equities,460.7035,322.3500,148507.7777,-432.5321
Virtous,2022-08-31,MAR,Equities,32.9074,152.1400,5006.5309,-6.2096
Virtous,2022-08-31,MCHP,Equities,1711.1845,64.0400,109584.2541,-302.7504
Virtous,2022-08-31,MOS,Equities,822.6848,52.9100,43528.2552,239.7471
Virtous,2022-08-31,MPC,Equities,3784.3503,98.3700,372266.5383,-651.4626
Virtous,2022-08-31,MSCI,Equities,4508.3130,444.5300,2004080.3591,-973.0518
Virtous,2022-08-31,NDSN,Equities,4804.4795,224.6000,1079086.0962,-3469.7719
Virtous,2022-08-31,NI,Equities,6877.6453,28.4600,195737.7857,177.3895
Virtous,2022-08-31,NTAP,Equities,1776.9993,69.9900,124372.1788,-448.0126
Virtous,2022-08-31,NUE,Equities,7371.2562,130.9500,965266.0024,-9471.5451
Virtous,2022-08-31,NVDA,Equities,1316.2958,150.8200,198523.7256,-841.2613
Virtous,2022-08-31,O,Equities,9444.4220,65.2900,616626.3147,-803.2809
Virtous,2022-08-31,PHM,Equities,3290.7394,40.1600,132156.0937,-1017.2485
Virtous,2022-08-31,SNA,Equities,9082.4407,212.2800,1928020.5125,-7089.4323
Virtous,2022-08-31,SO,Equities,3521.0911,74.0000,260560.7445,-447.4940
Virtous,2022-08-31,TAP,Equities,9279.8851,50.2100,465943.0292,1879.1358
Virtous,2022-08-31,TDG,Equities,7700.3302,600.3900,4623201.2256,-11984.4031
Virtous,2022-08-31,TDY,Equities,1415.0179,368.3600,521236.0068,100.9337
Virtous,2022-08-31,TEL,Equities,1678.2771,123.9500,208022.4449,-239.4076
Virtous,2022-08-31,TFX,Equities,9740.5886,224.9300,2190950.5893,757.2358
Virtous,2022-08-31,TRV,Equities,1151.7588,158.1900,182196.7222,216.0219
Virtous,2022-08-31,US912810PV44,Government Bond,5371.1405,158.9000,853474.2249,115.0015
Virtous,2022-08-31,US912828B253,Government Bond,1765.2539,126.4800,223269.3094,1.0581
Virtous,2022-08-31,US912828WU04,Government Bond,12656.0978,124.4700,1575304.4929,264.8797
Virtous,2022-08-31,US912828Z377,Government Bond,16598.0328,119.6900,1986618.5487,-23.9790
Virtous,2022-08-31,VFC,Equities,5429.7200,39.1300,212464.9430,-1057.0547
Virtous,2022-08-31,VRSN,Equities,9608.9590,182.2200,1750944.5098,-5497.5754
Virtous,2022-08-31,VRTX,Equities,6943.4601,281.7600,1956389.3185,7655.2607
Virtous,2022-08-31,VTRS,Equities,4245.0538,9.1200,38714.8907,-58.7527
Virtous,2022-08-31,VZ,Equities,3455.2764,39.1200,135170.4110,56.4908
Virtous,2022-08-31,WHR,Equities,6680.2010,148.8000,994013.9016,2090.6420
Virtous,2022-08-31,WM,Equities,7140.9045,166.2400,1187103.9584,-4811.2572
Virtous,2022-08-31,WMB,Equities,723.9627,32.2200,23326.0771,-71.4313
Virtous,2022-09-30,ABBV,Equities,565.5234,128.9800,72941.2127,7.3173
Virtous,2022-09-30,ADI,Equities,2936.1787,137.4200,403489.6728,-3509.4896
Virtous,2022-09-30,ADSK,Equities,263.5751,186.8000,49235.8215,23.5986
Virtous,2022-09-30,AES,Equities,4968.9046,22.0000,109315.9009,909.9852
Virtous,2022-09-30,ALL,Equities,8786.1952,121.8900,1070949.3306,-2598.1243
Virtous,2022-09-30,AON,Equities,4535.3464,265.8700,1205812.5425,5250.5664
Virtous,2022-09-30,AT0000A1K9C8,Government Bond,16223.0730,105.2300,1707153.9746,329.1568
Virtous,2022-09-30,AVB,Equities,2375.4433,178.9200,425014.3081,2844.4338
Virtous,2022-09-30,BAC,Equities,1242.1027,29.5900,36753.8202,-131.1192
Virtous,2022-09-30,BALL,Equities,8869.2798,47.7900,423862.8801,7941.5019
Virtous,2022-09-30,BLK,Equities,7985.9269,538.6200,4301379.9205,119605.3111
Virtous,2022-09-30,BMY,Equities,4043.6079,68.8200,278281.0960,-515.9695
Virtous,2022-09-30,BXP,Equities,3022.7449,71.2500,215370.5713,-615.4593
Virtous,2022-09-30,CA135087B949,Government Bond,2940.4458,158.6400,466472.3286,-16.0991
Virtous,2022-09-30,CA135087K940,Government Bond,44313.2810,97.5600,4323203.6988,-375.3848
Virtous,2022-09-30,CAT,Equities,9754.0543,160.5400,1565915.8750,14647.3686
Virtous,2022-09-30,CND100047QT4,Government Bond,19550.6818,101.7000,1988304.3379,-15.1101
Virtous,2022-09-30,CSGP,Equities,5231.2292,69.6500,364355.1115,0.0523
Virtous,2022-09-30,DE0001030559,Government Bond,6837.0729,135.8500,928816.3472,-158.7128
Virtous,2022-09-30,DE0001030567,Government Bond,4924.5088,121.3200,597441.4091,-63.2620
Virtous,2022-09-30,DOV,Equities,2386.9312,115.3400,275308.6482,-1998.5496
Virtous,2022-09-30,DVA,Equities,804.8622,82.7700,66618.4444,190.0678
Virtous,2022-09-30,ENPH,Equities,5554.3995,277.4700,1541179.2346,4115.9805
Virtous,2022-09-30,ES0000012411,Government Bond,15399.4964,153.4100,2362436.7391,-1240.3623
Virtous,2022-09-30,ES00000127G9,Government Bond,21285.0852,109.1200,2322628.4974,-169.9947
Virtous,2022-09-30,FIS,Equities,8841.7034,73.7300,651898.7897,-13066.7139
Virtous,2022-09-30,FOXA,Equities,1703.6191,30.4600,51892.2369,440.9505
Virtous,2022-09-30,FR0013327491,Government Bond,4234.8572,132.2100,559890.4702,-232.7575
Virtous,2022-09-30,GB00B3Y1JG82,Government Bond,6109.4118,164.9700,1007869.6623,353.2445
Virtous,2022-09-30,GB00BGDYHF49,Government Bond,4243.0800,187.1100,793922.7077,-148.7640
Virtous,2022-09-30,GB00BN65R313,Government Bond,10433.8559,146.4600,1528142.5341,287.1340
Virtous,2022-09-30,GD,Equities,6801.5733,207.3800,1410510.2694,15330.6258
Virtous,2022-09-30,GNRC,Equities,5870.9884,178.1400,1045857.8723,2847.3679
Virtous,2022-09-30,GPN,Equities,9672.0326,107.2400,1037228.7767,18003.9962
Virtous,2022-09-30,IT0004545890,Government Bond,6341.5018,184.7100,1171338.8015,-894.2868
Virtous,2022-09-30,IT0005024234,Government Bond,21158.3858,120.4500,2548527.5736,-473.2180
Virtous,2022-09-30,KR,Equities,3765.4614,42.7800,161086.4408,-1732.1893
Virtous,2022-09-30,MA,Equities,449.1859,282.5700,126926.4671,-2290.8482
Virtous,2022-09-30,MAR,Equities,33.1871,138.6800,4602.3880,18.8247
Virtous,2022-09-30,MCHP,Equities,1705.7087,59.9000,102171.9505,-113.3489
Virtous,2022-09-30,MOS,Equities,839.5499,47.4700,39853.4331,458.7291
Virtous,2022-09-30,MPC,Equities,3746.5068,96.9800,363336.2285,-263.0123
Virtous,2022-09-30,MSCI,Equities,4597.5776,417.3700,1918890.9438,12122.1322
Virtous,2022-09-30,NDSN,Equities,4781.8984,209.8700,1003577.0274,-1663.0946
Virtous,2022-09-30,NI,Equities,6907.9070,24.2900,167793.0599,630.9552
Virtous,2022-09-30,NTAP,Equities,1754.0760,60.0200,105279.6402,-1142.7260
Virtous,2022-09-30,NUE,Equities,7241.5221,105.8800,766732.3614,-16262.1706
Virtous,2022-09-30,NVDA,Equities,1326.6945,121.3300,160967.8425,1533.2937
Virtous,2022-09-30,O,Equities,9295.2002,55.8900,519508.7374,-7013.4278
Virtous,2022-09-30,PHM,Equities,3253.5540,37.1800,120967.1388,-554.0618
Virtous,2022-09-30,SNA,Equities,8946.2041,196.2000,1755245.2430,-10953.4235
Virtous,2022-09-30,SO,Equities,3514.7532,65.2900,229478.2350,-276.0183
Virtous,2022-09-30,TAP,Equities,9130.4789,46.9800,428949.8995,-2412.9093
Virtous,2022-09-30,TDG,Equities,7661.0585,524.8200,4020676.7102,-14838.8057
Virtous,2022-09-30,TDY,Equities,1406.6693,337.4700,474708.6987,-1289.4422
Virtous,2022-09-30,TEL,Equities,1677.7736,108.3800,181837.1031,-39.1962
Virtous,2022-09-30,TFX,Equities,9526.2956,200.2800,1907926.4890,-26411.6059
Virtous,2022-09-30,TRV,Equities,1122.7345,150.7800,169285.9024,-1075.3511
Virtous,2022-09-30,US912810PV44,Government Bond,5478.5633,158.5000,868352.2840,214.8456
Virtous,2022-09-30,US912828B253,Government Bond,1794.3806,126.2100,226468.7703,39.3210
Virtous,2022-09-30,US912828WU04,Government Bond,12953.5161,124.2000,1608826.6991,401.5147
Virtous,2022-09-30,US912828Z377,Government Bond,16875.2200,119.4100,2015070.0169,388.0620
Virtous,2022-09-30,VFC,Equities,5403.6573,28.5700,154382.4899,-1376.1082
Virtous,2022-09-30,VRSN,Equities,9347.5953,173.7000,1623677.3070,-11134.0930
Virtous,2022-09-30,VRTX,Equities,6978.8717,289.5400,2020662.5263,-1377.5130
Virtous,2022-09-30,VTRS,Equities,4280.7123,8.1400,34844.9978,174.7264
Virtous,2022-09-30,VZ,Equities,3407.9391,35.5300,121084.0751,-849.7043
Virtous,2022-09-30,WHR,Equities,6746.3349,128.1000,864205.5060,6844.8679
Virtous,2022-09-30,WM,Equities,6951.6705,158.1600,1099476.2059,-7645.0523
Virtous,2022-09-30,WMB,Equities,714.1892,27.4500,19604.4927,-233.0979
Virtous,2022-10-31,ABBV,Equities,560.8243,142.1200,79704.3438,308.7359
Virtous,2022-10-31,ADI,Equities,3068.2393,140.6600,431578.5445,-2139.3827
Virtous,2022-10-31,ADSK,Equities,260.3370,214.3000,55790.2136,445.2370
Virtous,2022-10-31,AES,Equities,4978.2207,25.6200,127542.0136,-168.6211
Virtous,2022-10-31,ALL,Equities,8881.3963,123.5700,1097474.1372,-799.6892
Virtous,2022-10-31,AON,Equities,4381.1917,279.9400,1226470.8032,10844.7822
Virtous,2022-10-31,AT0000A1K9C8,Government Bond,15755.1462,105.2600,1658386.6838,70.1890
Virtous,2022-10-31,AVB,Equities,2399.5084,170.1100,408180.3803,1060.0711
Virtous,2022-10-31,BAC,Equities,1281.6179,35.3200,45266.7457,-1132.1104
Virtous,2022-10-31,BALL,Equities,8686.6668,48.8500,424343.6716,967.8489
Virtous,2022-10-31,BLK,Equities,7545.5864,632.2200,4770470.6543,206079.3159
Virtous,2022-10-31,BMY,Equities,3964.9197,75.5600,299589.3359,2651.7910
Virtous,2022-10-31,BXP,Equities,3057.9393,69.0900,211273.0275,380.1001
Virtous,2022-10-31,CA135087B949,Government Bond,2935.4149,158.5200,465321.9680,-3.0186
Virtous,2022-10-31,CA135087K940,Government Bond,45300.9006,97.6600,4424085.9488,-493.8098
Virtous,2022-10-31,CAT,Equities,9362.0088,213.2100,1996073.8874,103245.1896
Virtous,2022-10-31,CND100047QT4,Government Bond,19100.2673,101.6900,1942306.1860,-22.5207
Virtous,2022-10-31,CSGP,Equities,5182.0458,82.7200,428658.8266,3214.1346
Virtous,2022-10-31,DE0001030559,Government Bond,6733.5645,136.0800,916303.4550,119.0346
Virtous,2022-10-31,DE0001030567,Government Bond,4890.2729,121.6000,594657.1885,47.9302
Virtous,2022-10-31,DOV,Equities,2405.9254,129.2900,311062.0923,-1324.8418
Virtous,2022-10-31,DVA,Equities,807.8634,73.0100,58982.1036,146.4563
Virtous,2022-10-31,ENPH,Equities,5577.3426,307.0000,1712244.1642,-3387.5391
Virtous,2022-10-31,ES0000012411,Government Bond,15732.4585,153.5800,2416190.9703,-283.0178
Virtous,2022-10-31,ES00000127G9,Government Bond,21069.5238,109.3300,2303531.0400,226.3394
Virtous,2022-10-31,FIS,Equities,9157.2853,80.9700,741465.3891,-11424.0650
Virtous,2022-10-31,FOXA,Equities,1704.7939,28.6700,48876.4401,10.5144
Virtous,2022-10-31,FR0013327491,Government Bond,4265.9261,132.1800,563870.1054,4.6603
Virtous,2022-10-31,GB00B3Y1JG82,Government Bond,5887.8082,164.9400,971135.0898,-33.2405
Virtous,2022-10-31,GB00BGDYHF49,Government Bond,4200.8775,187.4600,787496.4934,73.8545
Virtous,2022-10-31,GB00BN65R313,Government Bond,10163.5274,146.7300,1491294.3817,364.9434
Virtous,2022-10-31,GD,Equities,6579.3299,245.5300,1615422.8747,42392.9238
Virtous,2022-10-31,GNRC,Equities,5923.7060,115.9100,686616.7668,16403.0952
Virtous,2022-10-31,GPN,Equities,9705.0881,113.4000,1100556.9887,-1018.1087
Virtous,2022-10-31,IT0004545890,Government Bond,6618.0417,184.8500,1223344.9995,-193.5779
Virtous,2022-10-31,IT0005024234,Government Bond,21399.2580,120.6100,2580964.5131,-192.6978
Virtous,2022-10-31,KR,Equities,3804.3481,46.2400,175913.0569,-672.7393
Virtous,2022-10-31,MA,Equities,458.5843,326.6600,149801.1402,-2071.8666
Virtous,2022-10-31,MAR,Equities,33.7663,158.4400,5349.9289,-57.2220
Virtous,2022-10-31,MCHP,Equities,1693.9015,60.5900,102633.4929,40.7347
Virtous,2022-10-31,MOS,Equities,819.1473,52.7900,43242.7860,542.7087
Virtous,2022-10-31,MPC,Equities,3779.0522,110.9300,419210.2608,-2270.0425
Virtous,2022-10-31,MSCI,Equities,4612.9058,463.9400,2140111.5253,-3569.1863
Virtous,2022-10-31,NDSN,Equities,4816.4907,222.4600,1071476.5214,-2177.5823
Virtous,2022-10-31,NI,Equities,6829.5018,25.0000,170737.5449,278.3383
Virtous,2022-10-31,NTAP,Equities,1784.6404,67.7200,120855.8455,-1176.7289
Virtous,2022-10-31,NUE,Equities,7271.0071,130.0200,945376.3481,-3558.8425
Virtous,2022-10-31,NVDA,Equities,1318.9283,134.9000,177923.4338,526.9329
Virtous,2022-10-31,O,Equities,9226.2559,60.0400,553944.4034,1430.5938
Virtous,2022-10-31,PHM,Equities,3236.4422,39.6500,128324.9326,211.3313
Virtous,2022-10-31,SNA,Equities,9057.0099,216.3700,1959665.2254,-11174.7626
Virtous,2022-10-31,SO,Equities,3552.4289,62.8700,223341.2020,455.8757
Virtous,2022-10-31,TAP,Equities,9323.5005,49.3700,460301.2210,-2306.6082
Virtous,2022-10-31,TDG,Equities,7663.3686,575.7600,4412261.0916,-588.3822
Virtous,2022-10-31,TDY,Equities,1444.8748,397.9800,575031.2785,-11559.0693
Virtous,2022-10-31,TEL,Equities,1722.7514,120.0400,206799.0816,-2622.2073
Virtous,2022-10-31,TFX,Equities,10006.5066,213.3000,2134387.8681,-31261.7372
Virtous,2022-10-31,TRV,Equities,1158.3238,181.5500,210293.6877,-5475.4210
Virtous,2022-10-31,US912810PV44,Government Bond,5368.4549,158.5400,851114.8440,22.0217
Virtous,2022-10-31,US912828B253,Government Bond,1810.6209,126.3700,228808.1624,-12.9923
Virtous,2022-10-31,US912828WU04,Government Bond,12382.7261,124.3600,1539915.8160,456.6320
Virtous,2022-10-31,US912828Z377,Government Bond,17054.4787,119.4000,2036304.7600,8.9629
Virtous,2022-10-31,VFC,Equities,5397.6846,26.9800,145629.5315,-47.4829
Virtous,2022-10-31,VRSN,Equities,9477.3163,200.4600,1899822.8188,-17356.6627
Virtous,2022-10-31,VRTX,Equities,6752.5149,312.0000,2106784.6644,25419.8686
Virtous,2022-10-31,VTRS,Equities,4233.1677,9.6800,40977.0629,366.0934
Virtous,2022-10-31,VZ,Equities,3491.2112,35.5600,124147.4713,-12.4908
Virtous,2022-10-31,WHR,Equities,6877.2669,131.3600,903397.7774,-2134.1906
Virtous,2022-10-31,WM,Equities,7196.6035,156.3400,1125116.9944,2228.8905
Virtous,2022-10-31,WMB,Equities,704.7053,31.3900,22120.6980,186.8330
Virtous,2022-11-30,ABBV,Equities,569.8310,156.4700,89161.4587,-646.2346
Virtous,2022-11-30,ADI,Equities,2905.0351,169.5400,492519.6530,23566.6893
Virtous,2022-11-30,ADSK,Equities,256.2828,201.9500,51756.3081,-250.3463
Virtous,2022-11-30,AES,Equities,5042.4526,28.3200,142802.2580,-867.1312
Virtous,2022-11-30,ALL,Equities,8432.2202,131.9000,1112209.8467,18708.1826
Virtous,2022-11-30,AON,Equities,4499.8064,306.5800,1379550.6450,-15799.4782
Virtous,2022-11-30,AT0000A1K9C8,Government Bond,15869.3139,105.8300,1679449.4876,-325.3780
Virtous,2022-11-30,AVB,Equities,2310.7243,169.9000,392592.0567,-93.2234
Virtous,2022-11-30,BAC,Equities,1270.6137,37.0900,47127.0625,97.3875
Virtous,2022-11-30,BALL,Equities,8507.5156,55.6700,473613.3948,6109.0540
Virtous,2022-11-30,BLK,Equities,7861.6685,700.8300,5509693.1572,-108431.9642
Virtous,2022-11-30,BMY,Equities,4031.1623,78.3000,315640.0103,-907.5234
Virtous,2022-11-30,BXP,Equities,3125.2678,68.5000,214080.8474,198.6192
Virtous,2022-11-30,CA135087B949,Government Bond,3044.3203,159.2700,484868.8925,-408.3953
Virtous,2022-11-30,CA135087K940,Government Bond,43754.6727,97.9800,4287082.8334,2473.9645
Virtous,2022-11-30,CAT,Equities,9590.7020,232.8600,2233290.8637,-22469.1093
Virtous,2022-11-30,CND100047QT4,Government Bond,19500.6357,101.6500,1982239.6229,80.0737
Virtous,2022-11-30,CSGP,Equities,5292.4468,81.0400,428899.8880,927.3685
Virtous,2022-11-30,DE0001030559,Government Bond,6817.7513,136.4300,930145.8087,-147.3269
Virtous,2022-11-30,DE0001030567,Government Bond,5051.5289,121.6200,614366.9434,-16.1256
Virtous,2022-11-30,DOV,Equities,2371.8333,140.9500,334309.9063,1987.5671
Virtous,2022-11-30,DVA,Equities,787.0132,73.7300,58026.4855,75.0604
Virtous,2022-11-30,ENPH,Equities,5424.3890,320.5900,1739004.8656,10393.1949
Virtous,2022-11-30,ES0000012411,Government Bond,15445.0431,154.3200,2383479.0476,1063.4369
Virtous,2022-11-30,ES00000127G9,Government Bond,21669.2540,109.5600,2374083.4674,-689.6897
Virtous,2022-11-30,FIS,Equities,8918.3447,70.8200,631597.1712,-12126.2348
Virtous,2022-11-30,FOXA,Equities,1687.6754,32.2200,54376.9026,303.8521
Virtous,2022-11-30,FR0013327491,Government Bond,4208.5350,132.9800,559650.9812,229.5643
Virtous,2022-11-30,GB00B3Y1JG82,Government Bond,5852.9762,166.3100,973408.4780,238.5992
Virtous,2022-11-30,GB00BGDYHF49,Government Bond,4381.7456,188.3100,825126.5156,-768.6895
Virtous,2022-11-30,GB00BN65R313,Government Bond,10260.1467,147.4000,1512345.6290,-323.6746
Virtous,2022-11-30,GD,Equities,6464.2396,248.0700,1603583.9171,1461.6471
Virtous,2022-11-30,GNRC,Equities,5893.2470,105.5200,621855.4186,-1582.3494
Virtous,2022-11-30,GPN,Equities,9536.0329,103.0000,982211.3917,-8790.8680
Virtous,2022-11-30,IT0004545890,Government Bond,6417.8112,185.8700,1192878.5607,1021.1755
Virtous,2022-11-30,IT0005024234,Government Bond,21149.8594,121.0800,2560824.9741,586.0869
Virtous,2022-11-30,KR,Equities,3771.2367,48.3600,182377.0066,350.9810
Virtous,2022-11-30,MA,Equities,454.3458,354.7500,161179.1745,595.2934
Virtous,2022-11-30,MAR,Equities,33.0522,164.0400,5421.8807,19.9945
Virtous,2022-11-30,MCHP,Equities,1683.6344,78.0600,131424.5021,896.8318
Virtous,2022-11-30,MOS,Equities,808.3701,50.5300,40846.9427,-121.7820
Virtous,2022-11-30,MPC,Equities,3774.8894,119.6700,451741.0166,181.9137
Virtous,2022-11-30,MSCI,Equities,4524.0921,503.8500,2279463.7809,17722.7869
Virtous,2022-11-30,NDSN,Equities,4817.9320,233.8200,1126528.8708,-81.8683
Virtous,2022-11-30,NI,Equities,6685.7590,27.1900,181785.7875,1573.9835
Virtous,2022-11-30,NTAP,Equities,1726.1771,66.1000,114100.3056,-473.5525
Virtous,2022-11-30,NUE,Equities,7462.6598,148.4000,1107458.7143,-17612.8796
Virtous,2022-11-30,NVDA,Equities,1283.7832,169.1800,217190.4501,6023.8696
Virtous,2022-11-30,O,Equities,9716.4214,61.0500,593187.5259,-2475.3358
Virtous,2022-11-30,PHM,Equities,3351.2890,44.4000,148797.2312,-2727.6116
Virtous,2022-11-30,SNA,Equities,8948.9288,236.0700,2112573.6277,10645.9829
Virtous,2022-11-30,SO,Equities,3509.4715,65.6300,230326.6173,592.8109
Virtous,2022-11-30,TAP,Equities,9085.9355,53.9500,490186.2185,5440.2398
Virtous,2022-11-30,TDG,Equities,7761.9328,628.5000,4878374.7664,-25991.3864
Virtous,2022-11-30,TDY,Equities,1385.1611,420.1000,581906.1601,6604.3415
Virtous,2022-11-30,TEL,Equities,1676.9345,124.4100,208627.4168,1001.1007
Virtous,2022-11-30,TFX,Equities,9750.3292,233.1100,2272899.2325,25374.3794
Virtous,2022-11-30,TRV,Equities,1123.5407,186.8100,209888.6372,914.7959
Virtous,2022-11-30,US912810PV44,Government Bond,5245.9929,158.8800,833483.3556,208.1854
Virtous,2022-11-30,US912828B253,Government Bond,1724.3000,126.4500,218037.7324,34.5284
Virtous,2022-11-30,US912828WU04,Government Bond,12408.0383,124.4300,1543932.2033,-8.8593
Virtous,2022-11-30,US912828Z377,Government Bond,17064.4375,119.7000,2042613.1743,-14.9382
Virtous,2022-11-30,VFC,Equities,5466.0991,31.3500,171362.2071,-1494.8562
Virtous,2022-11-30,VRSN,Equities,9863.5964,199.8100,1970845.2003,1255.4105
Virtous,2022-11-30,VRTX,Equities,6758.7641,316.4000,2138472.9498,-137.4805
Virtous,2022-11-30,VTRS,Equities,4229.7716,10.6500,45047.0677,16.4708
Virtous,2022-11-30,VZ,Equities,3431.0894,37.0900,127259.1066,459.9318
Virtous,2022-11-30,WHR,Equities,6591.3543,140.8900,928655.9044,13623.7354
Virtous,2022-11-30,WM,Equities,7335.1371,165.5700,1214478.6442,-6393.3232
Virtous,2022-11-30,WMB,Equities,736.5596,33.2700,24505.3384,-299.4310
Virtous,2022-12-31,ABBV,Equities,559.3138,156.8900,87750.7437,22.0861
Virtous,2022-12-31,ADI,Equities,2965.5255,162.4900,481868.2359,2132.2856
Virtous,2022-12-31,ADSK,Equities,258.4415,186.8700,48294.9647,162.7679
Virtous,2022-12-31,AES,Equities,4757.5766,28.1600,133973.3569,-227.9008
Virtous,2022-12-31,ALL,Equities,8706.5725,133.5800,1163023.9479,-2304.5588
Virtous,2022-12-31,AON,Equities,4450.9389,298.4800,1328516.2478,-1979.1329
Virtous,2022-12-31,AT0000A1K9C8,Government Bond,16099.2573,105.5000,1698471.6477,379.4067
Virtous,2022-12-31,AVB,Equities,2268.9023,158.4600,359530.2556,-2392.2188
Virtous,2022-12-31,BAC,Equities,1239.2266,32.6500,40460.7497,-696.7930
Virtous,2022-12-31,BALL,Equities,8879.6653,50.7600,450731.8128,9136.2756
Virtous,2022-12-31,BLK,Equities,7648.8762,698.4000,5341975.1103,-2585.4273
Virtous,2022-12-31,BMY,Equities,4121.0917,70.1800,289218.2123,3651.1306
Virtous,2022-12-31,BXP,Equities,2997.0376,65.1900,195376.8814,-2122.2105
Virtous,2022-12-31,CA135087B949,Government Bond,2994.6026,159.0800,476381.3825,-47.2318
Virtous,2022-12-31,CA135087K940,Government Bond,44706.5413,97.7400,4369617.3472,1142.2423
Virtous,2022-12-31,CAT,Equities,9380.2658,235.9600,2213367.5135,3261.7611
Virtous,2022-12-31,CND100047QT4,Government Bond,19254.2552,101.6100,1956424.8695,-49.2761
Virtous,2022-12-31,CSGP,Equities,5336.9211,77.2800,412437.2653,836.1176
Virtous,2022-12-31,DE0001030559,Government Bond,6970.9437,136.1100,948815.1441,245.1078
Virtous,2022-12-31,DE0001030567,Government Bond,4993.9729,121.4300,606418.1312,-54.6782
Virtous,2022-12-31,DOV,Equities,2379.3823,134.4500,319907.9469,245.3411
Virtous,2022-12-31,DVA,Equities,781.8797,74.6700,58382.9556,24.1277
Virtous,2022-12-31,ENPH,Equities,5324.4229,264.9600,1410759.0934,-27805.5654
Virtous,2022-12-31,ES0000012411,Government Bond,15396.3552,153.8200,2368267.3607,-121.7196
Virtous,2022-12-31,ES00000127G9,Government Bond,21099.4036,109.3400,2307008.7920,-626.8354
Virtous,2022-12-31,FIS,Equities,8928.2630,66.6500,595068.7277,206.7963
Virtous,2022-12-31,FOXA,Equities,1634.4741,30.1600,49295.7375,-547.9743
Virtous,2022-12-31,FR0013327491,Government Bond,4423.8594,132.5700,586471.0386,441.4150
Virtous,2022-12-31,GB00B3Y1JG82,Government Bond,6099.8030,165.4700,1009334.3957,1036.6722
Virtous,2022-12-31,GB00BGDYHF49,Government Bond,4394.6648,187.6700,824746.7356,41.3413
Virtous,2022-12-31,GB00BN65R313,Government Bond,10280.7040,146.8900,1510132.6155,52.4211
Virtous,2022-12-31,GD,Equities,6572.7155,243.8600,1602822.4095,2283.4184
Virtous,2022-12-31,GNRC,Equities,5931.9066,100.6600,597105.7143,939.4284
Virtous,2022-12-31,GPN,Equities,9432.1443,98.8200,932084.4984,-2171.2726
Virtous,2022-12-31,IT0004545890,Government Bond,6355.1984,185.3200,1177745.3620,-172.1852
Virtous,2022-12-31,IT0005024234,Government Bond,21782.9483,120.7000,2629201.8598,1202.8689
Virtous,2022-12-31,KR,Equities,3845.9299,43.8300,168567.1075,1691.8010
Virtous,2022-12-31,MA,Equities,449.0016,346.1200,155408.4493,-230.6005
Virtous,2022-12-31,MAR,Equities,32.4138,147.7100,4787.8399,-52.1256
Virtous,2022-12-31,MCHP,Equities,1664.1269,69.2500,115240.7883,-859.3055
Virtous,2022-12-31,MOS,Equities,834.1202,43.2200,36050.6736,941.1638
Virtous,2022-12-31,MPC,Equities,3715.0967,114.3500,424821.3057,-1590.4867
Virtous,2022-12-31,MSCI,Equities,4470.8940,461.5200,2063406.9805,-11259.3764
Virtous,2022-12-31,NDSN,Equities,4702.1441,235.6800,1108201.3189,1076.8280
Virtous,2022-12-31,NI,Equities,6703.6409,26.6900,178920.1753,44.7047
Virtous,2022-12-31,NTAP,Equities,1762.4279,58.7200,103489.7648,1337.6540
Virtous,2022-12-31,NUE,Equities,7275.4299,130.9500,952717.5443,-16335.8095
Virtous,2022-12-31,NVDA,Equities,1303.9226,146.1000,190503.0881,2324.0781
Virtous,2022-12-31,O,Equities,9328.2556,61.6400,574993.6779,1145.0889
Virtous,2022-12-31,PHM,Equities,3301.9279,45.3000,149577.3338,222.1249
Virtous,2022-12-31,SNA,Equities,8821.7747,224.1900,1977753.6599,-7552.9577
Virtous,2022-12-31,SO,Equities,3529.8939,69.2900,244586.3463,-373.7286
Virtous,2022-12-31,TAP,Equities,9420.9393,50.7800,478395.2986,5309.8110
Virtous,2022-12-31,TDG,Equities,7474.7105,629.6500,4706451.4585,1651.5283
Virtous,2022-12-31,TDY,Equities,1378.7935,399.9100,551393.2992,-642.8073
Virtous,2022-12-31,TEL,Equities,1726.9471,113.2500,195576.7616,2790.7063
Virtous,2022-12-31,TFX,Equities,9481.4889,248.5500,2356624.0720,20754.4669
Virtous,2022-12-31,TRV,Equities,1138.5136,185.4500,211137.3395,101.8155
Virtous,2022-12-31,US912810PV44,Government Bond,5397.9962,158.7900,857147.8164,68.4015
Virtous,2022-12-31,US912828B253,Government Bond,1815.2106,126.4000,229442.6140,22.7276
Virtous,2022-12-31,US912828WU04,Government Bond,12814.2990,124.3900,1593970.6551,81.2521
Virtous,2022-12-31,US912828Z377,Government Bond,17003.0248,119.6200,2033901.8296,-24.5651
Virtous,2022-12-31,VFC,Equities,5302.6645,26.8500,142376.5428,-3677.2779
Virtous,2022-12-31,VRSN,Equities,9585.8975,205.4400,1969326.7830,7817.2245
Virtous,2022-12-31,VRTX,Equities,7097.6049,288.7800,2049646.3479,46793.9218
Virtous,2022-12-31,VTRS,Equities,4249.7234,10.7500,45684.5262,-9.9759
Virtous,2022-12-31,VZ,Equities,3543.7314,37.4900,132854.4913,-225.2840
Virtous,2022-12-31,WHR,Equities,6661.4964,136.0100,906030.1239,1711.4675
Virtous,2022-12-31,WM,Equities,7160.8990,155.4700,1113304.9673,-8799.0225
Virtous,2022-12-31,WMB,Equities,723.5283,31.9500,23116.7288,-86.0068
Virtous,2023-01-31,ABBV,Equities,548.8525,144.8000,79473.8492,-632.3832
Virtous,2023-01-31,ADI,Equities,2966.4239,169.8600,503876.7561,-33.1050
Virtous,2023-01-31,ADSK,Equities,256.1248,215.1600,55107.8180,327.6945
Virtous,2023-01-31,AES,Equities,4952.7240,27.0100,133773.0758,1122.0977
Virtous,2023-01-31,ALL,Equities,8565.5017,126.5500,1083964.2457,-4958.6353
Virtous,2023-01-31,AON,Equities,4510.9126,317.4800,1432124.5455,-5697.5039
Virtous,2023-01-31,AT0000A1K9C8,Government Bond,16149.1052,105.2400,1699531.8317,64.8022
Virtous,2023-01-31,AVB,Equities,2340.1632,174.0800,407375.6174,-5565.4811
Virtous,2023-01-31,BAC,Equities,1272.1143,34.9700,44485.8366,-381.4967
Virtous,2023-01-31,BALL,Equities,8590.6002,57.8100,496622.5983,10189.5458
Virtous,2023-01-31,BLK,Equities,7653.5358,748.2500,5726758.1977,-1161.4270
Virtous,2023-01-31,BMY,Equities,4097.8064,71.4200,292665.3318,144.3687
Virtous,2023-01-31,BXP,Equities,3046.3098,71.9000,219029.6779,-1653.0837
Virtous,2023-01-31,CA135087B949,Government Bond,2979.5097,158.5700,472460.8591,-38.4868
Virtous,2023-01-31,CA135087K940,Government Bond,44773.5743,97.5500,4367662.1734,63.6813
Virtous,2023-01-31,CAT,Equities,9839.5740,249.6900,2456843.2373,-31531.5107
Virtous,2023-01-31,CND100047QT4,Government Bond,18738.3959,101.6700,1905132.7117,154.7578
Virtous,2023-01-31,CSGP,Equities,5250.0654,77.9000,408980.0915,269.2529
Virtous,2023-01-31,DE0001030559,Government Bond,6963.3531,135.8800,946180.4144,-8.7292
Virtous,2023-01-31,DE0001030567,Government Bond,4883.8227,121.3800,592798.3986,-27.5376
Virtous,2023-01-31,DOV,Equities,2402.7597,150.7600,362240.0506,-1906.4280
Virtous,2023-01-31,DVA,Equities,786.6183,82.3900,64809.4852,-182.9125
Virtous,2023-01-31,ENPH,Equities,5298.7486,221.3800,1173036.9558,-5594.4406
Virtous,2023-01-31,ES0000012411,Government Bond,15559.6951,153.4400,2387479.6184,310.3458
Virtous,2023-01-31,ES00000127G9,Government Bond,21667.1197,109.2200,2366482.8160,340.6297
Virtous,2023-01-31,FIS,Equities,9006.7076,73.7200,663974.4863,-2773.0182
Virtous,2023-01-31,FOXA,Equities,1653.6064,33.7000,55726.5361,-338.6428
Virtous,2023-01-31,FR0013327491,Government Bond,4429.9006,132.2000,585632.8528,11.1762
Virtous,2023-01-31,GB00B3Y1JG82,Government Bond,6018.7285,165.5200,996219.9395,20.2686
Virtous,2023-01-31,GB00BGDYHF49,Government Bond,4290.0196,187.3800,803863.8786,-151.7354
Virtous,2023-01-31,GB00BN65R313,Government Bond,10283.7876,146.6700,1508323.1314,3.3920
Virtous,2023-01-31,GD,Equities,6533.0292,230.3000,1504556.6281,-2690.7323
Virtous,2023-01-31,GNRC,Equities,5726.3077,120.6000,690592.7140,20498.2019
Virtous,2023-01-31,GPN,Equities,9726.8103,112.1600,1090959.0381,-19654.2200
Virtous,2023-01-31,IT0004545890,Government Bond,6410.6368,184.7500,1184365.1450,157.9995
Virtous,2023-01-31,IT0005024234,Government Bond,20753.3795,120.5200,2501197.2919,-926.6120
Virtous,2023-01-31,KR,Equities,3871.7260,43.8800,169891.3371,-6.4490
Virtous,2023-01-31,MA,Equities,465.9095,369.4900,172148.8877,-1975.6786
Virtous,2023-01-31,MAR,Equities,31.9761,172.8000,5525.4726,54.9055
Virtous,2023-01-31,MCHP,Equities,1717.3447,76.5200,131411.2198,-1934.4684
Virtous,2023-01-31,MOS,Equities,839.6322,48.8000,40974.0491,-153.7845
Virtous,2023-01-31,MPC,Equities,3736.2890,126.2600,471743.8547,-1262.0051
Virtous,2023-01-31,MSCI,Equities,4498.3947,527.3900,2372408.3646,-9057.3585
Virtous,2023-01-31,NDSN,Equities,4945.7312,241.2100,1192959.8227,-6735.1836
Virtous,2023-01-31,NI,Equities,6903.7804,27.0100,186471.1077,-320.2232
Virtous,2023-01-31,NTAP,Equities,1816.4487,65.2800,118577.7680,-1771.8815
Virtous,2023-01-31,NUE,Equities,7496.5676,167.9100,1258748.6621,-40866.2445
Virtous,2023-01-31,NVDA,Equities,1348.2817,195.3200,263346.3896,-10916.7910
Virtous,2023-01-31,O,Equities,9351.8667,66.1600,618719.5008,-533.6098
Virtous,2023-01-31,PHM,Equities,3352.6053,56.6000,189757.4592,-2863.2723
Virtous,2023-01-31,SNA,Equities,8862.6456,244.0500,2162928.6680,-4058.4886
Virtous,2023-01-31,SO,Equities,3474.6127,65.6700,228177.8186,-1000.5885
Virtous,2023-01-31,TAP,Equities,9489.6105,51.8300,491846.5106,-360.5235
Virtous,2023-01-31,TDG,Equities,7480.1007,717.7500,5368842.2908,-2374.3968
Virtous,2023-01-31,TDY,Equities,1385.4441,424.2600,587788.4972,-809.7086
Virtous,2023-01-31,TEL,Equities,1642.6976,125.4300,206043.5615,5130.7951
Virtous,2023-01-31,TFX,Equities,9799.0321,242.3700,2374991.4129,9812.0845
Virtous,2023-01-31,TRV,Equities,1125.9594,189.0400,212851.3627,225.3474
Virtous,2023-01-31,US912810PV44,Government Bond,5292.1847,158.4700,838652.5143,-169.2983
Virtous,2023-01-31,US912828B253,Government Bond,1755.0154,126.2700,221605.7942,-39.1269
Virtous,2023-01-31,US912828WU04,Government Bond,12561.1771,124.2600,1560851.8620,-164.5293
Virtous,2023-01-31,US912828Z377,Government Bond,16113.3703,119.3900,1923775.2760,-1023.1027
Virtous,2023-01-31,VFC,Equities,5549.7168,30.0900,166990.9784,-4002.2466
Virtous,2023-01-31,VRSN,Equities,9731.9537,218.0500,2122052.4999,-9208.8420
Virtous,2023-01-31,VRTX,Equities,6956.6527,323.1000,2247694.4799,24187.4044
Virtous,2023-01-31,VTRS,Equities,4340.5675,11.7400,50958.2627,-449.6785
Virtous,2023-01-31,VZ,Equities,3425.2155,40.1800,137625.1568,1594.0399
Virtous,2023-01-31,WHR,Equities,6596.0304,149.6000,986766.1508,4448.4126
Virtous,2023-01-31,WM,Equities,7008.7977,153.3400,1074729.0444,-1619.8785
Virtous,2023-01-31,WMB,Equities,702.2438,31.3100,21987.2529,-68.1104
Virtous,2023-02-28,ABBV,Equities,561.4956,150.8200,84684.7620,-380.5549
Virtous,2023-02-28,ADI,Equities,3070.0361,182.6000,560588.5875,-6600.0984
Virtous,2023-02-28,ADSK,Equities,263.4171,198.6900,52338.3449,600.5191
Virtous,2023-02-28,AES,Equities,4953.2143,24.3200,120462.1728,6.5948
Virtous,2023-02-28,ALL,Equities,8504.0538,127.7200,1086137.7472,359.4707
Virtous,2023-02-28,AON,Equities,4377.1934,302.9000,1325851.8951,-9748.1293
Virtous,2023-02-28,AT0000A1K9C8,Government Bond,15599.1705,105.3700,1643684.5983,357.4575
Virtous,2023-02-28,AVB,Equities,2345.3034,169.2600,396966.0498,123.8773
Virtous,2023-02-28,BAC,Equities,1263.2359,33.8100,42710.0048,-51.4948
Virtous,2023-02-28,BALL,Equities,8735.1328,55.9900,489080.0842,1315.2463
Virtous,2023-02-28,BLK,Equities,7824.3910,679.4800,5316517.2212,58748.5567
Virtous,2023-02-28,BMY,Equities,4029.9579,67.7900,273190.8472,-1231.4496
Virtous,2023-02-28,BXP,Equities,3053.9608,63.1600,192888.1650,334.3473
Virtous,2023-02-28,CA135087B949,Government Bond,2967.9681,158.6900,470986.8630,6.9250
Virtous,2023-02-28,CA135087K940,Government Bond,43356.9436,97.5800,4230770.5562,212.4946
Virtous,2023-02-28,CAT,Equities,9888.5797,237.0800,2344384.4781,3089.8088
Virtous,2023-02-28,CND100047QT4,Government Bond,19450.5897,101.7200,1978513.9832,-178.0484
Virtous,2023-02-28,CSGP,Equities,5301.3417,70.6600,374592.8017,1856.2021
Virtous,2023-02-28,DE0001030559,Government Bond,6702.5120,135.9700,911340.5529,117.3785
Virtous,2023-02-28,DE0001030567,Government Bond,5000.9193,121.4500,607361.6522,-40.9838
Virtous,2023-02-28,DOV,Equities,2400.0810,149.3500,358452.1013,-18.8846
Virtous,2023-02-28,DVA,Equities,772.4023,82.2600,63537.8172,-9.2404
Virtous,2023-02-28,ENPH,Equities,5572.4262,210.5300,1173162.8857,14847.0115
Virtous,2023-02-28,ES0000012411,Government Bond,16112.5378,153.5500,2474080.1823,-304.0635
Virtous,2023-02-28,ES00000127G9,Government Bond,20766.4573,109.2300,2268320.1350,45.0331
Virtous,2023-02-28,FIS,Equities,9031.9542,62.2500,562239.1477,1447.8898
Virtous,2023-02-28,FOXA,Equities,1718.3879,35.0200,60177.9446,-427.5579
Virtous,2023-02-28,FR0013327491,Government Bond,4344.0297,132.3700,575019.2106,72.9902
Virtous,2023-02-28,GB00B3Y1JG82,Government Bond,5857.1801,165.6100,970007.5962,72.6968
Virtous,2023-02-28,GB00BGDYHF49,Government Bond,4216.8111,187.4900,790609.9142,40.2647
Virtous,2023-02-28,GB00BN65R313,Government Bond,10225.1993,146.7600,1500650.2541,26.3647
Virtous,2023-02-28,GD,Equities,6683.8372,225.2100,1505266.9801,3838.0637
Virtous,2023-02-28,GNRC,Equities,5716.3500,120.0100,686019.1596,-29.3754
Virtous,2023-02-28,GPN,Equities,9553.9773,111.6400,1066606.0292,-449.3656
Virtous,2023-02-28,IT0004545890,Government Bond,6349.3284,184.9900,1174562.2646,73.5700
Virtous,2023-02-28,IT0005024234,Government Bond,21542.0761,120.5300,2596466.4306,-39.4348
Virtous,2023-02-28,KR,Equities,3778.1670,42.6600,161176.6039,-570.7100
Virtous,2023-02-28,MA,Equities,447.9420,354.2200,158670.0247,-1371.8138
Virtous,2023-02-28,MAR,Equities,32.1439,168.2900,5409.5041,3.7845
Virtous,2023-02-28,MCHP,Equities,1703.1419,80.2200,136626.0443,262.7524
Virtous,2023-02-28,MOS,Equities,823.0962,52.4000,43130.2403,297.6474
Virtous,2023-02-28,MPC,Equities,3819.1663,122.1400,466472.9738,1707.2718
Virtous,2023-02-28,MSCI,Equities,4415.8925,519.3200,2293261.3149,-3328.9608
Virtous,2023-02-28,NDSN,Equities,4735.7754,218.3400,1034009.2108,-24008.4405
Virtous,2023-02-28,NI,Equities,6994.5653,26.9400,188433.5888,31.7747
Virtous,2023-02-28,NTAP,Equities,1741.6370,63.6200,110802.9448,-620.9369
Virtous,2023-02-28,NUE,Equities,7539.3209,166.3400,1254090.6326,335.6133
Virtous,2023-02-28,NVDA,Equities,1282.7302,232.1000,297721.6823,12054.9261
Virtous,2023-02-28,O,Equities,9181.8671,62.6200,574968.5180,-3008.9929
Virtous,2023-02-28,PHM,Equities,3361.4903,54.4000,182865.0713,97.7350
Virtous,2023-02-28,SNA,Equities,9031.5790,245.6200,2218336.4426,-1326.1272
Virtous,2023-02-28,SO,Equities,3433.7681,61.8300,212309.8805,-784.2174
Virtous,2023-02-28,TAP,Equities,9006.1285,52.4300,472191.3150,1450.4460
Virtous,2023-02-28,TDG,Equities,7778.1035,743.8700,5785897.8475,-38919.1627
Virtous,2023-02-28,TDY,Equities,1448.6954,430.0700,623040.4145,-1837.4503
Virtous,2023-02-28,TEL,Equities,1665.1865,126.1300,210029.9764,-78.7112
Virtous,2023-02-28,TFX,Equities,9928.5819,237.2000,2355059.6361,3348.8631
Virtous,2023-02-28,TRV,Equities,1183.0866,183.1000,216623.1608,1696.6789
Virtous,2023-02-28,US912810PV44,Government Bond,5447.4107,158.5500,863686.9651,-62.0904
Virtous,2023-02-28,US912828B253,Government Bond,1728.8896,126.3400,218427.9171,9.1440
Virtous,2023-02-28,US912828WU04,Government Bond,12300.4614,124.3200,1529193.3674,78.2147
Virtous,2023-02-28,US912828Z377,Government Bond,16757.3739,119.4200,2001165.5958,-96.6006
Virtous,2023-02-28,VFC,Equities,5334.1569,24.1400,128766.5479,-6412.9065
Virtous,2023-02-28,VRSN,Equities,9390.8356,196.8300,1848398.1781,-36192.6245
Virtous,2023-02-28,VRTX,Equities,6921.2410,290.2900,2009167.0587,-5809.2806
Virtous,2023-02-28,VTRS,Equities,4367.7359,11.0100,48088.7718,99.1645
Virtous,2023-02-28,VZ,Equities,3548.9143,37.5100,133119.7770,1651.3802
Virtous,2023-02-28,WHR,Equities,6746.3349,132.6600,894968.7933,12730.7930
Virtous,2023-02-28,WM,Equities,7125.9086,148.4200,1057627.3494,2880.9265
Virtous,2023-02-28,WMB,Equities,714.5512,29.2300,20886.3301,127.9966
Virtous,2023-03-31,ABBV,Equities,543.0905,156.1900,84825.2998,494.1771
Virtous,2023-03-31,ADI,Equities,2961.6325,196.2800,581309.2348,7414.8019
Virtous,2023-03-31,ADSK,Equities,267.1291,208.1600,55605.5852,-175.7610
Virtous,2023-03-31,AES,Equities,4977.7303,23.7300,118121.5412,72.3222
Virtous,2023-03-31,ALL,Equities,8436.5475,109.9000,927176.5746,-6014.8049
Virtous,2023-03-31,AON,Equities,4510.9126,314.1000,1416877.6608,-7488.2749
Virtous,2023-03-31,AT0000A1K9C8,Government Bond,15750.3222,105.3300,1658981.4334,30.2303
Virtous,2023-03-31,AVB,Equities,2344.8361,166.5800,390602.7964,-6.2616
Virtous,2023-03-31,BAC,Equities,1260.7349,28.3700,35767.0494,-68.0262
Virtous,2023-03-31,BALL,Equities,8898.7056,54.9000,488538.9353,891.4717
Virtous,2023-03-31,BLK,Equities,7629.4608,664.2400,5067793.0404,-14853.6842
Virtous,2023-03-31,BMY,Equities,3894.6625,68.1400,265382.2999,236.7671
Virtous,2023-03-31,BXP,Equities,2996.4255,53.1900,159379.8738,-2868.1341
Virtous,2023-03-31,CA135087B949,Government Bond,2978.9179,158.6800,472694.6861,0.5475
Virtous,2023-03-31,CA135087K940,Government Bond,45269.6185,97.5400,4415598.5880,382.5350
Virtous,2023-03-31,CAT,Equities,9755.0152,226.4800,2209315.8383,-7078.9201
Virtous,2023-03-31,CND100047QT4,Government Bond,19363.9715,101.6700,1968734.9851,-21.6545
Virtous,2023-03-31,CSGP,Equities,5182.0458,68.8500,356783.8517,-1079.6278
Virtous,2023-03-31,DE0001030559,Government Bond,6839.8331,135.9300,929738.5101,27.4642
Virtous,2023-03-31,DE0001030567,Government Bond,4868.9375,121.3200,590699.5010,-85.7882
Virtous,2023-03-31,DOV,Equities,2499.6785,151.3800,378401.3380,-1010.9148
Virtous,2023-03-31,DVA,Equities,769.3222,81.1100,62399.7250,-17.7108
Virtous,2023-03-31,ENPH,Equities,5589.9066,210.2800,1175445.5593,21.8505
Virtous,2023-03-31,ES0000012411,Government Bond,15759.1583,153.6200,2420921.8904,123.6828
Virtous,2023-03-31,ES00000127G9,Government Bond,21590.2860,109.2400,2358522.8387,-41.1914
Virtous,2023-03-31,FIS,Equities,9074.3323,53.8200,488380.5655,1786.2387
Virtous,2023-03-31,FOXA,Equities,1662.6691,34.0500,56613.8832,-270.2362
Virtous,2023-03-31,FR0013327491,Government Bond,4243.0559,132.3300,561483.5904,-20.1948
Virtous,2023-03-31,GB00B3Y1JG82,Government Bond,5993.5053,165.0600,989287.9881,374.8944
Virtous,2023-03-31,GB00BGDYHF49,Government Bond,4353.7541,187.2300,815153.3827,178.0259
Virtous,2023-03-31,GB00BN65R313,Government Bond,10297.1499,146.5500,1509047.3136,75.5481
Virtous,2023-03-31,GD,Equities,6489.3743,225.5000,1463353.8969,281.9713
Virtous,2023-03-31,GNRC,Equities,5743.8803,108.0100,620396.5105,1651.8195
Virtous,2023-03-31,GPN,Equities,9622.9216,104.9800,1010214.3108,2295.8446
Virtous,2023-03-31,IT0004545890,Government Bond,6650.0003,185.0100,1230316.5490,-30.0672
Virtous,2023-03-31,IT0005024234,Government Bond,21002.7781,120.5500,2531884.9023,53.9298
Virtous,2023-03-31,KR,Equities,3835.9195,48.8200,187269.5885,-1778.7763
Virtous,2023-03-31,MA,Equities,469.0883,362.3200,169960.0793,-856.4248
Virtous,2023-03-31,MAR,Equities,32.3249,165.1100,5337.1697,2.8778
Virtous,2023-03-31,MCHP,Equities,1671.1428,82.9400,138604.5808,435.1884
Virtous,2023-03-31,MOS,Equities,808.1233,45.6000,36850.4236,-509.0774
Virtous,2023-03-31,MPC,Equities,3871.0119,133.2400,515773.6275,-2877.4307
Virtous,2023-03-31,MSCI,Equities,4431.6716,556.6600,2466934.3337,-2945.9571
Virtous,2023-03-31,NDSN,Equities,4808.8035,220.9500,1062505.1408,-953.0166
Virtous,2023-03-31,NI,Equities,6854.2613,27.4700,188286.5585,371.8055
Virtous,2023-03-31,NTAP,Equities,1804.3651,62.9300,113548.6930,216.4119
Virtous,2023-03-31,NUE,Equities,7536.3724,153.9800,1160450.6163,-182.2175
Virtous,2023-03-31,NVDA,Equities,1287.7321,277.7400,357654.7235,-1141.4390
Virtous,2023-03-31,O,Equities,9535.0885,62.2600,593654.6092,635.7985
Virtous,2023-03-31,PHM,Equities,3199.5859,58.1500,186055.9203,3035.7071
Virtous,2023-03-31,SNA,Equities,9115.1375,243.8500,2222726.2768,739.4923
Virtous,2023-03-31,SO,Equities,3589.4003,68.2200,244868.8892,-4972.4497
Virtous,2023-03-31,TAP,Equities,9551.7857,51.3400,490388.6778,2973.8320
Virtous,2023-03-31,TDG,Equities,7702.6403,737.0500,5677231.0039,-2573.2963
Virtous,2023-03-31,TDY,Equities,1393.9342,447.3600,623590.3896,4734.1052
Virtous,2023-03-31,TEL,Equities,1687.0041,129.9200,219175.5762,-413.4436
Virtous,2023-03-31,TFX,Equities,9526.2956,252.5900,2406247.0135,30955.9314
Virtous,2023-03-31,TRV,Equities,1175.3698,170.4300,200318.2818,-488.8583
Virtous,2023-03-31,US912810PV44,Government Bond,5503.2706,158.3700,871552.9574,50.2739
Virtous,2023-03-31,US912828B253,Government Bond,1785.9073,126.1500,225292.2109,54.1668
Virtous,2023-03-31,US912828WU04,Government Bond,12982.6251,124.1400,1611663.0825,613.9473
Virtous,2023-03-31,US912828Z377,Government Bond,16387.2378,119.3000,1954997.4704,-222.0817
Virtous,2023-03-31,VFC,Equities,5574.6935,22.5600,125765.0856,1900.2391
Virtous,2023-03-31,VRSN,Equities,9594.5456,211.3300,2027615.3145,-14768.9700
Virtous,2023-03-31,VRTX,Equities,6831.6704,315.0700,2152454.3914,11097.8017
Virtous,2023-03-31,VTRS,Equities,4263.3075,9.4000,40075.0909,-840.6480
Virtous,2023-03-31,VZ,Equities,3556.5160,37.5800,133653.8695,-2.6606
Virtous,2023-03-31,WHR,Equities,6773.7238,128.5800,870965.4017,558.7320
Virtous,2023-03-31,WM,Equities,7331.5666,162.4600,1191086.3123,-14437.1950
Virtous,2023-03-31,WMB,Equities,741.0482,29.4400,21816.4585,-27.8219
Virtous,2023-04-30,ABBV,Equities,553.5517,149.4600,82733.8409,352.0214
Virtous,2023-04-30,ADI,Equities,3083.5117,179.0200,552010.2563,10518.1676
Virtous,2023-04-30,ADSK,Equities,269.3931,194.7900,52475.0798,151.3503
Virtous,2023-04-30,AES,Equities,4837.9891,23.4800,113595.9841,-174.6766
Virtous,2023-04-30,ALL,Equities,8811.2936,114.8100,1011624.6240,-9200.0170
Virtous,2023-04-30,AON,Equities,4424.7282,324.5500,1436045.5299,4503.1383
Virtous,2023-04-30,AT0000A1K9C8,Government Bond,16070.3134,105.4700,1694935.9536,-223.9939
Virtous,2023-04-30,AVB,Equities,2354.4154,178.7800,420922.3916,-584.3399
Virtous,2023-04-30,BAC,Equities,1232.5991,29.0500,35807.0035,95.6618
Virtous,2023-04-30,BALL,Equities,8516.1703,52.9800,451186.7009,-3672.3388
Virtous,2023-04-30,BLK,Equities,7706.3456,666.3000,5134738.0952,-791.9138
Virtous,2023-04-30,BMY,Equities,4046.0167,66.1800,267765.3869,1483.2718
Virtous,2023-04-30,BXP,Equities,2969.8002,52.4400,155736.3201,-99.8451
Virtous,2023-04-30,CA135087B949,Government Bond,2902.8616,158.6700,460597.0568,-3.8028
Virtous,2023-04-30,CA135087K940,Government Bond,44188.1528,97.7800,4320717.5790,1297.7589
Virtous,2023-04-30,CAT,Equities,9607.0372,217.7200,2091644.1420,-6481.4350
Virtous,2023-04-30,CND100047QT4,Government Bond,19772.0393,101.6900,2010618.6781,-40.8068
Virtous,2023-04-30,CSGP,Equities,5376.1632,76.9500,413695.7584,-7861.7557
Virtous,2023-04-30,DE0001030559,Government Bond,6799.1198,136.0700,925156.2291,28.4993
Virtous,2023-04-30,DE0001030567,Government Bond,4863.9758,121.5700,591313.5388,6.2022
Virtous,2023-04-30,DOV,Equities,2489.2074,145.6200,362478.3833,-301.5686
Virtous,2023-04-30,DVA,Equities,784.2490,90.3600,70864.7406,-690.3642
Virtous,2023-04-30,ENPH,Equities,5487.2092,164.2000,900999.7511,-23661.4797
Virtous,2023-04-30,ES0000012411,Government Bond,15512.5778,153.7800,2385524.2201,197.2643
Virtous,2023-04-30,ES00000127G9,Government Bond,21643.6427,109.4000,2367814.5158,-42.6854
Virtous,2023-04-30,FIS,Equities,9263.6815,58.1700,538868.3508,-4118.3439
Virtous,2023-04-30,FOXA,Equities,1686.3328,33.2600,56087.4295,93.4716
Virtous,2023-04-30,FR0013327491,Government Bond,4379.4137,132.4600,580097.1341,-88.6325
Virtous,2023-04-30,GB00B3Y1JG82,Government Bond,6184.4807,165.5300,1023717.0969,-448.7922
Virtous,2023-04-30,GB00BGDYHF49,Government Bond,4232.3141,187.4600,793389.5989,139.6560
Virtous,2023-04-30,GB00BN65R313,Government Bond,9998.0412,146.7300,1467012.5861,269.1978
Virtous,2023-04-30,GD,Equities,6759.2412,217.0000,1466755.3450,11469.3456
Virtous,2023-04-30,GNRC,Equities,5828.8143,102.2200,595821.3954,2458.8388
Virtous,2023-04-30,GPN,Equities,9463.3109,112.4300,1063960.0422,5945.4998
Virtous,2023-04-30,IT0004545890,Government Bond,6647.3914,185.1300,1230631.5696,1.5653
Virtous,2023-04-30,IT0005024234,Government Bond,21953.4773,120.6900,2649565.1755,-665.4894
Virtous,2023-04-30,KR,Equities,3914.4628,48.0900,188246.5179,286.6833
Virtous,2023-04-30,MA,Equities,448.5870,379.4800,170229.7991,1759.0121
Virtous,2023-04-30,MAR,Equities,33.5524,168.3900,5649.8851,-20.1301
Virtous,2023-04-30,MCHP,Equities,1664.8114,72.2600,120299.2704,-338.0958
Virtous,2023-04-30,MOS,Equities,803.5986,42.5900,34225.2626,-68.0977
Virtous,2023-04-30,MPC,Equities,3880.0944,120.5600,467784.1755,575.8267
Virtous,2023-04-30,MSCI,Equities,4619.2175,479.8400,2216485.3043,72036.3491
Virtous,2023-04-30,NDSN,Equities,4775.6526,215.0300,1026908.5840,-981.2669
Virtous,2023-04-30,NI,Equities,7022.0759,28.2100,198092.7602,-620.9138
Virtous,2023-04-30,NTAP,Equities,1766.8704,62.4800,110394.0609,-84.3630
Virtous,2023-04-30,NUE,Equities,7467.0826,147.7100,1102962.7640,-2172.2355
Virtous,2023-04-30,NVDA,Equities,1278.1232,277.4600,354628.0567,-13.4525
Virtous,2023-04-30,O,Equities,9352.8111,62.0400,580248.4032,-200.5051
Virtous,2023-04-30,PHM,Equities,3229.2026,67.0000,216356.5714,-1310.5370
Virtous,2023-04-30,SNA,Equities,9221.4020,256.2200,2362707.6322,-6572.4628
Virtous,2023-04-30,SO,Equities,3517.2179,72.1100,253626.5858,1403.9471
Virtous,2023-04-30,TAP,Equities,9193.5821,59.0900,543248.7684,13880.3881
Virtous,2023-04-30,TDG,Equities,7629.4871,765.0000,5836557.6497,10223.1508
Virtous,2023-04-30,TDY,Equities,1454.0724,414.4000,602567.6153,9910.7856
Virtous,2023-04-30,TEL,Equities,1685.8293,121.2200,204356.2318,-51.1035
Virtous,2023-04-30,TFX,Equities,9889.6196,271.7400,2687405.2261,-34788.2686
Virtous,2023-04-30,TRV,Equities,1125.3835,180.1100,202692.8237,2419.3384
Virtous,2023-04-30,US912810PV44,Government Bond,5230.9537,158.7200,830256.9759,476.5544
Virtous,2023-04-30,US912828B253,Government Bond,1804.2660,126.4500,228149.4332,-27.5380
Virtous,2023-04-30,US912828WU04,Government Bond,12702.9254,124.4400,1580752.0317,419.5496
Virtous,2023-04-30,US912828Z377,Government Bond,16224.5771,119.5500,1939648.1906,203.3259
Virtous,2023-04-30,VFC,Equities,5315.1529,23.1500,123045.7895,765.6448
Virtous,2023-04-30,VRSN,Equities,9637.7859,221.8000,2137660.9086,-2263.6305
Virtous,2023-04-30,VRTX,Equities,7055.9442,340.7300,2404171.8524,-28774.3236
Virtous,2023-04-30,VTRS,Equities,4316.7952,9.1100,39326.0044,77.5571
Virtous,2023-04-30,VZ,Equities,3558.2436,38.1500,135746.9930,-4.9238
Virtous,2023-04-30,WHR,Equities,6861.9024,135.9500,932875.6337,-3249.3833
Virtous,2023-04-30,WM,Equities,7173.0385,165.3300,1185918.4611,2274.8779
Virtous,2023-04-30,WMB,Equities,708.3251,29.8300,21129.3369,63.8101
Virtous,2023-05-31,ABBV,Equities,568.7681,136.4500,77608.4079,989.8254
Virtous,2023-05-31,ADI,Equities,2989.4821,176.8400,528660.0087,-1024.9225
Virtous,2023-05-31,ADSK,Equities,258.4678,199.3900,51535.9015,251.2809
Virtous,2023-05-31,AES,Equities,4771.3056,19.5900,93469.8759,-1296.9949
Virtous,2023-05-31,ALL,Equities,8531.7486,107.5600,917674.8826,-10133.5070
Virtous,2023-05-31,AON,Equities,4493.5869,307.7000,1382676.6888,5801.3473
Virtous,2023-05-31,AT0000A1K9C8,Government Bond,15933.6337,105.6000,1682591.7211,88.8418
Virtous,2023-05-31,AVB,Equities,2310.2570,172.4400,398380.7178,-1399.8223
Virtous,2023-05-31,BAC,Equities,1236.3505,27.5700,34086.1842,27.7607
Virtous,2023-05-31,BALL,Equities,8781.0024,51.1600,449236.0825,2409.9723
Virtous,2023-05-31,BLK,Equities,7704.7924,652.7500,5029303.2417,-105.2313
Virtous,2023-05-31,BMY,Equities,3987.8035,63.8700,254701.0125,-672.3622
Virtous,2023-05-31,BXP,Equities,3119.1471,47.8300,149188.8044,3442.4464
Virtous,2023-05-31,CA135087B949,Government Bond,2888.3607,158.8500,458816.0895,13.0509
Virtous,2023-05-31,CA135087K940,Government Bond,45546.6882,97.7300,4451277.8400,339.6339
Virtous,2023-05-31,CAT,Equities,9595.5065,204.7300,1964488.0380,-748.9223
Virtous,2023-05-31,CND100047QT4,Government Bond,18946.2795,101.7200,1927215.5504,123.8640
Virtous,2023-05-31,CSGP,Equities,5262.6228,79.4000,417852.2520,1390.8697
Virtous,2023-05-31,DE0001030559,Government Bond,6781.8684,136.3200,924504.2989,21.5642
Virtous,2023-05-31,DE0001030567,Government Bond,4954.2791,121.7100,602985.3144,-63.2123
Virtous,2023-05-31,DOV,Equities,2425.4066,133.3300,323379.4562,-3920.5626
Virtous,2023-05-31,DVA,Equities,768.0586,93.6700,71944.0465,267.9517
Virtous,2023-05-31,ENPH,Equities,5387.2431,173.8800,936733.8340,4838.3583
Virtous,2023-05-31,ES0000012411,Government Bond,15952.3391,153.9800,2456341.1718,-439.7612
Virtous,2023-05-31,ES00000127G9,Government Bond,21765.2962,109.5600,2384605.8506,-97.3228
Virtous,2023-05-31,FIS,Equities,8900.3114,54.0500,481061.8334,-7485.4225
Virtous,2023-05-31,FOXA,Equities,1649.4107,31.2000,51461.6145,-380.2976
Virtous,2023-05-31,FR0013327491,Government Bond,4280.5975,132.6100,567650.0283,74.1122
Virtous,2023-05-31,GB00B3Y1JG82,Government Bond,6144.2438,165.4800,1016749.4608,-10.0592
Virtous,2023-05-31,GB00BGDYHF49,Government Bond,4378.7311,187.4900,820968.3015,-21.9626
Virtous,2023-05-31,GB00BN65R313,Government Bond,10539.7260,146.7500,1546704.7862,-54.1685
Virtous,2023-05-31,GD,Equities,6638.1980,202.9300,1347089.5109,-8515.3938
Virtous,2023-05-31,GNRC,Equities,6030.3128,108.9200,656821.6735,-6750.2016
Virtous,2023-05-31,GPN,Equities,9296.1446,97.4500,905909.2922,-12520.7536
Virtous,2023-05-31,IT0004545890,Government Bond,6567.8210,185.4000,1217674.0089,107.4201
Virtous,2023-05-31,IT0005024234,Government Bond,21704.0786,120.8800,2623589.0256,236.9287
Virtous,2023-05-31,KR,Equities,3756.6061,45.0600,169272.6695,-2391.5300
Virtous,2023-05-31,MA,Equities,452.5491,364.4900,164949.6075,296.9557
Virtous,2023-05-31,MAR,Equities,33.0686,167.3700,5534.6983,-2.4671
Virtous,2023-05-31,MCHP,Equities,1749.1728,74.8700,130960.5657,-1100.9162
Virtous,2023-05-31,MOS,Equities,836.7528,31.9600,26742.6181,1762.1457
Virtous,2023-05-31,MPC,Equities,3833.9253,104.3800,400185.1209,-3735.0781
Virtous,2023-05-31,MSCI,Equities,4490.7305,469.3400,2107679.4703,-6745.5633
Virtous,2023-05-31,NDSN,Equities,4770.8481,217.2900,1036657.5936,54.2906
Virtous,2023-05-31,NI,Equities,6978.7467,26.6500,185983.5996,-337.9675
Virtous,2023-05-31,NTAP,Equities,1802.0550,65.9200,118791.4628,-605.1749
Virtous,2023-05-31,NUE,Equities,7229.7281,131.6400,951721.4075,-19071.4301
Virtous,2023-05-31,NVDA,Equities,1297.7360,378.3000,490933.5227,-9888.7772
Virtous,2023-05-31,O,Equities,9196.0337,58.9400,542014.2284,-2430.0498
Virtous,2023-05-31,PHM,Equities,3220.6466,65.9400,212369.4392,-45.3464
Virtous,2023-05-31,SNA,Equities,8945.2958,247.3500,2212618.9281,-12245.3099
Virtous,2023-05-31,SO,Equities,3554.1894,69.0300,245345.6942,569.3604
Virtous,2023-05-31,TAP,Equities,9317.9326,61.4400,572493.7786,-1461.1179
Virtous,2023-05-31,TDG,Equities,7530.9229,773.6500,5826298.4999,4262.9028
Virtous,2023-05-31,TDY,Equities,1428.6021,388.6500,555226.2092,-3279.3041
Virtous,2023-05-31,TEL,Equities,1646.2220,121.9200,200707.3855,138.6257
Virtous,2023-05-31,TFX,Equities,9755.1995,234.4000,2286618.7541,-25096.2369
Virtous,2023-05-31,TRV,Equities,1185.1598,168.2800,199438.6894,3535.7670
Virtous,2023-05-31,US912810PV44,Government Bond,5297.0188,158.8200,841272.5191,-33.0325
Virtous,2023-05-31,US912828B253,Government Bond,1735.9507,126.5200,219632.4769,23.9104
Virtous,2023-05-31,US912828WU04,Government Bond,12337.1641,124.5000,1535976.9346,109.7284
Virtous,2023-05-31,US912828Z377,Government Bond,16759.0337,119.6200,2004715.6163,-187.0598
Virtous,2023-05-31,VFC,Equities,5419.4035,16.9600,91913.0837,3226.5568
Virtous,2023-05-31,VRSN,Equities,9434.0760,223.3200,2106817.8413,1548.1955
Virtous,2023-05-31,VRTX,Equities,6977.4831,323.5700,2257704.1928,-6731.9623
Virtous,2023-05-31,VTRS,Equities,4206.8483,9.0500,38071.9773,-32.9841
Virtous,2023-05-31,VZ,Equities,3445.2561,35.0000,120583.9619,-1779.5537
Virtous,2023-05-31,WHR,Equities,6769.7156,127.6200,863951.1106,-3839.5791
Virtous,2023-05-31,WM,Equities,7105.9140,161.2200,1145615.4606,-1379.4085
Virtous,2023-05-31,WMB,Equities,702.8230,28.2600,19861.7767,-43.1916
Virtous,2023-06-30,ABBV,Equities,557.0761,133.2500,74230.3913,-187.0720
Virtous,2023-06-30,ADI,Equities,2940.9700,194.8100,572930.3631,4358.8104
Virtous,2023-06-30,ADSK,Equities,261.2321,204.6100,53450.6908,-72.1462
Virtous,2023-06-30,AES,Equities,5022.3495,20.5700,103309.7289,-1230.1152
Virtous,2023-06-30,ALL,Equities,8703.9761,109.0400,949081.5493,-1274.4830
Virtous,2023-06-30,AON,Equities,4390.5209,344.5400,1512710.0852,18984.7494
Virtous,2023-06-30,AT0000A1K9C8,Government Bond,15600.7785,105.3500,1643542.0173,-416.0690
Virtous,2023-06-30,AVB,Equities,2300.9113,189.2700,435493.4825,786.4406
Virtous,2023-06-30,BAC,Equities,1222.9704,28.6900,35087.0203,74.9288
Virtous,2023-06-30,BALL,Equities,8493.6682,58.2100,494416.4256,10128.5306
Virtous,2023-06-30,BLK,Equities,7983.5970,691.1400,5517783.2358,-53516.5437
Virtous,2023-06-30,BMY,Equities,3897.4728,63.3900,247060.7976,-216.7939
Virtous,2023-06-30,BXP,Equities,3022.7449,57.5900,174079.8765,4704.4279
Virtous,2023-06-30,CA135087B949,Government Bond,2943.7012,158.5200,466635.5092,91.3119
Virtous,2023-06-30,CA135087K940,Government Bond,45028.2997,97.3900,4385306.1077,-881.2605
Virtous,2023-06-30,CAT,Equities,9604.1545,244.8300,2351385.1524,-1733.9367
Virtous,2023-06-30,CND100047QT4,Government Bond,19437.1158,101.6700,1976171.5586,122.7091
Virtous,2023-06-30,CSGP,Equities,5380.3490,89.0000,478851.0630,-5650.8577
Virtous,2023-06-30,DE0001030559,Government Bond,6731.4943,135.8900,914742.7627,-108.3043
Virtous,2023-06-30,DE0001030567,Government Bond,5076.3375,121.2400,615455.1581,286.8371
Virtous,2023-06-30,DOV,Equities,2395.2107,147.6500,353652.8646,2162.0210
Virtous,2023-06-30,DVA,Equities,811.4174,100.4700,81523.1016,-1474.1986
Virtous,2023-06-30,ENPH,Equities,5592.0916,167.4800,936563.5093,6555.1529
Virtous,2023-06-30,ES0000012411,Government Bond,15424.6256,153.6100,2369376.7369,-976.2700
Virtous,2023-06-30,ES00000127G9,Government Bond,21615.8972,109.2700,2361969.0888,-216.6285
Virtous,2023-06-30,FIS,Equities,9111.3005,54.7000,498388.1367,-685.7144
Virtous,2023-06-30,FOXA,Equities,1663.5082,34.0000,56559.2804,-197.3654
Virtous,2023-06-30,FR0013327491,Government Bond,4327.6322,132.3400,572718.8512,63.4970
Virtous,2023-06-30,GB00B3Y1JG82,Government Bond,6081.7864,164.7400,1001913.4933,-231.0923
Virtous,2023-06-30,GB00BGDYHF49,Government Bond,4314.1354,186.9900,806700.1750,-161.4894
Virtous,2023-06-30,GB00BN65R313,Government Bond,10496.5556,146.3600,1536275.8846,-84.1821
Virtous,2023-06-30,GD,Equities,6604.4646,213.8300,1412232.6622,1838.4686
Virtous,2023-06-30,GNRC,Equities,5842.8723,149.1300,871347.5484,37684.9156
Virtous,2023-06-30,GPN,Equities,9166.7560,98.5200,903108.8038,692.2289
Virtous,2023-06-30,IT0004545890,Government Bond,6547.6023,184.9600,1211044.5143,-44.4812
Virtous,2023-06-30,IT0005024234,Government Bond,21565.5238,120.5300,2599292.5864,-242.4709
Virtous,2023-06-30,KR,Equities,3938.7189,46.7200,184016.9460,-1511.5363
Virtous,2023-06-30,MA,Equities,446.8824,392.7300,175504.1283,800.1314
Virtous,2023-06-30,MAR,Equities,32.7823,183.2300,6006.7092,22.7031
Virtous,2023-06-30,MCHP,Equities,1718.3715,89.1300,153158.4478,2196.1342
Virtous,2023-06-30,MOS,Equities,823.0962,35.0000,28808.3666,207.5798
Virtous,2023-06-30,MPC,Equities,3697.3102,116.0100,428924.9605,7944.1649
Virtous,2023-06-30,MSCI,Equities,4602.9875,468.1000,2154658.4627,695.9934
Virtous,2023-06-30,NDSN,Equities,4681.9653,247.4500,1158552.3073,13403.5369
Virtous,2023-06-30,NI,Equities,6864.5778,27.1100,186098.7039,262.5885
Virtous,2023-06-30,NTAP,Equities,1828.1768,75.9000,138758.6227,-1303.4823
Virtous,2023-06-30,NUE,Equities,7181.0778,163.9800,1177553.1397,7866.7521
Virtous,2023-06-30,NVDA,Equities,1345.7808,423.0200,569292.1851,-10742.8162
Virtous,2023-06-30,O,Equities,9581.3662,59.5400,570474.5409,-1155.9973
Virtous,2023-06-30,PHM,Equities,3355.5670,77.6800,260660.4408,-7919.8225
Virtous,2023-06-30,SNA,Equities,9090.6149,286.4500,2604006.6380,-28409.8745
Virtous,2023-06-30,SO,Equities,3588.6961,69.5300,249522.0393,-86.2667
Virtous,2023-06-30,TAP,Equities,9252.0454,65.8400,609154.6699,1449.5180
Virtous,2023-06-30,TDG,Equities,7651.0480,894.1700,6841337.6333,-72387.4157
Virtous,2023-06-30,TDY,Equities,1389.8306,411.1100,571373.2647,4354.0385
Virtous,2023-06-30,TEL,Equities,1714.5279,139.5200,239210.9286,-6010.9172
Virtous,2023-06-30,TFX,Equities,9881.8271,241.6700,2388141.1588,-4602.9151
Virtous,2023-06-30,TRV,Equities,1142.3144,173.6600,198374.3122,1152.5420
Virtous,2023-06-30,US912810PV44,Government Bond,5464.0612,158.3200,865070.1735,417.6062
Virtous,2023-06-30,US912828B253,Government Bond,1717.7685,126.0000,216438.8361,-47.2735
Virtous,2023-06-30,US912828WU04,Government Bond,12919.3446,124.0000,1601998.7344,1455.4512
Virtous,2023-06-30,US912828Z377,Government Bond,17044.5199,119.3000,2033411.2249,456.7779
Virtous,2023-06-30,VFC,Equities,5539.9433,19.0900,105757.5176,-1283.7487
Virtous,2023-06-30,VRSN,Equities,9480.1990,225.9700,2142240.5576,-611.1298
Virtous,2023-06-30,VRTX,Equities,6767.7906,351.9100,2381653.1767,29713.4266
Virtous,2023-06-30,VTRS,Equities,4233.5922,9.8700,41785.5546,-109.6497
Virtous,2023-06-30,VZ,Equities,3517.8169,36.5400,128541.0279,-558.7182
Virtous,2023-06-30,WHR,Equities,6807.1248,146.8700,999762.4150,-3600.6283
Virtous,2023-06-30,WM,Equities,7334.4230,173.4200,1271935.6326,-13939.0455
Virtous,2023-06-30,WMB,Equities,726.4965,32.6300,23705.5819,-517.2677
Virtous,2023-07-31,ABBV,Equities,562.8382,149.5800,84189.3368,-470.4742
Virtous,2023-07-31,ADI,Equities,2930.4890,199.5300,584720.4665,247.3517
Virtous,2023-07-31,ADSK,Equities,268.1821,211.9900,56851.9227,-256.4565
Virtous,2023-07-31,AES,Equities,4779.6410,21.6300,103383.6349,1286.3550
Virtous,2023-07-31,ALL,Equities,8761.0967,112.6800,987200.3774,-1039.5959
Virtous,2023-07-31,AON,Equities,4531.3481,318.5000,1443234.3805,18335.7004
Virtous,2023-07-31,AT0000A1K9C8,Government Bond,15907.9058,105.3800,1676375.1115,-46.0691
Virtous,2023-07-31,AVB,Equities,2365.8639,188.6500,446320.2281,201.3531
Virtous,2023-07-31,BAC,Equities,1258.2339,32.0000,40263.4863,-583.6120
Virtous,2023-07-31,BALL,Equities,8632.1425,58.6900,506620.4437,-332.3384
Virtous,2023-07-31,BLK,Equities,7924.5743,738.8500,5855071.7260,14079.8655
Virtous,2023-07-31,BMY,Equities,3918.3492,62.1900,243682.1368,125.2587
Virtous,2023-07-31,BXP,Equities,3085.4828,66.6300,205585.7194,-2835.7552
Virtous,2023-07-31,CA135087B949,Government Bond,2907.5967,158.8800,461958.9573,64.9881
Virtous,2023-07-31,CA135087K940,Government Bond,44183.6839,97.7500,4318955.1027,1520.3084
Virtous,2023-07-31,CAT,Equities,9506.1431,265.1700,2520743.9773,9967.7575
Virtous,2023-07-31,CND100047QT4,Government Bond,18671.0262,101.6600,1898096.5259,-38.3045
Virtous,2023-07-31,CSGP,Equities,5266.2854,83.9700,442209.9862,-2868.6998
Virtous,2023-07-31,DE0001030559,Government Bond,6745.9855,135.9900,917386.5665,-7.2456
Virtous,2023-07-31,DE0001030567,Government Bond,5051.0327,121.3800,613094.3511,17.7133
Virtous,2023-07-31,DOV,Equities,2451.9497,145.9700,357911.0919,476.6070
Virtous,2023-07-31,DVA,Equities,777.6939,101.9900,79316.9965,256.2986
Virtous,2023-07-31,ENPH,Equities,5607.9333,151.8300,851452.5080,1239.6067
Virtous,2023-07-31,ES0000012411,Government Bond,15718.3233,153.6000,2414334.4554,14.6849
Virtous,2023-07-31,ES00000127G9,Government Bond,21221.0571,109.3100,2319673.7485,78.9680
Virtous,2023-07-31,FIS,Equities,8789.4069,60.3800,530704.3912,9141.7767
Virtous,2023-07-31,FOXA,Equities,1717.0453,33.4500,57435.1649,147.2269
Virtous,2023-07-31,FR0013327491,Government Bond,4297.4264,132.4200,569065.2059,12.0823
Virtous,2023-07-31,GB00B3Y1JG82,Government Bond,5934.0507,165.3100,980957.9226,421.0468
Virtous,2023-07-31,GB00BGDYHF49,Government Bond,4362.7975,187.4200,817675.5111,-104.6236
Virtous,2023-07-31,GB00BN65R313,Government Bond,10110.0785,146.7000,1483148.5118,657.0112
Virtous,2023-07-31,GD,Equities,6599.1731,223.5800,1475443.1163,257.9611
Virtous,2023-07-31,GNRC,Equities,5807.7272,153.7000,892647.6735,803.0655
Virtous,2023-07-31,GPN,Equities,9322.5890,110.2500,1027815.4363,-9139.6033
Virtous,2023-07-31,IT0004545890,Government Bond,6608.9106,185.1200,1223441.5341,-49.0467
Virtous,2023-07-31,IT0005024234,Government Bond,20862.0917,120.5700,2515342.3955,140.6864
Virtous,2023-07-31,KR,Equities,3885.9716,48.3500,187886.7276,429.8902
Virtous,2023-07-31,MA,Equities,466.7848,394.2800,184043.9111,-154.2435
Virtous,2023-07-31,MAR,Equities,33.2628,201.3000,6695.8004,-43.4085
Virtous,2023-07-31,MCHP,Equities,1740.1035,93.4600,162630.0729,-470.4987
Virtous,2023-07-31,MOS,Equities,842.1825,40.7600,34327.3578,-549.6851
Virtous,2023-07-31,MPC,Equities,3827.4919,132.3500,506568.5512,-10635.8408
Virtous,2023-07-31,MSCI,Equities,4607.4958,546.7000,2518917.9772,-1771.7670
Virtous,2023-07-31,NDSN,Equities,4928.9155,250.8700,1236517.0369,-4222.8492
Virtous,2023-07-31,NI,Equities,6814.3710,27.8400,189712.0880,183.2549
Virtous,2023-07-31,NTAP,Equities,1790.1491,78.0100,139649.5284,401.1931
Virtous,2023-07-31,NUE,Equities,7305.6520,172.0900,1257229.6600,-5051.4850
Virtous,2023-07-31,NVDA,Equities,1344.0696,467.2900,628070.2808,378.7707
Virtous,2023-07-31,O,Equities,9283.8669,60.9700,566037.3625,2127.1200
Virtous,2023-07-31,PHM,Equities,3357.8705,84.3900,283370.6888,-77.2830
Virtous,2023-07-31,SNA,Equities,8998.8822,270.7900,2436807.3241,-7182.6666
Virtous,2023-07-31,SO,Equities,3578.1328,71.6000,256194.3098,109.3299
Virtous,2023-07-31,TAP,Equities,9173.1664,69.7700,640011.8189,1549.9728
Virtous,2023-07-31,TDG,Equities,7670.2989,899.7200,6901121.3026,-534.2104
Virtous,2023-07-31,TDY,Equities,1379.9255,384.5300,530622.7490,-1316.3912
Virtous,2023-07-31,TEL,Equities,1724.4297,142.8400,246317.5393,-164.3705
Virtous,2023-07-31,TFX,Equities,9456.1634,250.7900,2371511.2175,19410.2657
Virtous,2023-07-31,TRV,Equities,1169.2655,172.6100,201826.9211,141.4936
Virtous,2023-07-31,US912810PV44,Government Bond,5271.2373,158.4200,835069.4104,96.4120
Virtous,2023-07-31,US912828B253,Government Bond,1724.6530,126.2100,217668.4590,-7.2287
Virtous,2023-07-31,US912828WU04,Government Bond,12523.2088,124.2000,1555382.5293,396.1359
Virtous,2023-07-31,US912828Z377,Government Bond,16261.0928,119.3700,1941086.6425,274.1995
Virtous,2023-07-31,VFC,Equities,5508.4509,19.8100,109122.4128,113.3726
Virtous,2023-07-31,VRSN,Equities,9746.3671,210.9500,2055996.1436,19989.2291
Virtous,2023-07-31,VRTX,Equities,7037.1968,352.3400,2479485.9255,-579.2234
Virtous,2023-07-31,VTRS,Equities,4131.7109,10.4200,43052.4273,280.1736
Virtous,2023-07-31,VZ,Equities,3529.5648,34.0800,120287.5682,144.4997
Virtous,2023-07-31,WHR,Equities,6819.8172,142.4000,971141.9624,283.6747
Virtous,2023-07-31,WM,Equities,7242.3053,163.7900,1186217.1866,-4435.4657
Virtous,2023-07-31,WMB,Equities,731.1299,34.4500,25187.4249,-42.1636
Virtous,2023-08-31,ABBV,Equities,565.1318,138.8300,78457.2530,123.2834
Virtous,2023-08-31,ADI,Equities,3076.9236,174.5300,537015.4748,18304.3265
Virtous,2023-08-31,ADSK,Equities,262.4430,218.5700,57362.1769,188.8147
Virtous,2023-08-31,AES,Equities,5008.6205,17.5500,87901.2901,4671.1822
Virtous,2023-08-31,ALL,Equities,8492.8027,105.2100,893527.7752,-10020.7802
Virtous,2023-08-31,AON,Equities,4394.5192,322.5400,1417408.2195,2763.9447
Virtous,2023-08-31,AT0000A1K9C8,Government Bond,16552.7122,105.4100,1744821.3967,-96.7210
Virtous,2023-08-31,AVB,Equities,2312.5934,190.1800,439809.0183,407.5192
Virtous,2023-08-31,BAC,Equities,1242.4779,27.7100,34429.0623,-337.9675
Virtous,2023-08-31,BALL,Equities,8738.5946,54.1800,473457.0573,2400.4955
Virtous,2023-08-31,BLK,Equities,7677.6109,658.1200,5052789.2833,-99686.7802
Virtous,2023-08-31,BMY,Equities,4102.6240,60.2400,247142.0713,1796.6795
Virtous,2023-08-31,BXP,Equities,3064.9782,64.8600,198794.4867,-181.4657
Virtous,2023-08-31,CA135087B949,Government Bond,2999.3376,158.5300,475484.9934,160.5467
Virtous,2023-08-31,CA135087K940,Government Bond,45863.9778,97.7600,4483662.4649,-84.0147
Virtous,2023-08-31,CAT,Equities,9345.6735,268.8500,2512584.3280,2952.6409
Virtous,2023-08-31,CND100047QT4,Government Bond,19242.7061,101.7000,1956983.2102,-114.3360
Virtous,2023-08-31,CSGP,Equities,5249.5421,87.2000,457760.0739,270.4040
Virtous,2023-08-31,DE0001030559,Government Bond,6858.4646,135.9900,932682.5987,0.0000
Virtous,2023-08-31,DE0001030567,Government Bond,4979.5839,121.4800,604919.8550,35.7244
Virtous,2023-08-31,DOV,Equities,2491.8861,141.4400,352452.3662,904.5598
Virtous,2023-08-31,DVA,Equities,798.8599,105.7200,84455.4679,-394.7466
Virtous,2023-08-31,ENPH,Equities,5547.8444,89.1200,494423.8899,-18840.8750
Virtous,2023-08-31,ES0000012411,Government Bond,15421.4844,153.5700,2368277.3652,-44.5258
Virtous,2023-08-31,ES00000127G9,Government Bond,20962.8103,109.3200,2291654.4192,12.9123
Virtous,2023-08-31,FIS,Equities,8874.1632,55.1400,489321.3603,2220.6146
Virtous,2023-08-31,FOXA,Equities,1715.5348,32.1200,55102.9790,-10.0445
Virtous,2023-08-31,FR0013327491,Government Bond,4397.1057,132.3900,582132.8171,14.9519
Virtous,2023-08-31,GB00B3Y1JG82,Government Bond,5882.4033,165.4900,973478.9167,46.4827
Virtous,2023-08-31,GB00BGDYHF49,Government Bond,4346.8639,187.3000,814167.6083,-9.5602
Virtous,2023-08-31,GB00BN65R313,Government Bond,10130.6358,146.6100,1485252.5100,9.2508
Virtous,2023-08-31,GD,Equities,6548.9037,216.7400,1419409.3969,-1719.2113
Virtous,2023-08-31,GNRC,Equities,5894.4185,114.6500,675795.0761,16926.4643
Virtous,2023-08-31,GPN,Equities,9307.4779,115.1300,1071569.9325,368.7102
Virtous,2023-08-31,IT0004545890,Government Bond,6615.4328,185.0000,1223855.0655,3.9133
Virtous,2023-08-31,IT0005024234,Government Bond,21853.2915,120.5900,2635288.4236,-99.1200
Virtous,2023-08-31,KR,Equities,3739.2803,47.8600,178961.9564,-359.3937
Virtous,2023-08-31,MA,Equities,460.5653,407.8500,187841.5588,421.9929
Virtous,2023-08-31,MAR,Equities,32.6178,194.9000,6357.2109,-20.6395
Virtous,2023-08-31,MCHP,Equities,1707.0776,77.9000,132981.3480,-2569.4119
Virtous,2023-08-31,MOS,Equities,842.8406,38.5800,32516.7913,7.1738
Virtous,2023-08-31,MPC,Equities,3739.3165,142.7300,533712.6475,4576.3013
Virtous,2023-08-31,MSCI,Equities,4408.2284,471.1000,2076716.4040,-75323.0896
Virtous,2023-08-31,NDSN,Equities,4717.9989,237.1700,1118967.7923,-14447.7905
Virtous,2023-08-31,NI,Equities,6811.6199,26.7000,181870.2519,-15.6810
Virtous,2023-08-31,NTAP,Equities,1787.4836,75.2900,134579.6375,-36.2508
Virtous,2023-08-31,NUE,Equities,7332.9257,159.5400,1169894.9647,1711.4214
Virtous,2023-08-31,NVDA,Equities,1344.2012,490.5700,659424.7945,-15.3217
Virtous,2023-08-31,O,Equities,9368.8667,56.1500,526061.8629,2048.4951
Virtous,2023-08-31,PHM,Equities,3357.2123,80.7900,271229.1834,-11.8467
Virtous,2023-08-31,SNA,Equities,8845.3890,264.0900,2335978.7812,-5142.0238
Virtous,2023-08-31,SO,Equities,3520.0348,68.5300,241227.9859,-891.8044
Virtous,2023-08-31,TAP,Equities,9023.7602,65.1500,587897.9795,-3451.2821
Virtous,2023-08-31,TDG,Equities,7679.5393,870.1100,6682043.9141,1368.0407
Virtous,2023-08-31,TDY,Equities,1434.5452,398.0200,570977.6738,-3684.0982
Virtous,2023-08-31,TEL,Equities,1698.7521,123.4300,209676.9676,-2492.0149
Virtous,2023-08-31,TFX,Equities,9595.4538,220.0700,2111671.5200,21395.0080
Virtous,2023-08-31,TRV,Equities,1155.5596,163.6800,189141.9935,-611.9698
Virtous,2023-08-31,US912810PV44,Government Bond,5212.6919,158.6800,827149.9430,76.1091
Virtous,2023-08-31,US912828B253,Government Bond,1751.1318,126.4900,221500.6663,-37.0703
Virtous,2023-08-31,US912828WU04,Government Bond,13018.0622,124.4800,1620488.3820,-692.7948
Virtous,2023-08-31,US912828Z377,Government Bond,16380.5986,119.4500,1956662.5021,-47.8023
Virtous,2023-08-31,VFC,Equities,5485.1031,18.7700,102955.3857,-121.4085
Virtous,2023-08-31,VRSN,Equities,9537.8527,207.4800,1978913.6799,-3617.7250
Virtous,2023-08-31,VRTX,Equities,7100.3823,364.7700,2590006.4520,-3926.9780
Virtous,2023-08-31,VTRS,Equities,4369.0094,10.6400,46486.2598,-261.0284
Virtous,2023-08-31,VZ,Equities,3432.8171,34.5900,118741.1420,246.7067
Virtous,2023-08-31,WHR,Equities,6760.3634,132.8700,898249.4801,-2832.9730
Virtous,2023-08-31,WM,Equities,6973.8073,159.9000,1115111.7875,-5222.2863
Virtous,2023-08-31,WMB,Equities,703.4021,35.1700,24738.6527,99.8200
Wallington,2022-08-31,ABBV,Equities,53141.2855,129.2200,6866916.9169,18322.8901
Wallington,2022-08-31,ADI,Equities,150137.0300,149.4400,22436477.7643,15848.4697
Wallington,2022-08-31,ALLE,Equities,95963.8749,93.5800,8980299.4085,-78347.8730
Wallington,2022-08-31,ANET,Equities,38179.1760,119.8800,4576919.6208,-33866.1259
Wallington,2022-08-31,AVGO,Equities,4127.4785,484.7700,2000877.7467,-9717.6596
Wallington,2022-08-31,CAH,Equities,36631.3716,68.9300,2525000.4432,1090.1155
Wallington,2022-08-31,CDAY,Equities,12382.4355,59.6400,738488.4511,-513.3408
Wallington,2022-08-31,CFG,Equities,75326.4824,34.9700,2634167.0899,17835.2097
Wallington,2022-08-31,CMG,Equities,85129.2438,1596.8000,135934376.5296,521495.9340
Wallington,2022-08-31,CMS,Equities,94416.0704,65.3900,6173866.8446,-6527.7603
Wallington,2022-08-31,COST,Equities,85129.2438,518.1900,44113122.8544,-44885.2419
Wallington,2022-08-31,CSX,Equities,56752.8292,31.3300,1778066.1392,-7875.7935
Wallington,2022-08-31,DHI,Equities,147557.3560,70.4600,10396891.3004,-46405.8350
Wallington,2022-08-31,EXPE,Equities,69135.2647,102.6500,7096734.9191,3910.1396
Wallington,2022-08-31,FOX,Equities,146009.5515,31.3800,4581779.7267,-8044.9163
Wallington,2022-08-31,GPC,Equities,151168.8996,152.5200,23056280.5715,171639.8792
Wallington,2022-08-31,GRMN,Equities,25280.8057,85.8400,2170104.3647,731.9710
Wallington,2022-08-31,HON,Equities,52109.4159,185.4400,9663170.0869,-13325.8832
Wallington,2022-08-31,HST,Equities,4127.4785,17.2200,71075.1796,382.3087
Wallington,2022-08-31,HWM,Equities,78422.0913,35.2900,2767515.6011,-902.1869
Wallington,2022-08-31,J,Equities,91836.3964,123.5200,11343631.6786,-14520.0266
Wallington,2022-08-31,K,Equities,139818.3338,70.8800,9910323.4988,5132.0603
Wallington,2022-08-31,KMI,Equities,118665.0065,17.2000,2041038.1124,-5042.7596
Wallington,2022-08-31,KO,Equities,15478.0443,59.9100,927289.6359,2387.3464
Wallington,2022-08-31,LHX,Equities,126919.9635,223.2300,28332343.4547,73100.8465
Wallington,2022-08-31,LNC,Equities,153232.6389,43.2500,6627311.6313,-46248.5119
Wallington,2022-08-31,LOW,Equities,112989.7236,190.2500,21496294.9175,-37206.2042
Wallington,2022-08-31,MA,Equities,142913.9427,322.3500,46068309.4142,-112893.3272
Wallington,2022-08-31,MAS,Equities,115053.4629,49.7600,5725060.3118,-27695.3669
Wallington,2022-08-31,MCO,Equities,85645.1786,281.7400,24129672.6271,2750.7476
Wallington,2022-08-31,MKC,Equities,42306.6545,82.4900,3489875.9300,-6611.3082
Wallington,2022-08-31,MNST,Equities,88224.8527,44.4200,3918947.9563,11261.0354
Wallington,2022-08-31,MTB,Equities,125888.0939,177.1000,22294781.4278,-100110.0035
Wallington,2022-08-31,NVR,Equities,45402.2634,4140.0600,187968094.4874,-482535.7725
Wallington,2022-08-31,O,Equities,51077.5463,65.2900,3334852.9974,5871.3178
Wallington,2022-08-31,OMC,Equities,69651.1995,64.6200,4500860.5109,16908.9891
Wallington,2022-08-31,POOL,Equities,43338.5241,335.0700,14521439.2789,4076.4587
Wallington,2022-08-31,PPL,Equities,143429.8775,28.1300,4034682.4531,-6480.8078
Wallington,2022-08-31,QRVO,Equities,60880.3077,89.7800,5465834.0254,3439.1174
Wallington,2022-08-31,RJF,Equities,51077.5463,102.7100,5246174.7796,35987.3453
Wallington,2022-08-31,SEE,Equities,103186.9622,52.9200,5460654.0399,7966.5379
Wallington,2022-08-31,SHW,Equities,94932.0052,229.7700,21812526.8413,-947.9777
Wallington,2022-08-31,SJM,Equities,37663.2412,136.1800,5128980.1872,6228.8800
Wallington,2022-08-31,SPG,Equities,131047.4420,95.6900,12539929.7249,-60767.4527
Wallington,2022-08-31,TGT,Equities,99575.4185,155.9500,15528786.5193,55707.3553
Wallington,2022-08-31,VLO,Equities,72230.8735,113.5000,8198204.1471,3490.2034
Wallington,2022-08-31,VRSN,Equities,70683.0691,182.2200,12879868.8532,11584.9697
Wallington,2022-08-31,VTRS,Equities,11866.5007,9.1200,108222.4860,685.4875
Wallington,2022-08-31,WAB,Equities,8254.9570,87.0800,718841.6535,-2320.5282
Wallington,2022-08-31,WHR,Equities,108346.3103,148.8000,16121930.9748,-73065.0992
Wallington,2022-08-31,WRB,Equities,23733.0013,63.9500,1517725.4336,-4473.5640
Wallington,2022-09-30,ABBV,Equities,53263.5105,128.9800,6869927.5833,146.6699
Wallington,2022-09-30,ADI,Equities,152839.4965,137.4200,21003203.6156,162418.2391
Wallington,2022-09-30,ALLE,Equities,94265.3143,88.6300,8354734.8033,-42039.3745
Wallington,2022-09-30,ANET,Equities,37316.3266,112.8900,4212640.1141,-30156.5858
Wallington,2022-09-30,AVGO,Equities,4080.0125,434.8700,1774275.0296,-11842.7677
Wallington,2022-09-30,CAH,Equities,37243.1155,65.4700,2438306.7710,10583.1696
Wallington,2022-09-30,CDAY,Equities,12433.2034,55.8800,694767.4088,954.4381
Wallington,2022-09-30,CFG,Equities,75921.5616,32.7500,2486431.1431,6605.3792
Wallington,2022-09-30,CMG,Equities,82915.8835,1502.7600,124602673.0574,-1040722.0315
Wallington,2022-09-30,CMS,Equities,93509.6761,56.3900,5273010.6376,-40787.7424
Wallington,2022-09-30,COST,Equities,85622.9934,468.7300,40134065.7118,122104.2796
Wallington,2022-09-30,CSX,Equities,55878.8356,26.3700,1473524.8959,-21675.0405
Wallington,2022-09-30,DHI,Equities,149696.9376,66.7000,9984785.7388,40224.1352
Wallington,2022-09-30,EXPE,Equities,69612.2980,93.6900,6521976.1999,21371.0930
Wallington,2022-09-30,FOX,Equities,147119.2241,28.2800,4160531.6579,17199.9252
Wallington,2022-09-30,GPC,Equities,151395.6530,146.8200,22227909.7704,6462.4705
Wallington,2022-09-30,GRMN,Equities,24681.6506,78.5500,1938743.6581,-21839.2033
Wallington,2022-09-30,HON,Equities,51416.3607,163.5200,8407603.2987,-75958.8534
Wallington,2022-09-30,HST,Equities,4221.5850,15.5000,65434.5675,809.3160
Wallington,2022-09-30,HWM,Equities,80061.1130,30.8100,2466682.8910,36714.0863
Wallington,2022-09-30,J,Equities,91588.4381,107.7900,9872317.7419,-19501.9179
Wallington,2022-09-30,K,Equities,140419.5526,67.8800,9531679.2320,9018.2825
Wallington,2022-09-30,KMI,Equities,116505.3034,15.6200,1819812.8394,-17061.6546
Wallington,2022-09-30,KO,Equities,15680.8067,54.7800,858994.5917,5200.8551
Wallington,2022-09-30,LHX,Equities,129090.2949,204.3100,26374438.1485,205313.3482
Wallington,2022-09-30,LNC,Equities,149892.1673,41.2400,6181552.9814,-33571.7389
Wallington,2022-09-30,LOW,Equities,114210.0126,184.0400,21019210.7242,37889.9739
Wallington,2022-09-30,MA,Equities,140498.6970,282.5700,39700716.8176,-480392.3560
Wallington,2022-09-30,MAS,Equities,113281.6395,45.6700,5173572.4773,-36233.7871
Wallington,2022-09-30,MCO,Equities,84745.9043,240.7300,20400881.5311,-184396.2107
Wallington,2022-09-30,MKC,Equities,42167.0425,69.9300,2948741.2851,-8767.6311
Wallington,2022-09-30,MNST,Equities,90686.3261,43.4800,3943041.4577,11568.9249
Wallington,2022-09-30,MTB,Equities,123974.5949,171.7800,21296355.9054,-50899.0741
Wallington,2022-09-30,NVR,Equities,44226.3447,3987.0800,176333974.6205,-899460.1534
Wallington,2022-09-30,O,Equities,51052.0075,55.8900,2853296.7002,-1200.3223
Wallington,2022-09-30,OMC,Equities,70682.0372,61.5700,4351893.0329,15720.2757
Wallington,2022-09-30,POOL,Equities,42905.1389,314.3500,13487230.4084,-44898.7110
Wallington,2022-09-30,PPL,Equities,144878.5192,24.7100,3579948.2101,24771.7741
Wallington,2022-09-30,QRVO,Equities,62146.6181,79.4100,4935062.9434,65658.1942
Wallington,2022-09-30,RJF,Equities,52124.6360,97.5900,5086843.2263,26805.4963
Wallington,2022-09-30,SEE,Equities,102217.0048,43.9400,4491415.1891,-43551.0893
Wallington,2022-09-30,SHW,Equities,92159.9907,202.6900,18679908.5100,-375330.7704
Wallington,2022-09-30,SJM,Equities,38171.6950,133.6700,5102410.4654,6381.0946
Wallington,2022-09-30,SPG,Equities,129959.7482,85.6600,11132352.0335,-54547.8425
Wallington,2022-09-30,TGT,Equities,100282.4040,144.3200,14472756.5451,41111.2052
Wallington,2022-09-30,VLO,Equities,70193.9629,103.5400,7267882.9196,-101438.1496
Wallington,2022-09-30,VRSN,Equities,69552.1400,173.7000,12081206.7187,-48177.5799
Wallington,2022-09-30,VTRS,Equities,12217.7491,8.1400,99452.4775,1721.1173
Wallington,2022-09-30,WAB,Equities,8454.7269,80.8200,683311.0309,6252.7997
Wallington,2022-09-30,WHR,Equities,105572.6448,128.1000,13523855.7951,-287074.3838
Wallington,2022-09-30,WRB,Equities,23087.4637,63.8300,1473672.8061,-387.3226
Wallington,2022-10-31,ABBV,Equities,52445.1347,142.1200,7453502.5428,53767.2899
Wallington,2022-10-31,ADI,Equities,147960.0431,140.6600,20812059.6586,79047.1463
Wallington,2022-10-31,ALLE,Equities,98650.8633,103.5400,10214310.3908,-326942.6840
Wallington,2022-10-31,ANET,Equities,37209.4249,120.8600,4497131.0988,4260.0325
Wallington,2022-10-31,AVGO,Equities,4071.7575,460.4500,1874840.7540,1055.8090
Wallington,2022-10-31,CAH,Equities,37129.5582,74.5200,2766894.6798,5138.4656
Wallington,2022-10-31,CDAY,Equities,12564.4573,66.1900,831641.4264,-6766.1342
Wallington,2022-10-31,CFG,Equities,75055.3071,38.9900,2926406.4228,27027.1419
Wallington,2022-10-31,CMG,Equities,87342.6042,1498.3300,130868044.0880,98051.8630
Wallington,2022-10-31,CMS,Equities,93150.8951,55.2400,5145655.4439,-2062.9911
Wallington,2022-10-31,COST,Equities,84167.2834,498.6400,41969174.1764,217701.4409
Wallington,2022-10-31,CSX,Equities,55719.9277,28.7600,1602505.1212,1898.9497
Wallington,2022-10-31,DHI,Equities,149977.2966,76.1300,11417771.5894,-13218.9257
Wallington,2022-10-31,EXPE,Equities,71133.2738,93.4700,6648827.1045,1673.0734
Wallington,2022-10-31,FOX,Equities,144009.2207,26.9900,3886808.8657,-20059.5222
Wallington,2022-10-31,GPC,Equities,147555.9629,174.8800,25804586.7969,538708.5141
Wallington,2022-10-31,GRMN,Equities,24949.6272,86.1200,2148661.8932,-10142.9121
Wallington,2022-10-31,HON,Equities,52213.6347,199.8100,10432806.3584,-144665.3788
Wallington,2022-10-31,HST,Equities,4080.0125,18.4300,75194.6301,2074.0373
Wallington,2022-10-31,HWM,Equities,78986.7303,35.4100,2796920.1211,24710.8010
Wallington,2022-10-31,J,Equities,89898.6484,114.4700,10290698.2822,56438.9757
Wallington,2022-10-31,K,Equities,136812.2396,74.8600,10241764.2572,125895.2241
Wallington,2022-10-31,KMI,Equities,117668.2205,17.2800,2033306.8499,-9652.2116
Wallington,2022-10-31,KO,Equities,15491.9746,58.5300,906745.2716,3540.6026
Wallington,2022-10-31,LHX,Equities,125105.0080,242.3000,30312943.4464,757005.2380
Wallington,2022-10-31,LNC,Equities,154749.6420,51.0600,7901516.7204,-238502.0054
Wallington,2022-10-31,LOW,Equities,112718.5483,192.0800,21650978.7531,59956.8669
Wallington,2022-10-31,MA,Equities,145800.8043,326.6600,47627290.7309,-1168849.5482
Wallington,2022-10-31,MAS,Equities,114662.2811,45.2600,5189614.8419,2830.3152
Wallington,2022-10-31,MCO,Equities,85371.1141,262.2800,22391135.7951,-67366.3564
Wallington,2022-10-31,MKC,Equities,42755.1050,77.5600,3316085.9470,-22434.5843
Wallington,2022-10-31,MNST,Equities,89398.2432,46.8600,4189201.6775,21768.6002
Wallington,2022-10-31,MTB,Equities,127373.5734,164.0300,20893087.2444,131710.4182
Wallington,2022-10-31,NVR,Equities,46464.6763,4237.7500,196905682.1293,-2805412.8910
Wallington,2022-10-31,O,Equities,49943.6248,60.0400,2998615.2308,22998.9422
Wallington,2022-10-31,OMC,Equities,70772.5838,71.0000,5024853.4498,-4269.2703
Wallington,2022-10-31,POOL,Equities,44486.9950,300.5400,13370121.4819,109227.1658
Wallington,2022-10-31,PPL,Equities,139987.5604,25.8200,3614478.8097,27144.8215
Wallington,2022-10-31,QRVO,Equities,59364.3880,86.0800,5110086.5224,92787.3726
Wallington,2022-10-31,RJF,Equities,50760.8655,116.6700,5922270.1784,130103.7044
Wallington,2022-10-31,SEE,Equities,102980.5883,47.0100,4841117.4550,-11721.0070
Wallington,2022-10-31,SHW,Equities,93451.0659,222.7700,20818093.9609,-129623.9572
Wallington,2022-10-31,SJM,Equities,38563.3927,146.5600,5651850.8296,-25244.9173
Wallington,2022-10-31,SPG,Equities,131178.4894,104.0200,13645186.4717,-111880.4431
Wallington,2022-10-31,TGT,Equities,100660.7906,159.7500,16080561.2966,-29192.5254
Wallington,2022-10-31,VLO,Equities,71140.1874,121.6700,8655626.5952,-85775.2458
Wallington,2022-10-31,VRSN,Equities,69601.6182,200.4600,13952340.3749,-6620.1763
Wallington,2022-10-31,VTRS,Equities,12115.6972,9.6800,117279.9486,785.7997
Wallington,2022-10-31,WAB,Equities,8240.0981,92.6800,763692.2876,12727.4927
Wallington,2022-10-31,WHR,Equities,105886.8491,131.3600,13909296.4939,-5121.5301
Wallington,2022-10-31,WRB,Equities,24340.5661,73.5200,1789518.4226,-60712.8146
Wallington,2022-11-30,ABBV,Equities,51632.0730,156.4700,8078870.4664,58337.1747
Wallington,2022-11-30,ADI,Equities,153905.4695,169.5400,26093133.2924,-858519.5705
Wallington,2022-11-30,ALLE,Equities,96654.8147,112.3100,10855302.2445,87526.7310
Wallington,2022-11-30,ANET,Equities,39129.8375,139.3000,5450786.3635,-177062.0374
Wallington,2022-11-30,AVGO,Equities,4135.3207,539.6900,2231791.2271,-25183.7274
Wallington,2022-11-30,CAH,Equities,36254.0685,78.7100,2853557.7281,18341.5109
Wallington,2022-11-30,CDAY,Equities,12076.5893,68.4400,826521.7723,5488.5145
Wallington,2022-11-30,CFG,Equities,75544.9292,40.8200,3083744.0103,-4480.0425
Wallington,2022-11-30,CMG,Equities,87512.8626,1626.9600,142379927.0098,-109501.7463
Wallington,2022-11-30,CMS,Equities,92829.8804,59.6100,5533589.1727,7014.1699
Wallington,2022-11-30,COST,Equities,83281.9392,536.1800,44654110.1752,166179.0943
Wallington,2022-11-30,CSX,Equities,57768.7049,32.4600,1875172.1596,-37902.3770
Wallington,2022-11-30,DHI,Equities,149298.5328,85.1600,12714263.0492,30646.1873
Wallington,2022-11-30,EXPE,Equities,68305.6415,106.8400,7297774.7379,189027.2209
Wallington,2022-11-30,FOX,Equities,148608.5215,30.2900,4501352.1173,-75888.4644
Wallington,2022-11-30,GPC,Equities,147525.7291,180.2600,26592987.9363,813.2887
Wallington,2022-11-30,GRMN,Equities,24792.8862,90.9600,2255160.9278,3793.1321
Wallington,2022-11-30,HON,Equities,51327.7747,216.0700,11090392.2739,72020.4237
Wallington,2022-11-30,HST,Equities,4027.5935,18.4800,74429.9280,13.1047
Wallington,2022-11-30,HWM,Equities,78453.4601,37.5700,2947496.4964,5759.3184
Wallington,2022-11-30,J,Equities,93250.6769,125.7200,11723475.0956,-188551.6013
Wallington,2022-11-30,K,Equities,136938.0761,71.6700,9814351.9149,2007.0922
Wallington,2022-11-30,KMI,Equities,118688.7395,18.2300,2163695.7217,-4847.4655
Wallington,2022-11-30,KO,Equities,15193.2483,62.6500,951857.0069,6153.7609
Wallington,2022-11-30,LHX,Equities,125333.4640,224.3700,28121069.3104,20481.0745
Wallington,2022-11-30,LNC,Equities,152527.7687,36.9100,5629799.9440,-157197.5334
Wallington,2022-11-30,LOW,Equities,113193.1051,209.4200,23704900.0735,-41144.0780
Wallington,2022-11-30,MA,Equities,145157.6916,354.7500,51494691.0783,90325.1846
Wallington,2022-11-30,MAS,Equities,118205.9277,49.9800,5907932.2685,-83630.0611
Wallington,2022-11-30,MCO,Equities,84403.3235,296.0600,24988447.9671,163459.8186
Wallington,2022-11-30,MKC,Equities,41185.5282,84.0100,3459996.2207,50618.8544
Wallington,2022-11-30,MNST,Equities,89045.3438,51.4300,4579602.0324,8063.7515
Wallington,2022-11-30,MTB,Equities,126819.6658,166.8100,21154788.4495,7699.3158
Wallington,2022-11-30,NVR,Equities,45611.1138,4639.0100,211590412.9433,1712502.5468
Wallington,2022-11-30,O,Equities,49877.2240,61.0500,3045004.5224,335.3241
Wallington,2022-11-30,OMC,Equities,69713.8856,77.8400,5426528.8526,36207.4795
Wallington,2022-11-30,POOL,Equities,42272.3964,326.4700,13800669.2633,287122.7063
Wallington,2022-11-30,PPL,Equities,144319.1427,28.7700,4152061.7356,-63890.8389
Wallington,2022-11-30,QRVO,Equities,59693.1417,99.2500,5924544.3138,-21648.4286
Wallington,2022-11-30,RJF,Equities,49775.0689,115.4500,5746531.7000,-6013.3595
Wallington,2022-11-30,SEE,Equities,100772.3873,52.5500,5295588.9520,61167.1675
Wallington,2022-11-30,SHW,Equities,93232.7223,247.2900,23055519.9061,26768.9268
Wallington,2022-11-30,SJM,Equities,38043.6399,150.8500,5738883.0851,11148.6960
Wallington,2022-11-30,SPG,Equities,128714.7975,114.0000,14673486.9187,122938.2263
Wallington,2022-11-30,TGT,Equities,100521.3850,163.5100,16436251.6619,2620.8250
Wallington,2022-11-30,VLO,Equities,70547.8942,130.3900,9198739.9234,25823.9819
Wallington,2022-11-30,VRSN,Equities,69325.9542,199.8100,13852018.9053,-895.9079
Wallington,2022-11-30,VTRS,Equities,11593.5711,10.6500,123471.5326,2532.3112
Wallington,2022-11-30,WAB,Equities,8429.9621,100.5900,847969.8840,-7509.1216
Wallington,2022-11-30,WHR,Equities,109386.4349,140.8900,15411454.8122,-166755.2645
Wallington,2022-11-30,WRB,Equities,24205.2880,75.4000,1825078.7177,1271.6142
Wallington,2022-12-31,ABBV,Equities,51871.2088,156.8900,8138073.9504,-502.1851
Wallington,2022-12-31,ADI,Equities,146879.0565,162.4900,23866377.8836,-247681.0584
Wallington,2022-12-31,ALLE,Equities,93113.7478,104.4100,9722006.4044,-139872.1458
Wallington,2022-12-31,ANET,Equities,37045.2545,121.3500,4495441.6321,-187091.3252
Wallington,2022-12-31,AVGO,Equities,4088.6802,552.1900,2257728.3143,2915.0317
Wallington,2022-12-31,CAH,Equities,35620.3457,75.9600,2705721.4614,-8713.6875
Wallington,2022-12-31,CDAY,Equities,12072.8746,64.1500,774474.9042,-79.6810
Wallington,2022-12-31,CFG,Equities,76411.1838,37.9200,2897512.0880,12560.6909
Wallington,2022-12-31,CMG,Equities,85989.0492,1387.4900,119308945.8484,-1824538.0515
Wallington,2022-12-31,CMS,Equities,93981.7565,61.8200,5809952.1864,-12728.2305
Wallington,2022-12-31,COST,Equities,83596.9174,453.9000,37944640.8214,129582.0324
Wallington,2022-12-31,CSX,Equities,57763.0296,30.7600,1776790.7896,-48.2399
Wallington,2022-12-31,DHI,Equities,145521.0644,88.5300,12882979.8349,63650.3411
Wallington,2022-12-31,EXPE,Equities,68250.3333,87.6000,5978729.1961,-5320.6500
Wallington,2022-12-31,FOX,Equities,145367.1095,28.2300,4103713.5010,-33386.5441
Wallington,2022-12-31,GPC,Equities,154600.4337,171.4400,26504698.3451,311994.4686
Wallington,2022-12-31,GRMN,Equities,25455.2433,90.9600,2315408.9305,0.0000
Wallington,2022-12-31,HON,Equities,50749.3602,210.9000,10703040.0573,-14952.0153
Wallington,2022-12-31,HST,Equities,4148.9414,15.7800,65470.2949,1638.1962
Wallington,2022-12-31,HWM,Equities,79221.9966,39.3000,3113424.4666,-6647.8407
Wallington,2022-12-31,J,Equities,94095.5717,119.2900,11224660.7496,27163.3693
Wallington,2022-12-31,K,Equities,141957.5543,69.9900,9935609.2250,42163.6167
Wallington,2022-12-31,KMI,Equities,116979.9634,17.2400,2016734.5697,-8458.4417
Wallington,2022-12-31,KO,Equities,15851.0652,62.6500,993069.2347,0.0000
Wallington,2022-12-31,LHX,Equities,126310.7477,205.7300,25985910.1216,91082.8426
Wallington,2022-12-31,LNC,Equities,149417.1462,29.1200,4351027.2963,-121158.7491
Wallington,2022-12-31,LOW,Equities,109656.5268,196.3100,21526672.7697,-231822.7108
Wallington,2022-12-31,MA,Equities,139412.5511,346.1200,48253472.1722,-247902.8123
Wallington,2022-12-31,MAS,Equities,112510.7813,45.9300,5167620.1864,-115326.7148
Wallington,2022-12-31,MCO,Equities,86553.0175,276.5600,23937102.5262,209595.1634
Wallington,2022-12-31,MKC,Equities,42657.7997,82.1400,3503911.6703,13765.7392
Wallington,2022-12-31,MNST,Equities,89318.8409,50.7600,4533824.3620,916.2151
Wallington,2022-12-31,MTB,Equities,122413.5825,142.3200,17421901.0611,-539524.8984
Wallington,2022-12-31,NVR,Equities,46410.1936,4612.5800,214070730.8728,105598.4002
Wallington,2022-12-31,O,Equities,52344.2694,61.6400,3226500.7682,-7277.7842
Wallington,2022-12-31,OMC,Equities,69748.7112,80.3400,5603611.4552,-435.3200
Wallington,2022-12-31,POOL,Equities,42090.3746,299.6300,12611538.9507,-24427.3257
Wallington,2022-12-31,PPL,Equities,145710.4125,28.7000,4181888.8392,486.9444
Wallington,2022-12-31,QRVO,Equities,60174.0961,90.6400,5454180.0733,20705.0882
Wallington,2022-12-31,RJF,Equities,51598.5373,105.9300,5465833.0523,86797.0960
Wallington,2022-12-31,SEE,Equities,102444.0161,49.4200,5062783.2745,26160.9905
Wallington,2022-12-31,SHW,Equities,96830.6453,235.5300,22806521.8952,211557.8723
Wallington,2022-12-31,SJM,Equities,37459.8597,155.2100,5814144.8244,12726.4092
Wallington,2022-12-31,SPG,Equities,129933.5387,113.8500,14792933.3858,914.0559
Wallington,2022-12-31,TGT,Equities,98798.7303,145.8600,14410782.7961,-152024.2809
Wallington,2022-12-31,VLO,Equities,70273.4169,123.8000,8699849.0085,-9044.0277
Wallington,2022-12-31,VRSN,Equities,71425.2413,205.4400,14673601.5800,-59094.9333
Wallington,2022-12-31,VTRS,Equities,11834.4611,10.7500,127220.4568,-120.4450
Wallington,2022-12-31,WAB,Equities,8157.5485,99.3200,810207.7154,-1729.8262
Wallington,2022-12-31,WHR,Equities,105117.5903,136.0100,14297043.4523,-104159.8089
Wallington,2022-12-31,WRB,Equities,23395.9927,71.8300,1680534.1548,-14445.9219
Wallington,2023-01-31,ABBV,Equities,52131.6011,144.8000,7548655.8407,15740.7145
Wallington,2023-01-31,ADI,Equities,150692.5370,169.8600,25596634.3380,-140526.7587
Wallington,2023-01-31,ALLE,Equities,94390.0673,116.6000,11005881.8475,-77791.6757
Wallington,2023-01-31,ANET,Equities,37518.6763,126.0200,4728103.5836,-11054.3986
Wallington,2023-01-31,AVGO,Equities,4203.0113,577.7500,2428289.8043,-14611.5215
Wallington,2023-01-31,CAH,Equities,37041.6429,76.3300,2827388.6059,-2629.3999
Wallington,2023-01-31,CDAY,Equities,12441.8712,72.2800,899298.4471,-14999.7108
Wallington,2023-01-31,CFG,Equities,75650.3863,42.1300,3187150.7741,16014.7868
Wallington,2023-01-31,CMG,Equities,83443.6848,1646.3800,137380013.7663,3294846.9349
Wallington,2023-01-31,CMS,Equities,95794.5450,61.6800,5908607.5384,1268.9520
Wallington,2023-01-31,COST,Equities,85495.2996,508.2300,43451276.0990,-515695.5076
Wallington,2023-01-31,CSX,Equities,56440.6887,30.7000,1732729.1416,-396.7023
Wallington,2023-01-31,DHI,Equities,150729.8391,98.0200,14774538.8291,-247156.3579
Wallington,2023-01-31,EXPE,Equities,69315.0164,114.3000,7922706.3705,-142135.1906
Wallington,2023-01-31,FOX,Equities,148185.0938,31.4600,4661903.0521,-45510.4472
Wallington,2023-01-31,GPC,Equities,148659.4959,165.8200,24650717.6094,-166940.3509
Wallington,2023-01-31,GRMN,Equities,24585.5836,97.4500,2395865.1201,28220.4578
Wallington,2023-01-31,HON,Equities,50791.0477,205.1800,10421307.1652,1192.2634
Wallington,2023-01-31,HST,Equities,4118.3980,18.5400,76355.0996,421.4981
Wallington,2023-01-31,HWM,Equities,80304.2215,40.5800,3258745.3071,-6926.2391
Wallington,2023-01-31,J,Equities,89733.3429,122.7500,11014767.8392,75466.5587
Wallington,2023-01-31,K,Equities,135735.6384,67.3800,9145867.3181,-81196.0019
Wallington,2023-01-31,KMI,Equities,116232.3739,17.7200,2059637.6655,1794.2149
Wallington,2023-01-31,KO,Equities,15222.6566,60.3900,919296.2320,-7101.0172
Wallington,2023-01-31,LHX,Equities,126259.9797,212.2600,26799943.2914,1657.5747
Wallington,2023-01-31,LNC,Equities,148896.1552,34.0600,5071403.0459,12868.4770
Wallington,2023-01-31,LOW,Equities,115825.7657,206.2400,23887905.9131,-306302.7118
Wallington,2023-01-31,MA,Equities,142542.3664,369.4900,52667978.9620,-365718.9230
Wallington,2023-01-31,MAS,Equities,116974.8557,52.3600,6124803.4438,-143519.9906
Wallington,2023-01-31,MCO,Equities,87546.5016,320.3600,28046397.2511,-217573.0118
Wallington,2023-01-31,MKC,Equities,41845.5120,74.4400,3114979.9110,-31273.0790
Wallington,2023-01-31,MNST,Equities,89080.6338,52.0400,4635756.1807,1524.5255
Wallington,2023-01-31,MTB,Equities,127650.5272,153.0500,19536913.1885,-280962.0835
Wallington,2023-01-31,NVR,Equities,46759.7910,5270.0000,246424098.8056,-1149161.7054
Wallington,2023-01-31,O,Equities,52196.1446,66.1600,3453296.9238,3347.6224
Wallington,2023-01-31,OMC,Equities,70264.1300,84.6900,5950669.1734,-11210.3606
Wallington,2023-01-31,POOL,Equities,42723.1171,382.1700,16327493.6557,-261132.8100
Wallington,2023-01-31,PPL,Equities,145968.5863,29.0800,4244766.4895,-490.5302
Wallington,2023-01-31,QRVO,Equities,60326.2969,108.6600,6555055.4212,-13713.2893
Wallington,2023-01-31,RJF,Equities,50653.6027,111.8000,5663072.7770,27733.8307
Wallington,2023-01-31,SEE,Equities,103300.4679,54.2600,5605083.3862,-20726.1332
Wallington,2023-01-31,SHW,Equities,94201.0288,234.8000,22118401.5594,-9598.1004
Wallington,2023-01-31,SJM,Equities,37271.5435,149.6600,5578059.1996,-5225.7747
Wallington,2023-01-31,SPG,Equities,131401.2701,124.4900,16358144.1139,-78083.3078
Wallington,2023-01-31,TGT,Equities,97105.9481,168.4700,16359439.0845,191369.0181
Wallington,2023-01-31,VLO,Equities,71111.2950,136.6500,9717358.4622,-53833.6701
Wallington,2023-01-31,VRSN,Equities,70152.9461,218.0500,15296849.8953,80218.2151
Wallington,2023-01-31,VTRS,Equities,11712.2361,11.7400,137501.6523,605.0135
Wallington,2023-01-31,WAB,Equities,8149.2935,103.3000,841822.0213,164.2736
Wallington,2023-01-31,WHR,Equities,108097.1138,149.6000,16171328.2246,-202458.6241
Wallington,2023-01-31,WRB,Equities,24376.1656,69.9000,1703893.9784,9458.6690
Wallington,2023-02-28,ABBV,Equities,54714.2676,150.8200,8252005.8375,-77738.2610
Wallington,2023-02-28,ADI,Equities,154205.7435,182.6000,28157968.7669,-223791.2542
Wallington,2023-02-28,ALLE,Equities,98247.8151,111.8000,10984105.7250,92585.9465
Wallington,2023-02-28,ANET,Equities,37232.3325,138.7000,5164124.5109,18154.1982
Wallington,2023-02-28,AVGO,Equities,4135.3207,586.9200,2427102.4237,3103.6162
Wallington,2023-02-28,CAH,Equities,36338.3206,74.8100,2718469.7648,-5345.2497
Wallington,2023-02-28,CDAY,Equities,12690.7581,72.9300,925536.9888,-808.8826
Wallington,2023-02-28,CFG,Equities,73812.4201,40.6200,2998260.5050,-13876.6446
Wallington,2023-02-28,CMG,Equities,86167.8206,1491.0800,128483113.9302,2115291.4504
Wallington,2023-02-28,CMS,Equities,92669.3731,58.0300,5377603.7218,-57034.3877
Wallington,2023-02-28,COST,Equities,83230.8617,482.2600,40138915.3545,-294037.2594
Wallington,2023-02-28,CSX,Equities,57382.7856,30.3800,1743289.0270,1507.3551
Wallington,2023-02-28,DHI,Equities,147941.0051,92.0800,13622407.7476,-82828.3706
Wallington,2023-02-28,EXPE,Equities,68817.2425,108.9700,7499014.9108,-13265.6746
Wallington,2023-02-28,FOX,Equities,148287.3005,32.2500,4782265.4419,-403.7164
Wallington,2023-02-28,GPC,Equities,152242.1988,174.7500,26604324.2432,-159967.6854
Wallington,2023-02-28,GRMN,Equities,25771.2534,96.7100,2492337.9136,4386.9782
Wallington,2023-02-28,HON,Equities,53427.7841,189.4400,10121359.4267,207511.1582
Wallington,2023-02-28,HST,Equities,4019.7513,16.5200,66406.2915,-996.3320
Wallington,2023-02-28,HWM,Equities,79763.1090,42.1100,3358824.5215,4139.5101
Wallington,2023-02-28,J,Equities,89650.6901,118.9800,10666639.1115,-1558.0045
Wallington,2023-02-28,K,Equities,140349.6435,65.3500,9171849.1998,46832.1509
Wallington,2023-02-28,KMI,Equities,116635.8349,16.5200,1926823.9929,2420.7661
Wallington,2023-02-28,KO,Equities,15318.6205,58.6100,897824.3460,854.0785
Wallington,2023-02-28,LHX,Equities,127516.4873,208.6700,26608865.4132,22554.3121
Wallington,2023-02-28,LNC,Equities,156021.4729,30.5000,4758654.9235,126830.6552
Wallington,2023-02-28,LOW,Equities,114334.3013,203.7600,23296757.2380,-18494.1580
Wallington,2023-02-28,MA,Equities,143928.6316,354.2200,50982399.9016,105841.3514
Wallington,2023-02-28,MAS,Equities,114535.7223,51.8800,5942113.2716,-5853.9202
Wallington,2023-02-28,MCO,Equities,86407.4207,288.7600,24951006.8070,-179974.7784
Wallington,2023-02-28,MKC,Equities,41062.8389,73.6400,3023867.4538,-3130.6924
Wallington,2023-02-28,MNST,Equities,88542.4622,50.8800,4505040.4744,-3121.3953
Wallington,2023-02-28,MTB,Equities,125296.4198,152.3600,19090162.5281,-8121.6704
Wallington,2023-02-28,NVR,Equities,46174.1018,5173.6200,238887256.7989,-282243.6243
Wallington,2023-02-28,O,Equities,52446.4245,62.6200,3284195.1042,4429.9556
Wallington,2023-02-28,OMC,Equities,68355.6872,89.2000,6097327.2962,43035.3866
Wallington,2023-02-28,POOL,Equities,42840.1311,353.6800,15151697.5669,16668.6465
Wallington,2023-02-28,PPL,Equities,141694.3759,26.5900,3767653.4564,-53213.9188
Wallington,2023-02-28,QRVO,Equities,60168.0081,100.8900,6070350.3373,-6149.5199
Wallington,2023-02-28,RJF,Equities,52569.0106,107.5300,5652745.7144,40893.9605
Wallington,2023-02-28,SEE,Equities,102175.7300,48.1800,4922826.6702,-34192.0318
Wallington,2023-02-28,SHW,Equities,96887.6045,220.2700,21341432.6511,195179.7281
Wallington,2023-02-28,SJM,Equities,37331.8047,145.8500,5444843.7129,1147.9756
Wallington,2023-02-28,SPG,Equities,132357.9164,118.3200,15660588.6708,29512.5392
Wallington,2023-02-28,TGT,Equities,98599.5794,165.9400,16361614.2099,18894.4357
Wallington,2023-02-28,VLO,Equities,73668.2679,129.4900,9539304.0138,91539.6307
Wallington,2023-02-28,VRSN,Equities,70880.9817,196.8300,13951503.6287,77244.5784
Wallington,2023-02-28,VTRS,Equities,11769.1953,11.0100,129578.8408,207.9011
Wallington,2023-02-28,WAB,Equities,8108.8442,103.9900,843238.7123,139.5500
Wallington,2023-02-28,WHR,Equities,110578.2443,132.6600,14669309.8898,210151.7539
Wallington,2023-02-28,WRB,Equities,23704.5217,65.9700,1563787.2969,-13197.8034
Wallington,2023-03-31,ABBV,Equities,52227.2554,156.1900,8157375.0247,66776.2766
Wallington,2023-03-31,ADI,Equities,149881.7971,196.2800,29418799.1262,295757.9382
Wallington,2023-03-31,ALLE,Equities,97460.9113,106.3200,10362044.0892,-21561.1634
Wallington,2023-03-31,ANET,Equities,38385.3436,167.8600,6443363.7710,-168109.0207
Wallington,2023-03-31,AVGO,Equities,4073.4085,638.1400,2599404.9129,15855.7086
Wallington,2023-03-31,CAH,Equities,37016.0010,75.1000,2779901.6739,-982.6365
Wallington,2023-03-31,CDAY,Equities,12535.9777,73.2200,917884.2846,224.4316
Wallington,2023-03-31,CFG,Equities,75288.8192,29.5400,2224031.7182,81792.5077
Wallington,2023-03-31,CMG,Equities,83137.2195,1708.2900,142022480.7224,3291384.3029
Wallington,2023-03-31,CMS,Equities,92650.4899,60.4000,5596089.5900,223.7661
Wallington,2023-03-31,COST,Equities,83767.1759,494.9000,41456375.3616,-33895.0597
Wallington,2023-03-31,CSX,Equities,57155.7743,29.8300,1704956.7474,-624.2811
Wallington,2023-03-31,DHI,Equities,147926.2493,97.2700,14388786.2735,382.9113
Wallington,2023-03-31,EXPE,Equities,69937.2337,97.0300,6786009.7905,66863.4799
Wallington,2023-03-31,FOX,Equities,149455.3769,31.3100,4679447.8518,5489.9591
Wallington,2023-03-31,GPC,Equities,146951.2873,166.2400,24429182.0057,-225128.2838
Wallington,2023-03-31,GRMN,Equities,25169.5702,100.2300,2522746.0206,10589.6239
Wallington,2023-03-31,HON,Equities,51833.2360,189.0900,9801146.5969,-2790.4592
Wallington,2023-03-31,HST,Equities,4241.8096,16.3400,69311.1696,199.8525
Wallington,2023-03-31,HWM,Equities,77128.1268,42.3000,3262519.7623,2503.2332
Wallington,2023-03-31,J,Equities,89457.8337,117.0000,10466566.5425,-1909.2787
Wallington,2023-03-31,K,Equities,138154.4956,66.3700,9169313.8740,11195.2540
Wallington,2023-03-31,KMI,Equities,120290.7171,16.9500,2038927.6553,-7857.9967
Wallington,2023-03-31,KO,Equities,15035.3723,61.5600,925577.5165,4177.9111
Wallington,2023-03-31,LHX,Equities,125168.4680,194.9700,24404096.2089,-160839.3238
Wallington,2023-03-31,LNC,Equities,150888.1795,21.6000,3259184.6772,-228431.5564
Wallington,2023-03-31,LOW,Equities,115486.7965,198.0400,22871005.1800,32961.3622
Wallington,2023-03-31,MA,Equities,139441.1338,362.3200,50522311.6153,181743.6609
Wallington,2023-03-31,MAS,Equities,114029.4870,49.2000,5610250.7623,-6783.5522
Wallington,2023-03-31,MCO,Equities,83846.6299,304.5500,25535491.1295,202174.4369
Wallington,2023-03-31,MKC,Equities,41456.2907,82.4500,3418071.1722,-17331.5556
Wallington,2023-03-31,MNST,Equities,88445.4148,54.0100,4776936.8542,1518.7908
Wallington,2023-03-31,MTB,Equities,126152.4589,118.3300,14927620.4600,145655.0424
Wallington,2023-03-31,NVR,Equities,46069.6766,5572.1900,256708991.4849,208103.7713
Wallington,2023-03-31,O,Equities,52436.2090,62.2600,3264678.3737,-18.3879
Wallington,2023-03-31,OMC,Equities,67875.0939,93.6400,6355823.7929,10669.1707
Wallington,2023-03-31,POOL,Equities,44092.6144,340.3700,15007803.1789,83352.7668
Wallington,2023-03-31,PPL,Equities,142067.2936,27.5400,3912533.2665,-1771.3590
Wallington,2023-03-31,QRVO,Equities,61093.3888,101.5700,6205255.4981,-3146.2943
Wallington,2023-03-31,RJF,Equities,51460.6279,92.8900,4780177.7246,-81133.6176
Wallington,2023-03-31,SEE,Equities,103671.9409,45.6800,4735734.2615,18702.6369
Wallington,2023-03-31,SHW,Equities,97058.4821,223.6800,21710041.2862,-2913.4632
Wallington,2023-03-31,SJM,Equities,37034.2651,155.2000,5747717.9399,13909.9766
Wallington,2023-03-31,SPG,Equities,130208.7384,110.1300,14339888.3568,-88008.8411
Wallington,2023-03-31,TGT,Equities,98977.9660,163.1200,16145285.8165,5335.2509
Wallington,2023-03-31,VLO,Equities,71515.7879,137.2200,9813396.4150,83193.3532
Wallington,2023-03-31,VRSN,Equities,72732.8781,211.3300,15370639.1319,-134262.4898
Wallington,2023-03-31,VTRS,Equities,12074.1644,9.4000,113497.1455,2455.0010
Wallington,2023-03-31,WAB,Equities,8259.0845,100.7300,831937.5771,2448.9155
Wallington,2023-03-31,WHR,Equities,107197.8394,128.5800,13783498.1933,-68960.2596
Wallington,2023-03-31,WRB,Equities,23391.2461,62.1400,1453532.0319,-5999.2281
Wallington,2023-04-30,ABBV,Equities,51637.3872,149.4600,7717723.8841,-19849.0673
Wallington,2023-04-30,ADI,Equities,151998.7292,179.0200,27210812.4977,182691.2422
Wallington,2023-04-30,ALLE,Equities,95244.1458,110.0600,10482570.6855,41453.5150
Wallington,2023-04-30,ANET,Equities,38545.6961,160.1600,6173478.6882,6173.5728
Wallington,2023-04-30,AVGO,Equities,4082.9017,623.1800,2544382.6942,710.0914
Wallington,2023-04-30,CAH,Equities,36964.7171,81.6600,3018538.7954,1682.1126
Wallington,2023-04-30,CDAY,Equities,12717.9995,63.4800,807338.6061,8864.4617
Wallington,2023-04-30,CFG,Equities,75672.9842,30.0900,2277000.0954,-1056.4539
Wallington,2023-04-30,CMG,Equities,84958.9853,2067.6200,175662897.2501,-3273075.5564
Wallington,2023-04-30,CMS,Equities,95350.7895,61.2600,5841189.3656,-11611.2883
Wallington,2023-04-30,COST,Equities,85835.8165,501.2300,43023486.3255,-65472.4758
Wallington,2023-04-30,CSX,Equities,55158.0747,30.5300,1683976.0209,6991.9486
Wallington,2023-04-30,DHI,Equities,149091.9525,109.3400,16301714.0813,-70350.1828
Wallington,2023-04-30,EXPE,Equities,67877.0029,93.9600,6377723.1887,-31624.5441
Wallington,2023-04-30,FOX,Equities,144534.8550,30.5400,4414094.4732,-18944.0093
Wallington,2023-04-30,GPC,Equities,148674.6128,167.2400,24864342.2423,-8616.6273
Wallington,2023-04-30,GRMN,Equities,25354.1201,97.4900,2471773.1663,2528.3334
Wallington,2023-04-30,HON,Equities,51062.0167,197.7100,10095471.3125,33239.5542
Wallington,2023-04-30,HST,Equities,4119.6363,16.0200,65996.5732,-195.4774
Wallington,2023-04-30,HWM,Equities,79896.4266,44.2100,3532221.0196,-26437.2633
Wallington,2023-04-30,J,Equities,92442.5166,114.9600,10627191.7058,30443.7654
Wallington,2023-04-30,K,Equities,143048.1373,69.1500,9891778.6941,-68021.6194
Wallington,2023-04-30,KMI,Equities,116968.0969,16.8800,1974421.4764,-1162.9171
Wallington,2023-04-30,KO,Equities,15129.7883,63.6700,963313.6232,-996.0895
Wallington,2023-04-30,LHX,Equities,124901.9361,193.8900,24217236.3888,-1439.2724
Wallington,2023-04-30,LNC,Equities,155056.1073,21.3500,3310447.8903,5209.9097
Wallington,2023-04-30,LOW,Equities,111159.2901,206.8500,22993299.1554,190626.6576
Wallington,2023-04-30,MA,Equities,138926.6437,379.4800,52719882.7335,44143.2586
Wallington,2023-04-30,MAS,Equities,113477.2304,52.9500,6008619.3506,10354.8117
Wallington,2023-04-30,MCO,Equities,85071.3559,311.6200,26509935.9358,-43294.0660
Wallington,2023-04-30,MKC,Equities,43516.6248,87.4500,3805528.8407,-51508.3519
Wallington,2023-04-30,MNST,Equities,86989.7047,56.0000,4871423.4658,14484.3152
Wallington,2023-04-30,MTB,Equities,129438.1381,124.4900,16113753.8167,-101198.9209
Wallington,2023-04-30,NVR,Equities,45134.3900,5840.0000,263584837.6938,1252395.5558
Wallington,2023-04-30,O,Equities,50163.2582,62.0400,3112128.5395,-2500.2459
Wallington,2023-04-30,OMC,Equities,68160.6638,89.9000,6127643.6773,5340.1575
Wallington,2023-04-30,POOL,Equities,43182.5054,349.1900,15078899.0742,40135.8072
Wallington,2023-04-30,PPL,Equities,142999.5878,28.4600,4069768.2697,-4288.5533
Wallington,2023-04-30,QRVO,Equities,61452.5826,92.0800,5658553.8052,17043.7465
Wallington,2023-04-30,RJF,Equities,51639.3993,90.1600,4655808.2409,2440.2298
Wallington,2023-04-30,SEE,Equities,104703.8105,47.7500,4999606.9537,-10679.8506
Wallington,2023-04-30,SHW,Equities,92159.9907,236.3800,21784778.5959,311054.2083
Wallington,2023-04-30,SJM,Equities,37746.1003,152.2800,5747976.1591,10392.7948
Wallington,2023-04-30,SPG,Equities,133104.8868,111.4600,14835870.6871,-19259.3873
Wallington,2023-04-30,TGT,Equities,97972.2543,155.3600,15220969.4263,-39021.6150
Wallington,2023-04-30,VLO,Equities,74238.8918,112.7200,8368207.8868,333580.2317
Wallington,2023-04-30,VRSN,Equities,69389.5689,221.8000,15390606.3921,175022.2350
Wallington,2023-04-30,VTRS,Equities,11823.7813,9.1100,107714.6472,-363.0556
Wallington,2023-04-30,WAB,Equities,8194.6958,97.3500,797753.6352,-1088.1684
Wallington,2023-04-30,WHR,Equities,105778.5028,135.9500,14380587.4502,52302.5561
Wallington,2023-04-30,WRB,Equities,23277.3277,58.8100,1368939.6410,-1896.7415
Wallington,2023-05-31,ABBV,Equities,53943.7189,136.4500,7360620.4503,150026.8831
Wallington,2023-05-31,ADI,Equities,150107.0026,176.8400,26544922.3400,-20619.8197
Wallington,2023-05-31,ALLE,Equities,93593.5671,104.3400,9765552.7955,-47206.5493
Wallington,2023-05-31,ANET,Equities,38874.0370,166.3400,6466307.3178,-10145.7342
Wallington,2023-05-31,AVGO,Equities,4233.9674,803.6800,3402754.9467,-136336.8057
Wallington,2023-05-31,CAH,Equities,35638.6614,81.8600,2917380.8232,1326.0557
Wallington,2023-05-31,CDAY,Equities,12710.5700,61.8500,786148.7548,-60.5501
Wallington,2023-05-31,CFG,Equities,76682.3591,25.4400,1950799.2153,23467.9656
Wallington,2023-05-31,CMG,Equities,86474.2859,2076.4900,179562989.8682,-67203.5789
Wallington,2023-05-31,CMS,Equities,95143.0742,57.5100,5471678.1949,-3894.6629
Wallington,2023-05-31,COST,Equities,83494.7623,510.6000,42632425.6494,109678.3895
Wallington,2023-05-31,CSX,Equities,55788.0311,30.6700,1711018.9143,-440.9695
Wallington,2023-05-31,DHI,Equities,145860.4464,106.6200,15551640.7908,-43948.4829
Wallington,2023-05-31,EXPE,Equities,67227.1314,95.7100,6434308.7436,5686.3755
Wallington,2023-05-31,FOX,Equities,149090.3531,29.2100,4354929.2128,30294.0617
Wallington,2023-05-31,GPC,Equities,155446.9795,147.9800,23003044.0248,652178.9135
Wallington,2023-05-31,GRMN,Equities,25503.2768,102.4400,2612555.6785,-3691.6297
Wallington,2023-05-31,HON,Equities,50686.8289,190.5600,9658882.1073,-13412.9637
Wallington,2023-05-31,HST,Equities,4245.9371,16.4500,69845.6656,-271.5468
Wallington,2023-05-31,HWM,Equities,78516.1978,42.7100,3353426.8074,-10351.7160
Wallington,2023-05-31,J,Equities,92157.8237,109.3800,10080222.7617,-7942.9299
Wallington,2023-05-31,K,Equities,140391.5890,66.7700,9373946.3946,-31612.9253
Wallington,2023-05-31,KMI,Equities,116576.5024,15.8500,1847737.5634,-2016.7118
Wallington,2023-05-31,KO,Equities,15914.5252,59.2100,942299.0360,17499.6317
Wallington,2023-05-31,LHX,Equities,125193.8520,174.7800,21881381.4539,27892.5658
Wallington,2023-05-31,LNC,Equities,156435.2010,20.5500,3214743.3811,5516.3750
Wallington,2023-05-31,LOW,Equities,114616.7756,200.1800,22943986.1464,115307.1428
Wallington,2023-05-31,MA,Equities,145500.6850,364.4900,53033544.6812,492724.4001
Wallington,2023-05-31,MAS,Equities,114075.5084,48.0900,5485891.2001,14538.1556
Wallington,2023-05-31,MCO,Equities,85842.1625,316.1400,27138141.2656,-17420.2293
Wallington,2023-05-31,MKC,Equities,41570.5187,85.3400,3547628.0672,-20531.4194
Wallington,2023-05-31,MNST,Equities,85719.2669,58.6200,5024863.4238,16642.7362
Wallington,2023-05-31,MTB,Equities,123647.2858,119.1600,14733810.5781,-154326.2143
Wallington,2023-05-31,NVR,Equities,44258.1263,5554.2200,245819370.4414,-1252093.1767
Wallington,2023-05-31,O,Equities,52563.9029,58.9400,3098116.4362,37209.9925
Wallington,2023-05-31,OMC,Equities,69818.3624,87.5400,6111899.4416,19560.8429
Wallington,2023-05-31,POOL,Equities,43165.1700,315.3300,13611273.0654,-2934.8849
Wallington,2023-05-31,PPL,Equities,145122.3500,25.9700,3768827.4300,26428.3892
Wallington,2023-05-31,QRVO,Equities,60795.0753,97.2600,5912929.0207,17029.4397
Wallington,2023-05-31,RJF,Equities,51705.8001,89.9800,4652487.8939,59.7607
Wallington,2023-05-31,SEE,Equities,105498.3502,37.6600,3973067.8669,40084.5233
Wallington,2023-05-31,SHW,Equities,92501.7459,227.2800,21023796.8068,15549.8625
Wallington,2023-05-31,SJM,Equities,38521.9631,145.5100,5605330.8513,26262.9547
Wallington,2023-05-31,SPG,Equities,130431.5190,103.4200,13489227.6973,-107469.3862
Wallington,2023-05-31,TGT,Equities,102084.7191,129.8200,13252638.2302,525161.7531
Wallington,2023-05-31,VLO,Equities,71125.7412,106.1900,7552842.4557,-101644.3687
Wallington,2023-05-31,VRSN,Equities,71545.4026,223.3200,15977519.2982,-16384.3354
Wallington,2023-05-31,VTRS,Equities,11911.5934,9.0500,107799.9199,26.3436
Wallington,2023-05-31,WAB,Equities,8012.2612,92.4900,741054.0422,-4433.1595
Wallington,2023-05-31,WHR,Equities,105941.0222,127.6200,13520193.2564,6768.9357
Wallington,2023-05-31,WRB,Equities,24409.3918,55.5800,1356673.9987,18282.8362
Wallington,2023-06-30,ABBV,Equities,54655.8122,133.2500,7282886.9721,11393.4916
Wallington,2023-06-30,ADI,Equities,146969.1387,194.8100,28631057.9051,281937.0739
Wallington,2023-06-30,ALLE,Equities,98785.2128,120.0200,11856201.2367,-407025.0173
Wallington,2023-06-30,ANET,Equities,39263.4646,162.0600,6363037.0754,8333.7505
Wallington,2023-06-30,AVGO,Equities,4231.0782,867.4300,3670164.1615,920.9436
Wallington,2023-06-30,CAH,Equities,36045.2696,94.5700,3408801.1496,-25839.9527
Wallington,2023-06-30,CDAY,Equities,12451.7771,66.9700,833895.5126,6625.0983
Wallington,2023-06-30,CFG,Equities,76298.1940,25.7400,1963915.5144,576.2476
Wallington,2023-06-30,CMG,Equities,84933.4466,2139.0000,181672642.1873,481589.3273
Wallington,2023-06-30,CMS,Equities,91895.1613,58.2700,5354731.0511,12342.0687
Wallington,2023-06-30,COST,Equities,83673.5337,537.3600,44962810.0955,-23919.6149
Wallington,2023-06-30,CSX,Equities,57984.3656,34.1000,1977266.8672,-37667.1365
Wallington,2023-06-30,DHI,Equities,151718.4734,121.4400,18424691.4085,-434079.8030
Wallington,2023-06-30,EXPE,Equities,68831.0695,109.3900,7529430.6940,-109709.3688
Wallington,2023-06-30,FOX,Equities,145907.3448,31.8900,4652985.2267,42652.3102
Wallington,2023-06-30,GPC,Equities,149067.6519,169.2300,25226718.7352,677803.5537
Wallington,2023-06-30,GRMN,Equities,24977.4361,104.2900,2604896.8079,4864.0270
Wallington,2023-06-30,HON,Equities,52338.6973,206.3700,10801136.9707,-130580.2037
Wallington,2023-06-30,HST,Equities,4143.1629,16.8300,69729.4317,195.2710
Wallington,2023-06-30,HWM,Equities,80492.4345,49.5200,3985985.3557,-67290.8596
Wallington,2023-06-30,J,Equities,94554.7537,118.6500,11218921.5258,-111097.7030
Wallington,2023-06-30,K,Equities,138028.6591,67.4000,9303131.6243,7443.2290
Wallington,2023-06-30,KMI,Equities,121287.5032,16.9500,2055823.1789,-25910.5042
Wallington,2023-06-30,KO,Equities,15194.7961,60.2200,915030.6223,3634.6318
Wallington,2023-06-30,LHX,Equities,124622.7122,195.7700,24397388.3619,59941.1258
Wallington,2023-06-30,LNC,Equities,149141.3274,25.3100,3774766.9969,173594.1919
Wallington,2023-06-30,LOW,Equities,115803.1677,224.6400,26014023.5993,-145095.7536
Wallington,2023-06-30,MA,Equities,146272.4203,392.7300,57445567.6266,-108969.0230
Wallington,2023-06-30,MAS,Equities,114363.1421,57.1000,6530135.4128,-12957.8963
Wallington,2023-06-30,MCO,Equities,83598.2589,346.9100,29001071.9813,345224.5812
Wallington,2023-06-30,MKC,Equities,41494.3667,86.8300,3602955.8638,567.3322
Wallington,2023-06-30,MNST,Equities,87501.4089,57.4400,5026080.9268,10514.6379
Wallington,2023-06-30,MTB,Equities,122942.3125,123.7600,15215340.5941,16214.3865
Wallington,2023-06-30,NVR,Equities,44739.3903,6350.6200,284122866.9841,-1916393.2150
Wallington,2023-06-30,O,Equities,49678.0215,59.5400,2957829.4015,8657.6441
Wallington,2023-06-30,OMC,Equities,69177.5713,95.1500,6582245.9122,24382.0989
Wallington,2023-06-30,POOL,Equities,43971.2666,373.5700,16426346.0556,-234735.3150
Wallington,2023-06-30,PPL,Equities,139327.7830,26.4600,3686613.1374,14196.6893
Wallington,2023-06-30,QRVO,Equities,59394.8282,102.0300,6060054.3205,33395.8928
Wallington,2023-06-30,RJF,Equities,50428.8615,103.7700,5233002.9530,88044.9204
Wallington,2023-06-30,SEE,Equities,103011.5444,40.0000,4120461.7747,29095.6277
Wallington,2023-06-30,SHW,Equities,92625.1575,264.9300,24539182.9767,-23232.2350
Wallington,2023-06-30,SJM,Equities,38751.7089,146.5800,5680225.4870,-1229.1399
Wallington,2023-06-30,SPG,Equities,129501.0822,115.4800,14954784.9706,56105.3413
Wallington,2023-06-30,TGT,Equities,102224.1247,130.7800,13368871.0230,-669.1468
Wallington,2023-06-30,VLO,Equities,71335.2107,116.3700,8301278.4705,-10661.9992
Wallington,2023-06-30,VRSN,Equities,68972.5388,225.9700,15585724.6011,34090.4442
Wallington,2023-06-30,VTRS,Equities,11585.2646,9.8700,114346.5615,1337.9479
Wallington,2023-06-30,WAB,Equities,8397.7677,109.5100,919639.5443,-32806.6024
Wallington,2023-06-30,WHR,Equities,108552.1683,146.8700,15943056.9588,-251322.8101
Wallington,2023-06-30,WRB,Equities,23547.8839,59.5600,1402511.9649,17144.0082
Wallington,2023-07-31,ABBV,Equities,54432.6188,149.5800,8142031.1162,18223.7410
Wallington,2023-07-31,ADI,Equities,148425.4679,199.5300,29615333.6032,-34369.3689
Wallington,2023-07-31,ALLE,Equities,93660.7419,116.8600,10945194.2930,-80966.6405
Wallington,2023-07-31,ANET,Equities,38572.4215,155.0900,5982196.8549,-24082.8515
Wallington,2023-07-31,AVGO,Equities,4016.4493,898.6500,3609382.1786,33503.5684
Wallington,2023-07-31,CAH,Equities,37407.9567,91.4700,3421705.7957,21121.6489
Wallington,2023-07-31,CDAY,Equities,12679.6139,70.8100,897843.4614,-4374.4668
Wallington,2023-07-31,CFG,Equities,74648.5441,31.8400,2376809.6431,50314.3239
Wallington,2023-07-31,CMG,Equities,87402.1946,1962.2800,171507578.4758,2181385.7953
Wallington,2023-07-31,CMS,Equities,92310.5920,60.5800,5592175.6662,-4798.2247
Wallington,2023-07-31,COST,Equities,84609.9554,559.6100,47348577.1589,-104176.9121
Wallington,2023-07-31,CSX,Equities,55288.6062,33.3200,1842216.3592,-10513.4616
Wallington,2023-07-31,DHI,Equities,144798.0334,126.7600,18354598.7133,184083.7038
Wallington,2023-07-31,EXPE,Equities,69356.4975,122.5300,8498251.6416,-34520.6204
Wallington,2023-07-31,FOX,Equities,142271.7070,31.4100,4468754.3169,-8725.5308
Wallington,2023-07-31,GPC,Equities,154766.7194,155.7200,24100273.5513,384972.0107
Wallington,2023-07-31,GRMN,Equities,25647.3774,105.8900,2715800.7954,-5359.5308
Wallington,2023-07-31,HON,Equities,51020.3291,193.0700,9850494.9433,-87671.4868
Wallington,2023-07-31,HST,Equities,4177.8337,18.4000,76872.1406,-272.1659
Wallington,2023-07-31,HWM,Equities,77810.3990,51.1000,3976111.3870,21188.0806
Wallington,2023-07-31,J,Equities,90872.1142,125.4100,11396271.8418,124473.2149
Wallington,2023-07-31,K,Equities,141216.5171,66.8900,9445972.8305,8129.0379
Wallington,2023-07-31,KMI,Equities,119234.5986,17.7100,2111644.7406,7801.0375
Wallington,2023-07-31,KO,Equities,15476.4965,61.9300,958459.4299,-2408.5385
Wallington,2023-07-31,LHX,Equities,129839.1227,189.4900,24603215.3552,163795.2897
Wallington,2023-07-31,LNC,Equities,153968.1555,28.0400,4317267.0813,-65886.2039
Wallington,2023-07-31,LOW,Equities,113712.8578,234.2700,26639511.2073,100648.4211
Wallington,2023-07-31,MA,Equities,145600.7248,394.2800,57407453.7643,5205.6404
Wallington,2023-07-31,MAS,Equities,112499.2760,60.3900,6793831.2766,30660.5973
Wallington,2023-07-31,MCO,Equities,87375.2112,351.9300,30749958.0910,-94801.5047
Wallington,2023-07-31,MKC,Equities,42382.8065,89.4800,3792413.5240,-11771.8266
Wallington,2023-07-31,MNST,Equities,88295.4326,57.4900,5076104.4183,-198.5059
Wallington,2023-07-31,MTB,Equities,128091.1355,139.8600,17914826.2156,-414480.2547
Wallington,2023-07-31,NVR,Equities,46128.6996,6306.4400,290907876.2037,306898.4153
Wallington,2023-07-31,O,Equities,51251.2099,60.9700,3124786.2706,-11248.2972
Wallington,2023-07-31,OMC,Equities,69407.4203,84.6200,5873255.9049,12101.5477
Wallington,2023-07-31,POOL,Equities,42731.7848,383.6400,16393621.9161,62407.9081
Wallington,2023-07-31,PPL,Equities,147503.2860,27.5300,4060765.4631,-43738.9411
Wallington,2023-07-31,QRVO,Equities,62079.6498,110.0200,6830003.0668,-107258.6217
Wallington,2023-07-31,RJF,Equities,50061.1031,110.0700,5510225.6204,11584.3875
Wallington,2023-07-31,SEE,Equities,103228.2370,45.6200,4709272.1715,-6089.0626
Wallington,2023-07-31,SHW,Equities,95074.4032,275.8900,26230077.1088,-134218.6663
Wallington,2023-07-31,SJM,Equities,37629.3443,149.5400,5627092.1448,16610.9959
Wallington,2023-07-31,SPG,Equities,133406.2960,124.6000,16622424.4761,-178077.7480
Wallington,2023-07-31,TGT,Equities,99894.0599,135.3100,13516665.2405,52775.9676
Wallington,2023-07-31,VLO,Equities,73668.2679,127.8900,9421434.7851,-134384.0956
Wallington,2023-07-31,VRSN,Equities,69071.4951,210.9500,14570631.8986,7431.6179
Wallington,2023-07-31,VTRS,Equities,12207.0692,10.4200,127197.6613,-1709.9627
Wallington,2023-07-31,WAB,Equities,8272.2924,118.2600,978281.2976,5489.5464
Wallington,2023-07-31,WHR,Equities,108768.8609,142.4000,15488685.7957,4843.0801
Wallington,2023-07-31,WRB,Equities,23882.5192,61.6900,1473312.6104,-3563.8661
Wallington,2023-08-31,ABBV,Equities,53327.2800,138.8300,7403426.2872,-59411.9572
Wallington,2023-08-31,ADI,Equities,154115.6613,174.5300,26897806.3671,711274.1797
Wallington,2023-08-31,ALLE,Equities,94620.3806,118.0400,11168989.7263,-5661.8686
Wallington,2023-08-31,ANET,Equities,37469.0433,185.8800,6964745.7764,169865.0719
Wallington,2023-08-31,AVGO,Equities,4090.7439,858.6200,3512394.5529,14870.0667
Wallington,2023-08-31,CAH,Equities,37166.1896,90.0000,3344957.0647,-1776.9878
Wallington,2023-08-31,CDAY,Equities,12514.9275,69.4200,868786.2687,-1144.5704
Wallington,2023-08-31,CFG,Equities,75138.1662,26.8600,2018211.1442,12191.5912
Wallington,2023-08-31,CMG,Equities,86150.7947,2126.2700,183179850.3413,1026085.3350
Wallington,2023-08-31,CMS,Equities,94321.6543,57.1200,5387652.8963,34791.3778
Wallington,2023-08-31,COST,Equities,83384.0943,520.5500,43405590.2985,-239410.6750
Wallington,2023-08-31,CSX,Equities,55674.5255,30.4000,1692505.5739,5634.4209
Wallington,2023-08-31,DHI,Equities,145270.2169,116.9200,16984993.7640,23231.4301
Wallington,2023-08-31,EXPE,Equities,70676.9811,107.6500,7608377.0132,98243.9765
Wallington,2023-08-31,FOX,Equities,143921.6149,29.9500,4310452.3672,12044.3279
Wallington,2023-08-31,GPC,Equities,151879.3935,157.0800,23857215.1243,19633.8167
Wallington,2023-08-31,GRMN,Equities,25159.4579,103.9700,2615828.8350,-4684.0277
Wallington,2023-08-31,HON,Equities,50890.0556,190.4800,9693537.7870,-1687.0423
Wallington,2023-08-31,HST,Equities,4238.5077,15.4000,65273.0180,910.1090
Wallington,2023-08-31,HWM,Equities,79543.5272,49.7200,3954904.1714,11958.5847
Wallington,2023-08-31,J,Equities,93673.1243,136.5000,12786381.4655,-155316.0094
Wallington,2023-08-31,K,Equities,140335.6616,64.3700,9033406.5386,-11098.7793
Wallington,2023-08-31,KMI,Equities,122153.7577,17.3500,2119367.6966,5254.4865
Wallington,2023-08-31,KO,Equities,15123.5971,60.6300,916943.6931,-2293.8462
Wallington,2023-08-31,LHX,Equities,126158.4437,171.9900,21697990.7372,-322059.4074
Wallington,2023-08-31,LNC,Equities,150780.9167,26.3600,3974584.9629,-26772.8067
Wallington,2023-08-31,LOW,Equities,110119.7846,221.1900,24357395.1632,-234986.9880
Wallington,2023-08-31,MA,Equities,143900.0489,407.8500,58689634.9265,115390.8610
Wallington,2023-08-31,MAS,Equities,116698.7274,59.5300,6947075.2407,18057.6410
Wallington,2023-08-31,MCO,Equities,84942.8882,345.1000,29313790.7057,-83063.8329
Wallington,2023-08-31,MKC,Equities,43254.3236,84.0800,3636823.5253,23530.9612
Wallington,2023-08-31,MNST,Equities,85763.3793,61.4100,5266729.1225,49628.2441
Wallington,2023-08-31,MTB,Equities,128846.4641,123.1500,15867442.0534,63107.7015
Wallington,2023-08-31,NVR,Equities,45420.4243,6026.0100,273703930.8872,-993108.2239
Wallington,2023-08-31,O,Equities,51864.1405,56.1500,2912171.4893,14771.6264
Wallington,2023-08-31,OMC,Equities,70995.4676,78.4400,5568884.4815,49070.6631
Wallington,2023-08-31,POOL,Equities,42866.1342,357.6300,15330215.5786,17472.1427
Wallington,2023-08-31,PPL,Equities,147288.1412,25.3400,3732281.4972,-2355.8357
Wallington,2023-08-31,QRVO,Equities,60825.5154,101.4100,6168315.5191,-53990.4833
Wallington,2023-08-31,RJF,Equities,51450.4124,95.8600,4932036.5307,98710.4229
Wallington,2023-08-31,SEE,Equities,104167.2383,35.8100,3730228.8051,46058.0165
Wallington,2023-08-31,SHW,Equities,93612.4504,262.7000,24591990.7084,-96415.7925
Wallington,2023-08-31,SJM,Equities,38318.5816,147.5500,5653906.7153,6857.9113
Wallington,2023-08-31,SPG,Equities,128125.0840,113.5600,14549884.5439,-291522.8976
Wallington,2023-08-31,TGT,Equities,100391.9370,117.9900,11845244.6418,43116.1562
Wallington,2023-08-31,VLO,Equities,72173.0888,128.4200,9268468.0694,3962.2246
Wallington,2023-08-31,VRSN,Equities,70718.4106,207.4800,14672655.8405,28573.9841
Wallington,2023-08-31,VTRS,Equities,11627.9840,10.6400,123721.7497,636.9938
Wallington,2023-08-31,WAB,Equities,8114.6227,109.2200,886279.0921,-7126.6695
Wallington,2023-08-31,WHR,Equities,107652.8939,132.8700,14303840.0163,-53175.8274
Wallington,2023-08-31,WRB,Equities,23744.8678,63.2700,1502337.7862,1087.4461
