Instrument_ID,EOM_Date,Fund_Name,Instrument_Type,Fund_Price,Final_Reference_Price,Price_Difference,Price_Source_Flag
NVR,2023-06-30,rpt-Catalysm,Equities,6350.62,0.0,6350.6201171875,No Reference Price Found
NVR,2023-07-31,Wallington,Equities,6306.44,0.0,6306.43994140625,No Reference Price Found
NVR,2023-08-31,Wallington,Equities,6026.01,0.0,6026.009765625,No Reference Price Found
NVR,2023-04-30,rpt-Catalysm,Equities,5840.0,0.0,5840.0,No Reference Price Found
NVR,2023-03-31,rpt-Catalysm,Equities,5572.19,0.0,5572.18994140625,No Reference Price Found
NVR,2023-05-31,rpt-Catalysm,Equities,5554.22,0.0,5554.22021484375,No Reference Price Found
NVR,2023-01-31,rpt-Catalysm,Equities,5270.0,0.0,5270.0,No Reference Price Found
NVR,2023-02-28,rpt-Catalysm,Equities,5173.62,0.0,5173.6201171875,No Reference Price Found
NVR,2022-11-30,rpt-Catalysm,Equities,4639.01,0.0,4639.009765625,No Reference Price Found
NVR,2022-12-31,rpt-Catalysm,Equities,4612.58,0.0,4612.580078125,No Reference Price Found
NVR,2022-10-31,Wallington,Equities,4237.75,0.0,4237.75,No Reference Price Found
NVR,2022-08-31,rpt-Catalysm,Equities,4140.06,0.0,4140.06005859375,No Reference Price Found
NVR,2022-09-30,rpt-Catalysm,Equities,3987.08,0.0,3987.080078125,No Reference Price Found
AZO,2023-04-30,Applebead,Equities,2663.31,0.0,2663.31005859375,No Reference Price Found
AZO,2022-11-30,Applebead,Equities,2579.0,0.0,2579.0,No Reference Price Found
AZO,2022-10-31,Applebead,Equities,2532.88,0.0,2532.8798828125,No Reference Price Found
AZO,2023-06-30,Applebead,Equities,2493.36,0.0,2493.360107421875,No Reference Price Found
AZO,2023-02-28,Applebead,Equities,2486.54,0.0,2486.5400390625,No Reference Price Found
AZO,2023-07-31,Applebead,Equities,2481.72,0.0,2481.719970703125,No Reference Price Found
AZO,2022-12-31,Applebead,Equities,2466.18,0.0,2466.179931640625,No Reference Price Found
AZO,2023-03-31,Applebead,Equities,2458.15,0.0,2458.14990234375,No Reference Price Found
AZO,2023-08-31,Applebead,Equities,2451.69,0.0,2451.68994140625,No Reference Price Found
AZO,2023-01-31,Applebead,Equities,2438.85,0.0,2438.85009765625,No Reference Price Found
AZO,2023-05-31,Applebead,Equities,2386.84,0.0,2386.840087890625,No Reference Price Found
AZO,2022-09-30,Applebead,Equities,2141.93,0.0,2141.929931640625,No Reference Price Found
CMG,2023-06-30,Wallington,Equities,2139.0,0.0,2139.0,No Reference Price Found
CMG,2023-08-31,Wallington,Equities,2126.27,0.0,2126.27001953125,No Reference Price Found
AZO,2022-08-31,Applebead,Equities,2119.21,0.0,2119.2099609375,No Reference Price Found
CMG,2023-05-31,Wallington,Equities,2076.49,0.0,2076.489990234375,No Reference Price Found
CMG,2023-04-30,Wallington,Equities,2067.62,0.0,2067.6201171875,No Reference Price Found
CMG,2023-07-31,Wallington,Equities,1962.28,0.0,1962.280029296875,No Reference Price Found
CMG,2023-03-31,Wallington,Equities,1708.29,0.0,1708.2900390625,No Reference Price Found
CMG,2023-01-31,Wallington,Equities,1646.38,0.0,1646.3800048828125,No Reference Price Found
CMG,2022-11-30,Wallington,Equities,1626.96,0.0,1626.9599609375,No Reference Price Found
CMG,2022-08-31,Wallington,Equities,1596.8,0.0,1596.800048828125,No Reference Price Found
MTD,2023-01-31,TT_monthly_Trustmind,Equities,1532.92,0.0,1532.9200439453125,No Reference Price Found
MTD,2023-03-31,TT_monthly_Trustmind,Equities,1530.21,0.0,1530.2099609375,No Reference Price Found
CMG,2022-09-30,Wallington,Equities,1502.76,0.0,1502.760009765625,No Reference Price Found
CMG,2022-10-31,Wallington,Equities,1498.33,0.0,1498.3299560546875,No Reference Price Found
MTD,2023-04-30,TT_monthly_Trustmind,Equities,1491.5,0.0,1491.5,No Reference Price Found
CMG,2023-02-28,Wallington,Equities,1491.08,0.0,1491.0799560546875,No Reference Price Found
MTD,2022-11-30,TT_monthly_Trustmind,Equities,1469.56,0.0,1469.56005859375,No Reference Price Found
MTD,2022-12-31,TT_monthly_Trustmind,Equities,1445.45,0.0,1445.449951171875,No Reference Price Found
MTD,2023-02-28,TT_monthly_Trustmind,Equities,1433.71,0.0,1433.7099609375,No Reference Price Found
CMG,2022-12-31,Wallington,Equities,1387.49,0.0,1387.489990234375,No Reference Price Found
MTD,2023-05-31,TT_monthly_Trustmind,Equities,1321.87,0.0,1321.8699951171875,No Reference Price Found
MTD,2023-06-30,TT_monthly_Trustmind,Equities,1311.64,0.0,1311.6400146484375,No Reference Price Found
MTD,2022-10-31,TT_monthly_Trustmind,Equities,1264.93,0.0,1264.9300537109375,No Reference Price Found
MTD,2023-07-31,TT_monthly_Trustmind,Equities,1257.47,0.0,1257.469970703125,No Reference Price Found
MTD,2022-08-31,TT_monthly_Trustmind,Equities,1212.46,0.0,1212.4599609375,No Reference Price Found
MTD,2023-08-31,TT_monthly_Trustmind,Equities,1145.23,0.0,1145.22998046875,No Reference Price Found
MTD,2022-09-30,TT_monthly_Trustmind,Equities,1084.12,0.0,1084.1199951171875,No Reference Price Found
TDG,2023-07-31,Virtous,Equities,899.72,0.0,899.719970703125,No Reference Price Found
AVGO,2023-07-31,Leeder,Equities,898.65,0.0,898.6500244140625,No Reference Price Found
TDG,2023-06-30,Virtous,Equities,894.17,0.0,894.1699829101562,No Reference Price Found
FICO,2023-08-31,Belaware,Equities,883.59,0.0,883.5900268554688,No Reference Price Found
TDG,2023-08-31,Virtous,Equities,870.11,0.0,870.1099853515625,No Reference Price Found
AVGO,2023-06-30,Leeder,Equities,867.43,0.0,867.4299926757812,No Reference Price Found
AVGO,2023-08-31,Leeder,Equities,858.62,0.0,858.6199951171875,No Reference Price Found
FICO,2023-07-31,Belaware,Equities,837.97,0.0,837.969970703125,No Reference Price Found
REGN,2023-08-31,Applebead,Equities,836.56,0.0,836.5599975585938,No Reference Price Found
REGN,2023-03-31,Applebead,Equities,821.67,0.0,821.6699829101562,No Reference Price Found
FICO,2023-06-30,Belaware,Equities,809.21,0.0,809.2100219726562,No Reference Price Found
AVGO,2023-05-31,Leeder,Equities,803.68,0.0,803.6799926757812,No Reference Price Found
REGN,2023-04-30,Applebead,Equities,801.79,0.0,801.7899780273438,No Reference Price Found
FICO,2023-05-31,Belaware,Equities,787.67,0.0,787.6699829101562,No Reference Price Found
GWW,2023-06-30,Applebead,Equities,786.53,0.0,786.530029296875,No Reference Price Found
TDG,2023-05-31,Virtous,Equities,773.65,0.0,773.6500244140625,No Reference Price Found
TDG,2023-04-30,Virtous,Equities,765.0,0.0,765.0,No Reference Price Found
REGN,2023-02-28,Applebead,Equities,760.42,0.0,760.4199829101562,No Reference Price Found
REGN,2023-01-31,Applebead,Equities,758.47,0.0,758.469970703125,No Reference Price Found
REGN,2022-11-30,Applebead,Equities,751.7,0.0,751.7000122070312,No Reference Price Found
REGN,2022-10-31,Applebead,Equities,748.75,0.0,748.75,No Reference Price Found
BLK,2023-01-31,Virtous,Equities,748.25,0.0,748.25,No Reference Price Found
TDG,2023-02-28,Virtous,Equities,743.87,0.0,743.8699951171875,No Reference Price Found
GWW,2023-08-31,Applebead,Equities,742.12,0.0,742.1199951171875,No Reference Price Found
REGN,2023-07-31,Applebead,Equities,741.91,0.0,741.9099731445312,No Reference Price Found
BLK,2023-07-31,Virtous,Equities,738.85,0.0,738.8499755859375,No Reference Price Found
TDG,2023-03-31,Virtous,Equities,737.05,0.0,737.0499877929688,No Reference Price Found
GWW,2023-07-31,Applebead,Equities,736.56,0.0,736.5599975585938,No Reference Price Found
REGN,2023-05-31,Applebead,Equities,735.56,0.0,735.5599975585938,No Reference Price Found
FICO,2023-04-30,Belaware,Equities,727.95,0.0,727.9500122070312,No Reference Price Found
REGN,2022-12-31,Applebead,Equities,721.49,0.0,721.489990234375,No Reference Price Found
REGN,2023-06-30,Applebead,Equities,718.54,0.0,718.5399780273438,No Reference Price Found
TDG,2023-01-31,Virtous,Equities,717.75,0.0,717.75,No Reference Price Found
FICO,2023-03-31,Belaware,Equities,702.69,0.0,702.6900024414062,No Reference Price Found
BLK,2022-11-30,Virtous,Equities,700.83,0.0,700.8300170898438,No Reference Price Found
BLK,2022-12-31,Virtous,Equities,698.4,0.0,698.4000244140625,No Reference Price Found
GWW,2023-04-30,Applebead,Equities,691.82,0.0,691.8200073242188,No Reference Price Found
BLK,2023-06-30,Virtous,Equities,691.14,0.0,691.1400146484375,No Reference Price Found
REGN,2022-09-30,Applebead,Equities,688.87,0.0,688.8699951171875,No Reference Price Found
GWW,2023-03-31,Applebead,Equities,685.1,0.0,685.0999755859375,No Reference Price Found
BLK,2023-02-28,Virtous,Equities,679.48,0.0,679.47998046875,No Reference Price Found
FICO,2023-02-28,Belaware,Equities,677.39,0.0,677.3900146484375,No Reference Price Found
BLK,2023-04-30,Virtous,Equities,666.3,0.0,666.2999877929688,No Reference Price Found
FICO,2023-01-31,Belaware,Equities,665.95,0.0,665.9500122070312,No Reference Price Found
GWW,2023-02-28,Applebead,Equities,664.83,0.0,664.8300170898438,No Reference Price Found
BLK,2023-03-31,Virtous,Equities,664.24,0.0,664.239990234375,No Reference Price Found
BLK,2023-08-31,Virtous,Equities,658.12,0.0,658.1199951171875,No Reference Price Found
BLK,2023-05-31,Virtous,Equities,652.75,0.0,652.75,No Reference Price Found
BLK,2022-08-31,Virtous,Equities,647.46,0.0,647.4600219726562,No Reference Price Found
GWW,2023-05-31,Applebead,Equities,647.33,0.0,647.3300170898438,No Reference Price Found
AVGO,2023-03-31,Leeder,Equities,638.14,0.0,638.1400146484375,No Reference Price Found
BLK,2022-10-31,Virtous,Equities,632.22,0.0,632.219970703125,No Reference Price Found
TDG,2022-12-31,Virtous,Equities,629.65,0.0,629.6500244140625,No Reference Price Found
TDG,2022-11-30,Virtous,Equities,628.5,0.0,628.5,No Reference Price Found
AVGO,2023-04-30,Leeder,Equities,623.18,0.0,623.1799926757812,No Reference Price Found
FICO,2022-11-30,Belaware,Equities,619.72,0.0,619.719970703125,No Reference Price Found
TDG,2022-08-31,Virtous,Equities,600.39,0.0,600.3900146484375,No Reference Price Found
FICO,2022-12-31,Belaware,Equities,598.58,0.0,598.5800170898438,No Reference Price Found
GWW,2022-11-30,Applebead,Equities,598.25,0.0,598.25,No Reference Price Found
AVGO,2023-02-28,Leeder,Equities,586.92,0.0,586.9199829101562,No Reference Price Found
GWW,2023-01-31,Applebead,Equities,584.78,0.0,584.780029296875,No Reference Price Found
LLY,2023-08-31,Applebead,Equities,583.21,0.0,583.2100219726562,No Reference Price Found
REGN,2022-08-31,Applebead,Equities,581.06,0.0,581.0599975585938,No Reference Price Found
GWW,2022-10-31,Applebead,Equities,578.0,0.0,578.0,No Reference Price Found
AVGO,2023-01-31,Leeder,Equities,577.75,0.0,577.75,No Reference Price Found
TMO,2023-03-31,Fund Whitestone,Equities,575.99,0.0,575.989990234375,No Reference Price Found
TDG,2022-10-31,Virtous,Equities,575.76,0.0,575.760009765625,No Reference Price Found
TMO,2023-01-31,Fund Whitestone,Equities,569.58,0.0,569.5800170898438,No Reference Price Found
COST,2023-07-31,Leeder,Equities,559.61,0.0,559.6099853515625,No Reference Price Found
MPWR,2023-07-31,TT_monthly_Trustmind,Equities,559.49,0.0,559.489990234375,No Reference Price Found
TMO,2022-11-30,Fund Whitestone,Equities,559.19,0.0,559.1900024414062,No Reference Price Found
MSCI,2023-03-31,Leeder,Equities,556.66,0.0,556.6599731445312,No Reference Price Found
HUM,2022-10-31,rpt-Catalysm,Equities,555.11,0.0,555.1099853515625,No Reference Price Found
IDXX,2023-07-31,Magnum,Equities,554.73,0.0,554.72998046875,No Reference Price Found
TMO,2023-04-30,Fund Whitestone,Equities,554.53,0.0,554.530029296875,No Reference Price Found
AVGO,2022-12-31,Leeder,Equities,552.19,0.0,552.1900024414062,No Reference Price Found
GWW,2022-12-31,Applebead,Equities,551.81,0.0,551.8099975585938,No Reference Price Found
ULTA,2023-04-30,Fund Whitestone,Equities,551.43,0.0,551.4299926757812,No Reference Price Found
TMO,2022-12-31,Fund Whitestone,Equities,549.97,0.0,549.969970703125,No Reference Price Found
GWW,2022-08-31,Applebead,Equities,548.91,0.0,548.9099731445312,No Reference Price Found
TMO,2023-07-31,Fund Whitestone,Equities,548.66,0.0,548.6599731445312,No Reference Price Found
HUM,2022-11-30,rpt-Catalysm,Equities,546.97,0.0,546.969970703125,No Reference Price Found
MSCI,2023-07-31,Leeder,Equities,546.7,0.0,546.7000122070312,No Reference Price Found
ADBE,2023-07-31,Report-of-Gohen,Equities,546.17,0.0,546.1699829101562,No Reference Price Found
ULTA,2023-03-31,Fund Whitestone,Equities,545.67,0.0,545.6699829101562,No Reference Price Found
TMO,2022-08-31,Fund Whitestone,Equities,544.03,0.0,544.030029296875,No Reference Price Found
TMO,2023-02-28,Fund Whitestone,Equities,541.05,0.0,541.0499877929688,No Reference Price Found
NOC,2022-10-31,Magnum,Equities,540.5,0.0,540.5,No Reference Price Found
MPWR,2023-06-30,TT_monthly_Trustmind,Equities,540.23,0.0,540.22998046875,No Reference Price Found
AVGO,2022-11-30,Leeder,Equities,539.69,0.0,539.6900024414062,No Reference Price Found
NOC,2022-12-31,Magnum,Equities,538.94,0.0,538.9400024414062,No Reference Price Found
BLK,2022-09-30,Virtous,Equities,538.62,0.0,538.6199951171875,No Reference Price Found
COST,2023-06-30,Leeder,Equities,537.36,0.0,537.3599853515625,No Reference Price Found
COST,2022-11-30,Leeder,Equities,536.18,0.0,536.1799926757812,No Reference Price Found
HUM,2023-04-30,rpt-Catalysm,Equities,529.43,0.0,529.4299926757812,No Reference Price Found
MSCI,2023-01-31,Leeder,Equities,527.39,0.0,527.3900146484375,No Reference Price Found
NOC,2022-11-30,Magnum,Equities,526.77,0.0,526.77001953125,No Reference Price Found
TDG,2022-09-30,Virtous,Equities,524.82,0.0,524.8200073242188,No Reference Price Found
HUM,2023-08-31,rpt-Catalysm,Equities,521.76,0.0,521.760009765625,No Reference Price Found
TMO,2023-06-30,Fund Whitestone,Equities,521.75,0.0,521.75,No Reference Price Found
COST,2023-08-31,Leeder,Equities,520.55,0.0,520.5499877929688,No Reference Price Found
ADBE,2023-08-31,Report-of-Gohen,Equities,520.17,0.0,520.1699829101562,No Reference Price Found
TMO,2023-08-31,Fund Whitestone,Equities,519.63,0.0,519.6300048828125,No Reference Price Found
MSCI,2023-02-28,Leeder,Equities,519.32,0.0,519.3200073242188,No Reference Price Found
ULTA,2023-02-28,Fund Whitestone,Equities,518.8,0.0,518.7999877929688,No Reference Price Found
COST,2022-08-31,Leeder,Equities,518.19,0.0,518.1900024414062,No Reference Price Found
ULTA,2023-01-31,Fund Whitestone,Equities,513.96,0.0,513.9600219726562,No Reference Price Found
TMO,2022-10-31,Fund Whitestone,Equities,513.03,0.0,513.030029296875,No Reference Price Found
KLAC,2023-07-31,Magnum,Equities,512.56,0.0,512.5599975585938,No Reference Price Found
COST,2023-05-31,Leeder,Equities,510.6,0.0,510.6000061035156,No Reference Price Found
HUM,2022-12-31,rpt-Catalysm,Equities,510.24,0.0,510.239990234375,No Reference Price Found
HUM,2023-01-31,rpt-Catalysm,Equities,509.75,0.0,509.75,No Reference Price Found
COST,2023-01-31,Leeder,Equities,508.23,0.0,508.2300109863281,No Reference Price Found
TMO,2023-05-31,Fund Whitestone,Equities,508.12,0.0,508.1199951171875,No Reference Price Found
TMO,2022-09-30,Fund Whitestone,Equities,506.26,0.0,506.260009765625,No Reference Price Found
MSCI,2022-11-30,Leeder,Equities,503.85,0.0,503.8500061035156,No Reference Price Found
IDXX,2023-06-30,Magnum,Equities,502.23,0.0,502.2300109863281,No Reference Price Found
COST,2023-04-30,Leeder,Equities,501.23,0.0,501.2300109863281,No Reference Price Found
HUM,2023-05-31,rpt-Catalysm,Equities,500.87,0.0,500.8699951171875,No Reference Price Found
CTAS,2023-07-31,Belaware,Equities,500.66,0.0,500.6600036621094,No Reference Price Found
IDXX,2023-03-31,Magnum,Equities,500.08,0.0,500.0799865722656,No Reference Price Found
MPWR,2023-03-31,TT_monthly_Trustmind,Equities,499.59,0.0,499.5899963378906,No Reference Price Found
CTAS,2023-08-31,Belaware,Equities,498.65,0.0,498.6499938964844,No Reference Price Found
COST,2022-10-31,Leeder,Equities,498.64,0.0,498.6400146484375,No Reference Price Found
MPWR,2023-08-31,TT_monthly_Trustmind,Equities,498.31,0.0,498.30999755859375,No Reference Price Found
KLAC,2023-08-31,Magnum,Equities,497.87,0.0,497.8699951171875,No Reference Price Found
CTAS,2023-06-30,Belaware,Equities,495.71,0.0,495.7099914550781,No Reference Price Found
COST,2023-03-31,Leeder,Equities,494.9,0.0,494.8999938964844,No Reference Price Found
HUM,2023-02-28,rpt-Catalysm,Equities,493.14,0.0,493.1400146484375,No Reference Price Found
IDXX,2023-04-30,Magnum,Equities,492.16,0.0,492.1600036621094,No Reference Price Found
NVDA,2023-08-31,Magnum,Equities,490.57,0.0,490.57000732421875,No Reference Price Found
ADBE,2023-06-30,Report-of-Gohen,Equities,488.99,0.0,488.989990234375,No Reference Price Found
MPWR,2023-05-31,TT_monthly_Trustmind,Equities,488.98,0.0,488.9800109863281,No Reference Price Found
IDXX,2023-08-31,Magnum,Equities,486.67,0.0,486.6700134277344,No Reference Price Found
AVGO,2022-08-31,Leeder,Equities,484.77,0.0,484.7699890136719,No Reference Price Found
HUM,2023-03-31,rpt-Catalysm,Equities,484.49,0.0,484.489990234375,No Reference Price Found
GWW,2022-09-30,Applebead,Equities,483.87,0.0,483.8699951171875,No Reference Price Found
KLAC,2023-06-30,Magnum,Equities,483.7,0.0,483.70001220703125,No Reference Price Found
HUM,2022-09-30,rpt-Catalysm,Equities,482.6,0.0,482.6000061035156,No Reference Price Found
MPWR,2023-02-28,TT_monthly_Trustmind,Equities,482.39,0.0,482.3900146484375,No Reference Price Found
COST,2023-02-28,Leeder,Equities,482.26,0.0,482.260009765625,No Reference Price Found
IDXX,2023-01-31,Magnum,Equities,480.5,0.0,480.5,No Reference Price Found
LMT,2022-12-31,rpt-Catalysm,Equities,480.21,0.0,480.2099914550781,No Reference Price Found
MSCI,2023-04-30,Leeder,Equities,479.84,0.0,479.8399963378906,No Reference Price Found
LMT,2022-11-30,Leeder,Equities,478.93,0.0,478.92999267578125,No Reference Price Found
FICO,2022-10-31,Belaware,Equities,478.84,0.0,478.8399963378906,No Reference Price Found
HUM,2022-08-31,rpt-Catalysm,Equities,478.45,0.0,478.45001220703125,No Reference Price Found
LMT,2022-10-31,Leeder,Equities,477.42,0.0,477.4200134277344,No Reference Price Found
IDXX,2023-02-28,Magnum,Equities,473.24,0.0,473.239990234375,No Reference Price Found
MSCI,2023-08-31,Leeder,Equities,471.1,0.0,471.1000061035156,No Reference Price Found
LMT,2023-02-28,Leeder,Equities,471.08,0.0,471.0799865722656,No Reference Price Found
CTAS,2023-05-31,Belaware,Equities,470.84,0.0,470.8399963378906,No Reference Price Found
ULTA,2023-06-30,Fund Whitestone,Equities,470.6,0.0,470.6000061035156,No Reference Price Found
NOC,2022-08-31,Magnum,Equities,470.58,0.0,470.5799865722656,No Reference Price Found
LMT,2023-03-31,Leeder,Equities,469.56,0.0,469.55999755859375,No Reference Price Found
MSCI,2023-05-31,Leeder,Equities,469.34,0.0,469.3399963378906,No Reference Price Found
ULTA,2022-12-31,Fund Whitestone,Equities,469.07,0.0,469.07000732421875,No Reference Price Found
COST,2022-09-30,Leeder,Equities,468.73,0.0,468.7300109863281,No Reference Price Found
MSCI,2023-06-30,Leeder,Equities,468.1,0.0,468.1000061035156,No Reference Price Found
LLY,2023-06-30,Applebead,Equities,467.98,0.0,467.9800109863281,No Reference Price Found
NVDA,2023-07-31,Magnum,Equities,467.29,0.0,467.2900085449219,No Reference Price Found
ULTA,2022-11-30,Fund Whitestone,Equities,464.84,0.0,464.8399963378906,No Reference Price Found
IDXX,2023-05-31,Magnum,Equities,464.77,0.0,464.7699890136719,No Reference Price Found
MSCI,2022-10-31,Leeder,Equities,463.94,0.0,463.94000244140625,No Reference Price Found
NOC,2022-09-30,Magnum,Equities,463.03,0.0,463.0299987792969,No Reference Price Found
MLM,2023-06-30,Magnum,Equities,461.69,0.0,461.69000244140625,No Reference Price Found
MSCI,2022-12-31,Leeder,Equities,461.52,0.0,461.5199890136719,No Reference Price Found
LMT,2023-04-30,Leeder,Equities,461.34,0.0,461.3399963378906,No Reference Price Found
MPWR,2023-04-30,TT_monthly_Trustmind,Equities,461.09,0.0,461.0899963378906,No Reference Price Found
AVGO,2022-10-31,Leeder,Equities,460.45,0.0,460.45001220703125,No Reference Price Found
LMT,2023-06-30,Leeder,Equities,460.38,0.0,460.3800048828125,No Reference Price Found
CTAS,2023-03-31,Belaware,Equities,460.29,0.0,460.2900085449219,No Reference Price Found
NOC,2023-02-28,Magnum,Equities,460.11,0.0,460.1099853515625,No Reference Price Found
CHTR,2023-08-31,Leeder,Equities,459.12,0.0,459.1199951171875,No Reference Price Found
CTAS,2022-11-30,Belaware,Equities,458.21,0.0,458.2099914550781,No Reference Price Found
NOC,2023-03-31,Magnum,Equities,457.74,0.0,457.739990234375,No Reference Price Found
NOC,2023-04-30,Magnum,Equities,457.29,0.0,457.2900085449219,No Reference Price Found
LMT,2023-01-31,Leeder,Equities,457.28,0.0,457.2799987792969,No Reference Price Found
HUM,2023-07-31,rpt-Catalysm,Equities,456.83,0.0,456.8299865722656,No Reference Price Found
COST,2022-12-31,Leeder,Equities,453.9,0.0,453.8999938964844,No Reference Price Found
NOC,2023-06-30,Magnum,Equities,453.83,0.0,453.8299865722656,No Reference Price Found
LLY,2023-07-31,Applebead,Equities,453.58,0.0,453.5799865722656,No Reference Price Found
GB00B0CNHZ09,2022-11-30,Report-of-Gohen,Government Bond,453.56,0.0,453.55999755859375,No Reference Price Found
CTAS,2023-04-30,Belaware,Equities,453.41,0.0,453.4100036621094,No Reference Price Found
MLM,2023-08-31,Magnum,Equities,453.0,0.0,453.0,No Reference Price Found
GB00B0CNHZ09,2022-10-31,Report-of-Gohen,Government Bond,452.36,0.0,452.3599853515625,No Reference Price Found
GB00B0CNHZ09,2022-12-31,Report-of-Gohen,Government Bond,451.68,0.0,451.67999267578125,No Reference Price Found
GB00B0CNHZ09,2022-08-31,Report-of-Gohen,Government Bond,451.65,0.0,451.6499938964844,No Reference Price Found
GB00B0CNHZ09,2023-02-28,Report-of-Gohen,Government Bond,451.59,0.0,451.5899963378906,No Reference Price Found
GB00B0CNHZ09,2023-07-31,Report-of-Gohen,Government Bond,451.56,0.0,451.55999755859375,No Reference Price Found
GB00B0CNHZ09,2023-05-31,Report-of-Gohen,Government Bond,451.47,0.0,451.4700012207031,No Reference Price Found
GB00B0CNHZ09,2023-04-30,Report-of-Gohen,Government Bond,451.39,0.0,451.3900146484375,No Reference Price Found
GB00B0CNHZ09,2023-01-31,Report-of-Gohen,Government Bond,451.26,0.0,451.260009765625,No Reference Price Found
GB00B0CNHZ09,2023-08-31,Report-of-Gohen,Government Bond,451.06,0.0,451.05999755859375,No Reference Price Found
GB00B0CNHZ09,2023-03-31,Report-of-Gohen,Government Bond,450.92,0.0,450.9200134277344,No Reference Price Found
GB00B0CNHZ09,2022-09-30,Report-of-Gohen,Government Bond,450.74,0.0,450.739990234375,No Reference Price Found
GB00B0CNHZ09,2023-06-30,Report-of-Gohen,Government Bond,450.45,0.0,450.45001220703125,No Reference Price Found
MPWR,2022-08-31,TT_monthly_Trustmind,Equities,449.51,0.0,449.510009765625,No Reference Price Found
FICO,2022-08-31,Belaware,Equities,449.4,0.0,449.3999938964844,No Reference Price Found
CTAS,2022-12-31,Belaware,Equities,448.13,0.0,448.1300048828125,No Reference Price Found
TDY,2023-03-31,Virtous,Equities,447.36,0.0,447.3599853515625,No Reference Price Found
HUM,2023-06-30,rpt-Catalysm,Equities,447.13,0.0,447.1300048828125,No Reference Price Found
MLM,2023-07-31,Magnum,Equities,446.46,0.0,446.4599914550781,No Reference Price Found
LMT,2023-07-31,Leeder,Equities,446.37,0.0,446.3699951171875,No Reference Price Found
ULTA,2023-07-31,Fund Whitestone,Equities,444.8,0.0,444.79998779296875,No Reference Price Found
MSCI,2022-08-31,Leeder,Equities,444.53,0.0,444.5299987792969,No Reference Price Found
LMT,2023-05-31,Leeder,Equities,444.01,0.0,444.010009765625,No Reference Price Found
NOC,2023-07-31,Magnum,Equities,443.07,0.0,443.07000732421875,No Reference Price Found
NOC,2023-01-31,Magnum,Equities,442.56,0.0,442.55999755859375,No Reference Price Found
KLAC,2023-05-31,Magnum,Equities,441.79,0.0,441.7900085449219,No Reference Price Found
NFLX,2023-06-30,Magnum,Equities,440.49,0.0,440.489990234375,No Reference Price Found
CTAS,2023-01-31,Belaware,Equities,440.31,0.0,440.30999755859375,No Reference Price Found
NFLX,2023-07-31,Magnum,Equities,438.97,0.0,438.9700012207031,No Reference Price Found
LMT,2023-08-31,Leeder,Equities,438.83,0.0,438.8299865722656,No Reference Price Found
CTAS,2023-02-28,Belaware,Equities,436.2,0.0,436.20001220703125,No Reference Price Found
AVGO,2022-09-30,Leeder,Equities,434.87,0.0,434.8699951171875,No Reference Price Found
NOC,2023-05-31,Magnum,Equities,433.61,0.0,433.6099853515625,No Reference Price Found
TDY,2023-02-28,Virtous,Equities,430.07,0.0,430.07000732421875,No Reference Price Found
LLY,2023-05-31,Belaware,Equities,428.54,0.0,428.5400085449219,No Reference Price Found
MCK,2023-06-30,Magnum,Equities,427.31,0.0,427.30999755859375,No Reference Price Found
EPAM,2022-08-31,rpt-Catalysm,Equities,426.5,0.0,426.5,No Reference Price Found
IDXX,2022-11-30,Magnum,Equities,425.87,0.0,425.8699951171875,No Reference Price Found
MPWR,2023-01-31,TT_monthly_Trustmind,Equities,424.88,0.0,424.8800048828125,No Reference Price Found
TDY,2023-01-31,Virtous,Equities,424.26,0.0,424.260009765625,No Reference Price Found
CTAS,2022-10-31,Belaware,Equities,423.15,0.0,423.1499938964844,No Reference Price Found
NVDA,2023-06-30,Magnum,Equities,423.02,0.0,423.0199890136719,No Reference Price Found
NOC,2023-08-31,Magnum,Equities,421.12,0.0,421.1199951171875,No Reference Price Found
TDY,2022-11-30,Virtous,Equities,420.1,0.0,420.1000061035156,No Reference Price Found
ULTA,2022-08-31,Fund Whitestone,Equities,419.87,0.0,419.8699951171875,No Reference Price Found
ODFL,2023-07-31,Applebead,Equities,419.49,0.0,419.489990234375,No Reference Price Found
ULTA,2022-10-31,Fund Whitestone,Equities,419.37,0.0,419.3699951171875,No Reference Price Found
ADBE,2023-05-31,Report-of-Gohen,Equities,417.79,0.0,417.7900085449219,No Reference Price Found
MSCI,2022-09-30,Leeder,Equities,417.37,0.0,417.3699951171875,No Reference Price Found
MCK,2023-08-31,Magnum,Equities,416.42,0.0,416.4200134277344,No Reference Price Found
TDY,2023-04-30,Virtous,Equities,414.4,0.0,414.3999938964844,No Reference Price Found
CHTR,2022-08-31,Leeder,Equities,412.63,0.0,412.6300048828125,No Reference Price Found
LMT,2022-08-31,rpt-Catalysm,Equities,412.12,0.0,412.1199951171875,No Reference Price Found
FICO,2022-09-30,Belaware,Equities,412.01,0.0,412.010009765625,No Reference Price Found
PH,2023-08-31,Belaware,Equities,411.47,0.0,411.4700012207031,No Reference Price Found
NFLX,2023-08-31,Magnum,Equities,411.13,0.0,411.1300048828125,No Reference Price Found
TDY,2023-06-30,Virtous,Equities,411.11,0.0,411.1099853515625,No Reference Price Found
ULTA,2023-05-31,Fund Whitestone,Equities,409.83,0.0,409.8299865722656,No Reference Price Found
PH,2023-07-31,Belaware,Equities,408.49,0.0,408.489990234375,No Reference Price Found
IDXX,2022-12-31,Magnum,Equities,407.96,0.0,407.9599914550781,No Reference Price Found
MA,2023-08-31,Leeder,Equities,407.85,0.0,407.8500061035156,No Reference Price Found
CHTR,2023-07-31,Leeder,Equities,405.19,0.0,405.19000244140625,No Reference Price Found
CTAS,2022-08-31,Belaware,Equities,402.65,0.0,402.6499938964844,No Reference Price Found
MCK,2023-07-31,Magnum,Equities,402.4,0.0,402.3999938964844,No Reference Price Found
ULTA,2022-09-30,Fund Whitestone,Equities,401.19,0.0,401.19000244140625,No Reference Price Found
ULTA,2023-08-31,Fund Whitestone,Equities,400.76,0.0,400.760009765625,No Reference Price Found
SPGI,2023-08-31,Belaware,Equities,400.34,0.0,400.3399963378906,No Reference Price Found
SPGI,2023-06-30,Belaware,Equities,399.96,0.0,399.9599914550781,No Reference Price Found
TDY,2022-12-31,Virtous,Equities,399.91,0.0,399.9100036621094,No Reference Price Found
MLM,2023-05-31,Magnum,Equities,398.04,0.0,398.0400085449219,No Reference Price Found
TDY,2023-08-31,Virtous,Equities,398.02,0.0,398.0199890136719,No Reference Price Found
TDY,2022-10-31,Virtous,Equities,397.98,0.0,397.9800109863281,No Reference Price Found
KLAC,2023-03-31,Magnum,Equities,396.75,0.0,396.75,No Reference Price Found
NFLX,2023-05-31,Magnum,Equities,395.23,0.0,395.2300109863281,No Reference Price Found
MA,2023-07-31,TT_monthly_Trustmind,Equities,394.28,0.0,394.2799987792969,No Reference Price Found
WST,2023-08-31,Belaware,Equities,394.2,0.0,394.20001220703125,No Reference Price Found
LLY,2023-04-30,Applebead,Equities,393.99,0.0,393.989990234375,No Reference Price Found
SPGI,2023-07-31,Belaware,Equities,393.59,0.0,393.5899963378906,No Reference Price Found
MA,2023-06-30,Wallington,Equities,392.73,0.0,392.7300109863281,No Reference Price Found
CHTR,2022-11-30,Leeder,Equities,391.29,0.0,391.2900085449219,No Reference Price Found
COO,2023-07-31,Belaware,Equities,391.26,0.0,391.260009765625,No Reference Price Found
MCK,2023-05-31,Magnum,Equities,390.84,0.0,390.8399963378906,No Reference Price Found
LIN,2023-07-31,Belaware,Equities,390.67,0.0,390.6700134277344,No Reference Price Found
KLAC,2022-11-30,Magnum,Equities,389.51,0.0,389.510009765625,No Reference Price Found
MKTX,2023-03-31,Belaware,Equities,389.31,0.0,389.30999755859375,No Reference Price Found
KLAC,2023-01-31,Magnum,Equities,388.84,0.0,388.8399963378906,No Reference Price Found
TDY,2023-05-31,Virtous,Equities,388.65,0.0,388.6499938964844,No Reference Price Found
PH,2023-06-30,Belaware,Equities,388.59,0.0,388.5899963378906,No Reference Price Found
LIN,2023-08-31,Belaware,Equities,387.95,0.0,387.95001220703125,No Reference Price Found
MCK,2022-10-31,Magnum,Equities,387.68,0.0,387.67999267578125,No Reference Price Found
ADBE,2023-03-31,Report-of-Gohen,Equities,385.37,0.0,385.3699951171875,No Reference Price Found
TDY,2023-07-31,Virtous,Equities,384.53,0.0,384.5299987792969,No Reference Price Found
CHTR,2023-01-31,Leeder,Equities,384.31,0.0,384.30999755859375,No Reference Price Found
CTAS,2022-09-30,Belaware,Equities,384.19,0.0,384.19000244140625,No Reference Price Found
KLAC,2023-04-30,Magnum,Equities,384.19,0.0,384.19000244140625,No Reference Price Found
POOL,2023-07-31,Wallington,Equities,383.64,0.0,383.6400146484375,No Reference Price Found
COO,2023-06-30,Belaware,Equities,383.4,0.0,383.3999938964844,No Reference Price Found
WST,2023-06-30,Belaware,Equities,382.28,0.0,382.2799987792969,No Reference Price Found
POOL,2023-01-31,Wallington,Equities,382.17,0.0,382.1700134277344,No Reference Price Found
COO,2023-04-30,Belaware,Equities,381.42,0.0,381.4200134277344,No Reference Price Found
LIN,2023-06-30,Belaware,Equities,381.08,0.0,381.0799865722656,No Reference Price Found
MCK,2022-11-30,Magnum,Equities,380.56,0.0,380.55999755859375,No Reference Price Found
EG,2023-02-28,Leeder,Equities,380.41,0.0,380.4100036621094,No Reference Price Found
MPWR,2022-11-30,TT_monthly_Trustmind,Equities,379.62,0.0,379.6199951171875,No Reference Price Found
MA,2023-04-30,Leeder,Equities,379.48,0.0,379.4800109863281,No Reference Price Found
LMT,2022-09-30,rpt-Catalysm,Equities,378.94,0.0,378.94000244140625,No Reference Price Found
NVDA,2023-05-31,Magnum,Equities,378.3,0.0,378.29998779296875,No Reference Price Found
ALGN,2023-07-31,Report-of-Gohen,Equities,377.89,0.0,377.8900146484375,No Reference Price Found
MCK,2023-01-31,Magnum,Equities,377.57,0.0,377.57000732421875,No Reference Price Found
ADBE,2023-04-30,Report-of-Gohen,Equities,377.56,0.0,377.55999755859375,No Reference Price Found
KLAC,2023-02-28,Magnum,Equities,377.08,0.0,377.0799865722656,No Reference Price Found
EG,2023-04-30,Leeder,Equities,376.23,0.0,376.2300109863281,No Reference Price Found
MCK,2022-12-31,Magnum,Equities,374.02,0.0,374.0199890136719,No Reference Price Found
POOL,2023-06-30,Wallington,Equities,373.57,0.0,373.57000732421875,No Reference Price Found
KLAC,2022-12-31,Magnum,Equities,373.54,0.0,373.5400085449219,No Reference Price Found
ADBE,2022-08-31,Report-of-Gohen,Equities,373.44,0.0,373.44000244140625,No Reference Price Found
COO,2023-03-31,Belaware,Equities,373.33,0.0,373.3299865722656,No Reference Price Found
ODFL,2023-08-31,Applebead,Equities,372.56,0.0,372.55999755859375,No Reference Price Found
SPGI,2023-01-31,Belaware,Equities,372.15,0.0,372.1499938964844,No Reference Price Found
COO,2023-05-31,Belaware,Equities,371.5,0.0,371.5,No Reference Price Found
ADBE,2023-01-31,Report-of-Gohen,Equities,370.34,0.0,370.3399963378906,No Reference Price Found
COO,2023-08-31,Belaware,Equities,369.81,0.0,369.80999755859375,No Reference Price Found
ODFL,2023-06-30,Applebead,Equities,369.75,0.0,369.75,No Reference Price Found
MA,2023-01-31,TT_monthly_Trustmind,Equities,369.49,0.0,369.489990234375,No Reference Price Found
CHTR,2023-04-30,Leeder,Equities,368.7,0.0,368.70001220703125,No Reference Price Found
EPAM,2022-11-30,rpt-Catalysm,Equities,368.58,0.0,368.5799865722656,No Reference Price Found
TDY,2022-08-31,Virtous,Equities,368.36,0.0,368.3599853515625,No Reference Price Found
LLY,2022-11-30,Applebead,Equities,368.13,0.0,368.1300048828125,No Reference Price Found
LIN,2023-04-30,Belaware,Equities,368.12,0.0,368.1199951171875,No Reference Price Found
WST,2023-07-31,Belaware,Equities,368.04,0.0,368.0400085449219,No Reference Price Found
CHTR,2022-10-31,Leeder,Equities,367.62,0.0,367.6199951171875,No Reference Price Found
CHTR,2023-02-28,Leeder,Equities,367.61,0.0,367.6099853515625,No Reference Price Found
CHTR,2023-06-30,Leeder,Equities,367.37,0.0,367.3699951171875,No Reference Price Found
SPGI,2023-05-31,Belaware,Equities,366.58,0.0,366.5799865722656,No Reference Price Found
MCK,2022-08-31,Magnum,Equities,365.41,0.0,365.4100036621094,No Reference Price Found
MLM,2022-11-30,Magnum,Equities,365.21,0.0,365.2099914550781,No Reference Price Found
VRTX,2023-08-31,Virtous,Equities,364.77,0.0,364.7699890136719,No Reference Price Found
MA,2023-05-31,Virtous,Equities,364.49,0.0,364.489990234375,No Reference Price Found
MCK,2023-04-30,Magnum,Equities,363.73,0.0,363.7300109863281,No Reference Price Found
LLY,2022-12-31,Applebead,Equities,362.94,0.0,362.94000244140625,No Reference Price Found
MLM,2023-04-30,Magnum,Equities,362.6,0.0,362.6000061035156,No Reference Price Found
MA,2023-03-31,Leeder,Equities,362.32,0.0,362.32000732421875,No Reference Price Found
EPAM,2022-09-30,rpt-Catalysm,Equities,362.19,0.0,362.19000244140625,No Reference Price Found
EG,2023-08-31,Leeder,Equities,362.13,0.0,362.1300048828125,No Reference Price Found
MKTX,2023-01-31,Belaware,Equities,361.26,0.0,361.260009765625,No Reference Price Found
MPWR,2022-09-30,TT_monthly_Trustmind,Equities,361.17,0.0,361.1700134277344,No Reference Price Found
WST,2023-04-30,Belaware,Equities,361.06,0.0,361.05999755859375,No Reference Price Found
SPGI,2023-04-30,Belaware,Equities,360.82,0.0,360.82000732421875,No Reference Price Found
EG,2023-07-31,Leeder,Equities,360.51,0.0,360.510009765625,No Reference Price Found
IDXX,2022-10-31,Magnum,Equities,359.68,0.0,359.67999267578125,No Reference Price Found
MLM,2023-02-28,Magnum,Equities,358.62,0.0,358.6199951171875,No Reference Price Found
MLM,2023-01-31,Magnum,Equities,358.39,0.0,358.3900146484375,No Reference Price Found
LLY,2022-10-31,Applebead,Equities,358.26,0.0,358.260009765625,No Reference Price Found
POOL,2023-08-31,Wallington,Equities,357.63,0.0,357.6300048828125,No Reference Price Found
CHTR,2023-03-31,Leeder,Equities,357.61,0.0,357.6099853515625,No Reference Price Found
EG,2023-03-31,Leeder,Equities,356.34,0.0,356.3399963378906,No Reference Price Found
MCK,2023-03-31,Magnum,Equities,355.55,0.0,355.54998779296875,No Reference Price Found
MA,2022-11-30,Virtous,Equities,354.75,0.0,354.75,No Reference Price Found
MLM,2023-03-31,Magnum,Equities,354.47,0.0,354.4700012207031,No Reference Price Found
MA,2023-02-28,rpt-Catalysm,Equities,354.22,0.0,354.2200012207031,No Reference Price Found
LIN,2023-03-31,Belaware,Equities,354.16,0.0,354.1600036621094,No Reference Price Found
NFLX,2023-01-31,Magnum,Equities,353.86,0.0,353.8599853515625,No Reference Price Found
POOL,2023-02-28,Wallington,Equities,353.68,0.0,353.67999267578125,No Reference Price Found
ALGN,2023-06-30,Report-of-Gohen,Equities,353.64,0.0,353.6400146484375,No Reference Price Found
IT,2023-07-31,Leeder,Equities,353.59,0.0,353.5899963378906,No Reference Price Found
LIN,2023-05-31,Belaware,Equities,352.38,0.0,352.3800048828125,No Reference Price Found
VRTX,2023-07-31,Virtous,Equities,352.34,0.0,352.3399963378906,No Reference Price Found
MPWR,2022-12-31,TT_monthly_Trustmind,Equities,352.22,0.0,352.2200012207031,No Reference Price Found
MCO,2023-07-31,Applebead,Equities,351.93,0.0,351.92999267578125,No Reference Price Found
VRTX,2023-06-30,Virtous,Equities,351.91,0.0,351.9100036621094,No Reference Price Found
GB00B4PTCY75,2022-11-30,Magnum,Government Bond,351.63,0.0,351.6300048828125,No Reference Price Found
GB00B4PTCY75,2022-10-31,Magnum,Government Bond,350.37,0.0,350.3699951171875,No Reference Price Found
IT,2022-11-30,Leeder,Equities,350.37,0.0,350.3699951171875,No Reference Price Found
IT,2023-06-30,Leeder,Equities,350.31,0.0,350.30999755859375,No Reference Price Found
GB00B4PTCY75,2022-12-31,Magnum,Government Bond,350.3,0.0,350.29998779296875,No Reference Price Found
GB00B4PTCY75,2022-08-31,Magnum,Government Bond,350.21,0.0,350.2099914550781,No Reference Price Found
SPGI,2022-11-30,Belaware,Equities,350.18,0.0,350.17999267578125,No Reference Price Found
GB00B4PTCY75,2023-02-28,Magnum,Government Bond,350.1,0.0,350.1000061035156,No Reference Price Found
GB00B4PTCY75,2023-05-31,Magnum,Government Bond,350.05,0.0,350.04998779296875,No Reference Price Found
GB00B4PTCY75,2023-07-31,Magnum,Government Bond,350.03,0.0,350.0299987792969,No Reference Price Found
GB00B4PTCY75,2023-04-30,Magnum,Government Bond,350.0,0.0,350.0,No Reference Price Found
EPAM,2022-10-31,rpt-Catalysm,Equities,350.0,0.0,350.0,No Reference Price Found
GB00B4PTCY75,2023-01-31,Magnum,Government Bond,349.87,0.0,349.8699951171875,No Reference Price Found
GB00B4PTCY75,2023-08-31,Magnum,Government Bond,349.72,0.0,349.7200012207031,No Reference Price Found
GB00B4PTCY75,2023-03-31,Magnum,Government Bond,349.6,0.0,349.6000061035156,No Reference Price Found
GB00B4PTCY75,2022-09-30,Magnum,Government Bond,349.42,0.0,349.4200134277344,No Reference Price Found
MCK,2023-02-28,Magnum,Equities,349.32,0.0,349.32000732421875,No Reference Price Found
POOL,2023-04-30,Wallington,Equities,349.19,0.0,349.19000244140625,No Reference Price Found
GB00B4PTCY75,2023-06-30,Magnum,Government Bond,349.19,0.0,349.19000244140625,No Reference Price Found
PH,2023-02-28,Belaware,Equities,348.96,0.0,348.9599914550781,No Reference Price Found
COO,2023-01-31,Belaware,Equities,348.9,0.0,348.8999938964844,No Reference Price Found
SPGI,2022-08-31,Belaware,Equities,348.73,0.0,348.7300109863281,No Reference Price Found
IT,2023-08-31,Leeder,Equities,348.01,0.0,348.010009765625,No Reference Price Found
IDXX,2022-08-31,Magnum,Equities,347.62,0.0,347.6199951171875,No Reference Price Found
AMP,2023-07-31,Magnum,Equities,347.12,0.0,347.1199951171875,No Reference Price Found
MCO,2023-06-30,Applebead,Equities,346.91,0.0,346.9100036621094,No Reference Price Found
WAT,2022-11-30,Applebead,Equities,346.6,0.0,346.6000061035156,No Reference Price Found
EG,2023-01-31,Leeder,Equities,346.45,0.0,346.45001220703125,No Reference Price Found
MA,2022-12-31,rpt-Catalysm,Equities,346.12,0.0,346.1199951171875,No Reference Price Found
WST,2023-03-31,Belaware,Equities,346.12,0.0,346.1199951171875,No Reference Price Found
AMP,2023-01-31,Magnum,Equities,345.88,0.0,345.8800048828125,No Reference Price Found
MLM,2022-08-31,Magnum,Equities,345.86,0.0,345.8599853515625,No Reference Price Found
LIN,2023-02-28,Belaware,Equities,345.82,0.0,345.82000732421875,No Reference Price Found
NFLX,2023-03-31,Magnum,Equities,345.48,0.0,345.4800109863281,No Reference Price Found
MSFT,2023-08-31,Fund Whitestone,Equities,345.36,0.0,345.3599853515625,No Reference Price Found
MCO,2023-08-31,Applebead,Equities,345.1,0.0,345.1000061035156,No Reference Price Found
ADBE,2022-11-30,Report-of-Gohen,Equities,344.93,0.0,344.92999267578125,No Reference Price Found
AON,2023-06-30,Belaware,Equities,344.54,0.0,344.5400085449219,No Reference Price Found
SPGI,2023-03-31,Belaware,Equities,343.1,0.0,343.1000061035156,No Reference Price Found
IT,2023-05-31,Leeder,Equities,342.86,0.0,342.8599853515625,No Reference Price Found
WAT,2022-12-31,Applebead,Equities,342.58,0.0,342.5799865722656,No Reference Price Found
ANSS,2023-07-31,Applebead,Equities,342.1,0.0,342.1000061035156,No Reference Price Found
EG,2023-06-30,Leeder,Equities,341.86,0.0,341.8599853515625,No Reference Price Found
LLY,2023-03-31,Belaware,Equities,341.8,0.0,341.79998779296875,No Reference Price Found
LLY,2023-01-31,Applebead,Equities,341.42,0.0,341.4200134277344,No Reference Price Found
VRTX,2023-04-30,Virtous,Equities,340.73,0.0,340.7300109863281,No Reference Price Found
ODFL,2023-03-31,Applebead,Equities,340.41,0.0,340.4100036621094,No Reference Price Found
POOL,2023-03-31,Wallington,Equities,340.37,0.0,340.3699951171875,No Reference Price Found
EG,2023-05-31,Leeder,Equities,340.02,0.0,340.0199890136719,No Reference Price Found
AMP,2023-02-28,Magnum,Equities,339.92,0.0,339.9200134277344,No Reference Price Found
MSFT,2023-06-30,Fund Whitestone,Equities,339.82,0.0,339.82000732421875,No Reference Price Found
KLAC,2022-08-31,Magnum,Equities,339.74,0.0,339.739990234375,No Reference Price Found
MKTX,2023-02-28,Belaware,Equities,339.72,0.0,339.7200012207031,No Reference Price Found
SPGI,2023-02-28,Belaware,Equities,339.55,0.0,339.54998779296875,No Reference Price Found
CHTR,2022-12-31,Leeder,Equities,339.1,0.0,339.1000061035156,No Reference Price Found
ODFL,2023-02-28,Applebead,Equities,338.83,0.0,338.8299865722656,No Reference Price Found
MCK,2022-09-30,Magnum,Equities,338.4,0.0,338.3999938964844,No Reference Price Found
IT,2023-01-31,Leeder,Equities,338.14,0.0,338.1400146484375,No Reference Price Found
TDY,2022-09-30,Virtous,Equities,337.47,0.0,337.4700012207031,No Reference Price Found
MPWR,2022-10-31,TT_monthly_Trustmind,Equities,337.37,0.0,337.3699951171875,No Reference Price Found
MLM,2022-12-31,Magnum,Equities,336.8,0.0,336.79998779296875,No Reference Price Found
ADBE,2022-12-31,Report-of-Gohen,Equities,336.53,0.0,336.5299987792969,No Reference Price Found
IT,2022-12-31,Leeder,Equities,336.14,0.0,336.1400146484375,No Reference Price Found
MSFT,2023-07-31,Fund Whitestone,Equities,335.21,0.0,335.2099914550781,No Reference Price Found
POOL,2022-08-31,Wallington,Equities,335.07,0.0,335.07000732421875,No Reference Price Found
ROK,2023-07-31,Applebead,Equities,334.96,0.0,334.9599914550781,No Reference Price Found
EG,2022-11-30,Leeder,Equities,334.81,0.0,334.80999755859375,No Reference Price Found
WST,2023-05-31,Belaware,Equities,334.46,0.0,334.4599914550781,No Reference Price Found
MLM,2022-10-31,Magnum,Equities,334.2,0.0,334.20001220703125,No Reference Price Found
ALGN,2023-03-31,Report-of-Gohen,Equities,334.14,0.0,334.1400146484375,No Reference Price Found
HD,2023-07-31,TT_monthly_Trustmind,Equities,333.84,0.0,333.8399963378906,No Reference Price Found
PH,2023-03-31,Belaware,Equities,333.34,0.0,333.3399963378906,No Reference Price Found
LIN,2022-11-30,Belaware,Equities,332.85,0.0,332.8500061035156,No Reference Price Found
ANSS,2023-03-31,Applebead,Equities,332.8,0.0,332.79998779296875,No Reference Price Found
EPAM,2023-01-31,rpt-Catalysm,Equities,332.65,0.0,332.6499938964844,No Reference Price Found
SPGI,2022-12-31,Belaware,Equities,332.45,0.0,332.45001220703125,No Reference Price Found
ODFL,2023-01-31,Applebead,Equities,332.43,0.0,332.42999267578125,No Reference Price Found
AMP,2023-06-30,Magnum,Equities,330.89,0.0,330.8900146484375,No Reference Price Found
COO,2022-12-31,Belaware,Equities,330.62,0.0,330.6199951171875,No Reference Price Found
ANSS,2023-06-30,Applebead,Equities,330.27,0.0,330.2699890136719,No Reference Price Found
NFLX,2023-04-30,Magnum,Equities,329.93,0.0,329.92999267578125,No Reference Price Found
WAT,2023-01-31,Applebead,Equities,328.58,0.0,328.5799865722656,No Reference Price Found
LIN,2023-01-31,Belaware,Equities,328.52,0.0,328.5199890136719,No Reference Price Found
CI,2022-12-31,Fund Whitestone,Equities,328.38,0.0,328.3800048828125,No Reference Price Found
EG,2022-12-31,Leeder,Equities,328.2,0.0,328.20001220703125,No Reference Price Found
ROK,2023-06-30,Applebead,Equities,328.15,0.0,328.1499938964844,No Reference Price Found
AMP,2022-11-30,Magnum,Equities,327.93,0.0,327.92999267578125,No Reference Price Found
IT,2023-02-28,Leeder,Equities,327.81,0.0,327.80999755859375,No Reference Price Found
EPAM,2022-12-31,rpt-Catalysm,Equities,327.74,0.0,327.739990234375,No Reference Price Found
MSFT,2023-05-31,Fund Whitestone,Equities,327.7,0.0,327.70001220703125,No Reference Price Found
GB00BD9MZZ71,2022-11-30,Report-of-Gohen,Government Bond,327.52,0.0,327.5199890136719,No Reference Price Found
COO,2023-02-28,Belaware,Equities,326.94,0.0,326.94000244140625,No Reference Price Found
MA,2022-10-31,Leeder,Equities,326.66,0.0,326.6600036621094,No Reference Price Found
POOL,2022-11-30,Wallington,Equities,326.47,0.0,326.4700012207031,No Reference Price Found
GB00BD9MZZ71,2022-10-31,Report-of-Gohen,Government Bond,326.34,0.0,326.3399963378906,No Reference Price Found
GB00BD9MZZ71,2022-12-31,Report-of-Gohen,Government Bond,326.28,0.0,326.2799987792969,No Reference Price Found
GB00BD9MZZ71,2022-08-31,Report-of-Gohen,Government Bond,326.19,0.0,326.19000244140625,No Reference Price Found
CHTR,2023-05-31,Leeder,Equities,326.15,0.0,326.1499938964844,No Reference Price Found
META,2023-08-31,Applebead,Equities,326.12,0.0,326.1199951171875,No Reference Price Found
GB00BD9MZZ71,2023-02-28,Report-of-Gohen,Government Bond,326.09,0.0,326.0899963378906,No Reference Price Found
GB00BD9MZZ71,2023-05-31,Report-of-Gohen,Government Bond,326.05,0.0,326.04998779296875,No Reference Price Found
GB00BD9MZZ71,2023-07-31,Report-of-Gohen,Government Bond,326.02,0.0,326.0199890136719,No Reference Price Found
GB00BD9MZZ71,2023-04-30,Report-of-Gohen,Government Bond,325.99,0.0,325.989990234375,No Reference Price Found
GB00BD9MZZ71,2023-01-31,Report-of-Gohen,Government Bond,325.88,0.0,325.8800048828125,No Reference Price Found
IDXX,2022-09-30,Magnum,Equities,325.8,0.0,325.79998779296875,No Reference Price Found
IT,2023-03-31,Leeder,Equities,325.77,0.0,325.7699890136719,No Reference Price Found
GB00BD9MZZ71,2023-08-31,Report-of-Gohen,Government Bond,325.74,0.0,325.739990234375,No Reference Price Found
GB00BD9MZZ71,2023-03-31,Report-of-Gohen,Government Bond,325.62,0.0,325.6199951171875,No Reference Price Found
GB00BD9MZZ71,2022-09-30,Report-of-Gohen,Government Bond,325.45,0.0,325.45001220703125,No Reference Price Found
ALGN,2023-04-30,Report-of-Gohen,Equities,325.3,0.0,325.29998779296875,No Reference Price Found
GB00BD9MZZ71,2023-06-30,Report-of-Gohen,Government Bond,325.25,0.0,325.25,No Reference Price Found
CI,2022-11-30,Fund Whitestone,Equities,324.84,0.0,324.8399963378906,No Reference Price Found
AON,2023-04-30,Belaware,Equities,324.55,0.0,324.54998779296875,No Reference Price Found
ADBE,2023-02-28,Report-of-Gohen,Equities,323.95,0.0,323.95001220703125,No Reference Price Found
LIN,2022-12-31,Belaware,Equities,323.79,0.0,323.7900085449219,No Reference Price Found
ANSS,2023-05-31,Applebead,Equities,323.59,0.0,323.5899963378906,No Reference Price Found
VRTX,2023-05-31,Virtous,Equities,323.57,0.0,323.57000732421875,No Reference Price Found
VRTX,2023-01-31,Virtous,Equities,323.1,0.0,323.1000061035156,No Reference Price Found
AON,2023-08-31,Belaware,Equities,322.54,0.0,322.5400085449219,No Reference Price Found
MA,2022-08-31,Leeder,Equities,322.35,0.0,322.3500061035156,No Reference Price Found
ACN,2023-08-31,Belaware,Equities,322.32,0.0,322.32000732421875,No Reference Price Found
PH,2023-04-30,Belaware,Equities,322.21,0.0,322.2099914550781,No Reference Price Found
NFLX,2023-02-28,Magnum,Equities,322.13,0.0,322.1300048828125,No Reference Price Found
PH,2023-01-31,Belaware,Equities,322.1,0.0,322.1000061035156,No Reference Price Found
AMP,2023-08-31,Magnum,Equities,321.88,0.0,321.8800048828125,No Reference Price Found
SBAC,2022-08-31,rpt-Catalysm,Equities,320.89,0.0,320.8900146484375,No Reference Price Found
ENPH,2022-11-30,Applebead,Equities,320.59,0.0,320.5899963378906,No Reference Price Found
MLM,2022-09-30,Magnum,Equities,320.38,0.0,320.3800048828125,No Reference Price Found
MCO,2023-01-31,Applebead,Equities,320.36,0.0,320.3599853515625,No Reference Price Found
HD,2023-08-31,TT_monthly_Trustmind,Equities,320.34,0.0,320.3399963378906,No Reference Price Found
ODFL,2023-04-30,Applebead,Equities,319.98,0.0,319.9800109863281,No Reference Price Found
PSA,2022-08-31,rpt-Catalysm,Equities,319.94,0.0,319.94000244140625,No Reference Price Found
LLY,2022-09-30,TT_monthly_Trustmind,Equities,319.93,0.0,319.92999267578125,No Reference Price Found
HD,2023-01-31,TT_monthly_Trustmind,Equities,319.54,0.0,319.5400085449219,No Reference Price Found
HD,2022-11-30,TT_monthly_Trustmind,Equities,319.36,0.0,319.3599853515625,No Reference Price Found
PH,2023-05-31,Belaware,Equities,319.25,0.0,319.25,No Reference Price Found
SEDG,2023-01-31,Applebead,Equities,319.13,0.0,319.1300048828125,No Reference Price Found
CI,2022-10-31,Fund Whitestone,Equities,319.08,0.0,319.0799865722656,No Reference Price Found
META,2023-07-31,Applebead,Equities,318.6,0.0,318.6000061035156,No Reference Price Found
AON,2023-07-31,Belaware,Equities,318.5,0.0,318.5,No Reference Price Found
ADBE,2022-10-31,Report-of-Gohen,Equities,318.5,0.0,318.5,No Reference Price Found
ALGN,2023-08-31,Report-of-Gohen,Equities,318.41,0.0,318.4100036621094,No Reference Price Found
SPGI,2022-10-31,Belaware,Equities,318.11,0.0,318.1099853515625,No Reference Price Found
EG,2022-10-31,Leeder,Equities,318.04,0.0,318.0400085449219,No Reference Price Found
SEDG,2023-02-28,Applebead,Equities,317.92,0.0,317.9200134277344,No Reference Price Found
AON,2023-01-31,Belaware,Equities,317.48,0.0,317.4800109863281,No Reference Price Found
MKTX,2023-04-30,Belaware,Equities,316.76,0.0,316.760009765625,No Reference Price Found
WST,2023-02-28,Belaware,Equities,316.71,0.0,316.7099914550781,No Reference Price Found
APD,2023-01-31,Belaware,Equities,316.61,0.0,316.6099853515625,No Reference Price Found
VRTX,2022-11-30,Virtous,Equities,316.4,0.0,316.3999938964844,No Reference Price Found
ACN,2023-07-31,Belaware,Equities,316.35,0.0,316.3500061035156,No Reference Price Found
COO,2022-11-30,Belaware,Equities,316.3,0.0,316.29998779296875,No Reference Price Found
MCO,2023-05-31,Applebead,Equities,316.14,0.0,316.1400146484375,No Reference Price Found
POOL,2023-05-31,Wallington,Equities,315.33,0.0,315.3299865722656,No Reference Price Found
VRTX,2023-03-31,Virtous,Equities,315.07,0.0,315.07000732421875,No Reference Price Found
POOL,2022-09-30,Wallington,Equities,314.35,0.0,314.3500061035156,No Reference Price Found
AON,2023-03-31,Belaware,Equities,314.1,0.0,314.1000061035156,No Reference Price Found
ANSS,2023-04-30,Applebead,Equities,313.92,0.0,313.9200134277344,No Reference Price Found
CI,2023-01-31,Fund Whitestone,Equities,313.84,0.0,313.8399963378906,No Reference Price Found
KLAC,2022-10-31,Magnum,Equities,312.41,0.0,312.4100036621094,No Reference Price Found
VRTX,2022-10-31,Virtous,Equities,312.0,0.0,312.0,No Reference Price Found
MCO,2023-04-30,Applebead,Equities,311.62,0.0,311.6199951171875,No Reference Price Found
HD,2022-12-31,TT_monthly_Trustmind,Equities,311.35,0.0,311.3500061035156,No Reference Price Found
ROK,2023-08-31,Applebead,Equities,311.24,0.0,311.239990234375,No Reference Price Found
WAT,2023-02-28,Applebead,Equities,310.89,0.0,310.8900146484375,No Reference Price Found
HD,2023-06-30,TT_monthly_Trustmind,Equities,310.64,0.0,310.6400146484375,No Reference Price Found
ODFL,2023-05-31,Applebead,Equities,310.04,0.0,310.0400085449219,No Reference Price Found
LLY,2023-02-28,Applebead,Equities,309.75,0.0,309.75,No Reference Price Found
WAT,2023-03-31,Applebead,Equities,309.63,0.0,309.6300048828125,No Reference Price Found
ALGN,2023-02-28,Report-of-Gohen,Equities,309.5,0.0,309.5,No Reference Price Found
AON,2023-05-31,Belaware,Equities,307.7,0.0,307.70001220703125,No Reference Price Found
EPAM,2023-02-28,rpt-Catalysm,Equities,307.65,0.0,307.6499938964844,No Reference Price Found
AMP,2022-12-31,Magnum,Equities,307.6,0.0,307.6000061035156,No Reference Price Found
ACN,2023-06-30,Belaware,Equities,307.46,0.0,307.4599914550781,No Reference Price Found
ENPH,2022-10-31,Applebead,Equities,307.0,0.0,307.0,No Reference Price Found
AON,2022-11-30,Belaware,Equities,306.58,0.0,306.5799865722656,No Reference Price Found
MSFT,2023-04-30,Fund Whitestone,Equities,305.94,0.0,305.94000244140625,No Reference Price Found
NFLX,2022-11-30,Magnum,Equities,305.53,0.0,305.5299987792969,No Reference Price Found
APD,2023-07-31,Belaware,Equities,305.33,0.0,305.3299865722656,No Reference Price Found
SYK,2023-06-30,Fund Whitestone,Equities,305.09,0.0,305.0899963378906,No Reference Price Found
ACN,2023-05-31,Belaware,Equities,304.81,0.0,304.80999755859375,No Reference Price Found
APD,2022-11-30,Belaware,Equities,304.8,0.0,304.79998779296875,No Reference Price Found
MCO,2023-03-31,Applebead,Equities,304.55,0.0,304.54998779296875,No Reference Price Found
APD,2022-12-31,Belaware,Equities,304.51,0.0,304.510009765625,No Reference Price Found
AMP,2022-10-31,Magnum,Equities,304.14,0.0,304.1400146484375,No Reference Price Found
SEDG,2023-03-31,Applebead,Equities,303.95,0.0,303.95001220703125,No Reference Price Found
AMP,2023-03-31,Magnum,Equities,303.86,0.0,303.8599853515625,No Reference Price Found
ANSS,2023-02-28,Applebead,Equities,303.61,0.0,303.6099853515625,No Reference Price Found
HCA,2023-06-30,Belaware,Equities,303.48,0.0,303.4800109863281,No Reference Price Found
CHTR,2022-09-30,Leeder,Equities,303.35,0.0,303.3500061035156,No Reference Price Found
AON,2023-02-28,Belaware,Equities,302.9,0.0,302.8999938964844,No Reference Price Found
AMP,2023-04-30,Magnum,Equities,302.5,0.0,302.5,No Reference Price Found
IT,2023-04-30,Leeder,Equities,302.46,0.0,302.4599914550781,No Reference Price Found
SPGI,2022-09-30,Belaware,Equities,302.36,0.0,302.3599853515625,No Reference Price Found
IT,2022-10-31,Leeder,Equities,301.92,0.0,301.9200134277344,No Reference Price Found
ODFL,2022-11-30,Applebead,Equities,301.56,0.0,301.55999755859375,No Reference Price Found
PSA,2022-10-31,rpt-Catalysm,Equities,301.33,0.0,301.3299865722656,No Reference Price Found
POOL,2022-10-31,Wallington,Equities,300.54,0.0,300.5400085449219,No Reference Price Found
WAT,2023-04-30,Applebead,Equities,300.36,0.0,300.3599853515625,No Reference Price Found
POOL,2022-12-31,Wallington,Equities,299.63,0.0,299.6300048828125,No Reference Price Found
APD,2023-06-30,Belaware,Equities,299.53,0.0,299.5299987792969,No Reference Price Found
WAT,2022-10-31,Applebead,Equities,299.17,0.0,299.1700134277344,No Reference Price Found
EPAM,2023-03-31,rpt-Catalysm,Equities,299.0,0.0,299.0,No Reference Price Found
PSA,2023-03-31,rpt-Catalysm,Equities,298.99,0.0,298.989990234375,No Reference Price Found
SYK,2023-04-30,Fund Whitestone,Equities,298.9,0.0,298.8999938964844,No Reference Price Found
SEDG,2022-11-30,Applebead,Equities,298.86,0.0,298.8599853515625,No Reference Price Found
KLAC,2022-09-30,Magnum,Equities,298.77,0.0,298.7699890136719,No Reference Price Found
WAT,2022-08-31,Applebead,Equities,298.6,0.0,298.6000061035156,No Reference Price Found
AON,2022-12-31,Belaware,Equities,298.48,0.0,298.4800109863281,No Reference Price Found
HD,2023-04-30,TT_monthly_Trustmind,Equities,298.39,0.0,298.3900146484375,No Reference Price Found
PSA,2023-01-31,rpt-Catalysm,Equities,298.05,0.0,298.04998779296875,No Reference Price Found
LLY,2022-08-31,Applebead,Equities,298.04,0.0,298.0400085449219,No Reference Price Found
ACN,2022-11-30,Belaware,Equities,297.45,0.0,297.45001220703125,No Reference Price Found
AMP,2023-05-31,Magnum,Equities,297.33,0.0,297.3299865722656,No Reference Price Found
MCO,2022-11-30,Applebead,Equities,296.06,0.0,296.05999755859375,No Reference Price Found
ANSS,2023-08-31,Applebead,Equities,296.03,0.0,296.0299987792969,No Reference Price Found
SBAC,2022-11-30,rpt-Catalysm,Equities,296.0,0.0,296.0,No Reference Price Found
WST,2022-08-31,Belaware,Equities,295.93,0.0,295.92999267578125,No Reference Price Found
PH,2022-11-30,Belaware,Equities,295.36,0.0,295.3599853515625,No Reference Price Found
CI,2023-07-31,Fund Whitestone,Equities,295.1,0.0,295.1000061035156,No Reference Price Found
NFLX,2022-12-31,Magnum,Equities,294.88,0.0,294.8800048828125,No Reference Price Found
SBAC,2023-01-31,rpt-Catalysm,Equities,294.25,0.0,294.25,No Reference Price Found
LIN,2022-10-31,Belaware,Equities,294.15,0.0,294.1499938964844,No Reference Price Found
APD,2023-08-31,Belaware,Equities,293.87,0.0,293.8699951171875,No Reference Price Found
HD,2023-03-31,TT_monthly_Trustmind,Equities,293.01,0.0,293.010009765625,No Reference Price Found
PSA,2023-02-28,rpt-Catalysm,Equities,292.77,0.0,292.7699890136719,No Reference Price Found
APD,2023-04-30,Belaware,Equities,292.61,0.0,292.6099853515625,No Reference Price Found
ROK,2023-02-28,Applebead,Equities,292.49,0.0,292.489990234375,No Reference Price Found
HD,2023-02-28,TT_monthly_Trustmind,Equities,292.3,0.0,292.29998779296875,No Reference Price Found
PSA,2023-06-30,rpt-Catalysm,Equities,291.88,0.0,291.8800048828125,No Reference Price Found
NFLX,2022-10-31,Magnum,Equities,291.88,0.0,291.8800048828125,No Reference Price Found
PSA,2023-04-30,rpt-Catalysm,Equities,291.76,0.0,291.760009765625,No Reference Price Found
ROK,2023-03-31,Applebead,Equities,291.02,0.0,291.0199890136719,No Reference Price Found
VRTX,2023-02-28,Virtous,Equities,290.29,0.0,290.2900085449219,No Reference Price Found
HD,2022-10-31,TT_monthly_Trustmind,Equities,290.14,0.0,290.1400146484375,No Reference Price Found
PSA,2022-11-30,rpt-Catalysm,Equities,289.86,0.0,289.8599853515625,No Reference Price Found
VRTX,2022-09-30,Virtous,Equities,289.54,0.0,289.5400085449219,No Reference Price Found
CI,2023-02-28,Fund Whitestone,Equities,289.49,0.0,289.489990234375,No Reference Price Found
VRTX,2022-12-31,Virtous,Equities,288.78,0.0,288.7799987792969,No Reference Price Found
MCO,2023-02-28,Applebead,Equities,288.76,0.0,288.760009765625,No Reference Price Found
PH,2022-12-31,Belaware,Equities,287.52,0.0,287.5199890136719,No Reference Price Found
COO,2022-08-31,Belaware,Equities,287.39,0.0,287.3900146484375,No Reference Price Found
MSFT,2023-03-31,Fund Whitestone,Equities,287.06,0.0,287.05999755859375,No Reference Price Found
META,2023-06-30,rpt-Catalysm,Equities,286.98,0.0,286.9800109863281,No Reference Price Found
HCA,2023-04-30,Belaware,Equities,286.72,0.0,286.7200012207031,No Reference Price Found
SNA,2023-06-30,Virtous,Equities,286.45,0.0,286.45001220703125,No Reference Price Found
ENPH,2022-08-31,Applebead,Equities,286.44,0.0,286.44000244140625,No Reference Price Found
PH,2022-10-31,Belaware,Equities,285.82,0.0,285.82000732421875,No Reference Price Found
SEDG,2023-04-30,Applebead,Equities,285.63,0.0,285.6300048828125,No Reference Price Found
APD,2023-03-31,Belaware,Equities,285.5,0.0,285.5,No Reference Price Found
IT,2022-08-31,Leeder,Equities,285.32,0.0,285.32000732421875,No Reference Price Found
PSA,2022-09-30,rpt-Catalysm,Equities,284.85,0.0,284.8500061035156,No Reference Price Found
SEDG,2023-05-31,Applebead,Equities,284.83,0.0,284.8299865722656,No Reference Price Found
SYK,2023-03-31,Fund Whitestone,Equities,284.76,0.0,284.760009765625,No Reference Price Found
ACN,2022-08-31,Belaware,Equities,283.86,0.0,283.8599853515625,No Reference Price Found
ACN,2023-03-31,Belaware,Equities,283.66,0.0,283.6600036621094,No Reference Price Found
HD,2023-05-31,TT_monthly_Trustmind,Equities,283.45,0.0,283.45001220703125,No Reference Price Found
SYK,2023-07-31,Fund Whitestone,Equities,283.41,0.0,283.4100036621094,No Reference Price Found
SEDG,2022-12-31,Applebead,Equities,283.27,0.0,283.2699890136719,No Reference Price Found
ODFL,2022-12-31,Applebead,Equities,283.09,0.0,283.0899963378906,No Reference Price Found
ALGN,2023-05-31,Report-of-Gohen,Equities,282.66,0.0,282.6600036621094,No Reference Price Found
HD,2022-08-31,TT_monthly_Trustmind,Equities,282.59,0.0,282.5899963378906,No Reference Price Found
MA,2022-09-30,Leeder,Equities,282.57,0.0,282.57000732421875,No Reference Price Found
APD,2023-02-28,Belaware,Equities,282.5,0.0,282.5,No Reference Price Found
EPAM,2023-04-30,rpt-Catalysm,Equities,282.44,0.0,282.44000244140625,No Reference Price Found
CI,2023-08-31,Fund Whitestone,Equities,282.31,0.0,282.30999755859375,No Reference Price Found
VRTX,2022-08-31,Virtous,Equities,281.76,0.0,281.760009765625,No Reference Price Found
PSA,2023-07-31,rpt-Catalysm,Equities,281.75,0.0,281.75,No Reference Price Found
MCO,2022-08-31,Applebead,Equities,281.74,0.0,281.739990234375,No Reference Price Found
ROK,2023-04-30,Applebead,Equities,281.06,0.0,281.05999755859375,No Reference Price Found
SBAC,2022-09-30,rpt-Catalysm,Equities,280.83,0.0,280.8299865722656,No Reference Price Found
ACN,2022-10-31,Belaware,Equities,280.62,0.0,280.6199951171875,No Reference Price Found
CI,2023-06-30,Fund Whitestone,Equities,280.6,0.0,280.6000061035156,No Reference Price Found
ALB,2023-01-31,TT_monthly_Trustmind,Equities,280.43,0.0,280.42999267578125,No Reference Price Found
PSA,2023-05-31,rpt-Catalysm,Equities,280.35,0.0,280.3500061035156,No Reference Price Found
PSA,2023-08-31,rpt-Catalysm,Equities,280.23,0.0,280.2300109863281,No Reference Price Found
AON,2022-10-31,Belaware,Equities,279.94,0.0,279.94000244140625,No Reference Price Found
ACN,2023-04-30,Belaware,Equities,279.28,0.0,279.2799987792969,No Reference Price Found
CI,2022-08-31,Fund Whitestone,Equities,278.86,0.0,278.8599853515625,No Reference Price Found
LIN,2022-08-31,Belaware,Equities,278.65,0.0,278.6499938964844,No Reference Price Found
ROK,2023-01-31,Applebead,Equities,278.58,0.0,278.5799865722656,No Reference Price Found
ALB,2022-10-31,TT_monthly_Trustmind,Equities,278.41,0.0,278.4100036621094,No Reference Price Found
NVDA,2023-03-31,Magnum,Equities,277.74,0.0,277.739990234375,No Reference Price Found
ROK,2023-05-31,Applebead,Equities,277.5,0.0,277.5,No Reference Price Found
ENPH,2022-09-30,Applebead,Equities,277.47,0.0,277.4700012207031,No Reference Price Found
NVDA,2023-04-30,Magnum,Equities,277.46,0.0,277.4599914550781,No Reference Price Found
SBAC,2022-12-31,rpt-Catalysm,Equities,277.22,0.0,277.2200012207031,No Reference Price Found
AON,2022-08-31,Belaware,Equities,277.18,0.0,277.17999267578125,No Reference Price Found
ACN,2023-01-31,Belaware,Equities,276.95,0.0,276.95001220703125,No Reference Price Found
MKTX,2022-12-31,Belaware,Equities,276.91,0.0,276.9100036621094,No Reference Price Found
IT,2022-09-30,Leeder,Equities,276.69,0.0,276.69000244140625,No Reference Price Found
MCO,2022-12-31,Applebead,Equities,276.56,0.0,276.55999755859375,No Reference Price Found
ALB,2022-11-30,TT_monthly_Trustmind,Equities,276.54,0.0,276.5400085449219,No Reference Price Found
WAT,2023-07-31,Applebead,Equities,276.21,0.0,276.2099914550781,No Reference Price Found
HCA,2023-08-31,Belaware,Equities,276.0,0.0,276.0,No Reference Price Found
SEDG,2022-08-31,Applebead,Equities,275.97,0.0,275.9700012207031,No Reference Price Found
SHW,2023-07-31,Leeder,Equities,275.89,0.0,275.8900146484375,No Reference Price Found
ADBE,2022-09-30,Report-of-Gohen,Equities,275.2,0.0,275.20001220703125,No Reference Price Found
SYK,2023-05-31,Fund Whitestone,Equities,274.89,0.0,274.8900146484375,No Reference Price Found
SYK,2023-08-31,Fund Whitestone,Equities,274.78,0.0,274.7799987792969,No Reference Price Found
PSA,2022-12-31,rpt-Catalysm,Equities,274.4,0.0,274.3999938964844,No Reference Price Found
GB00B3MYD345,2022-11-30,Fund Whitestone,Government Bond,274.31,0.0,274.30999755859375,No Reference Price Found
CI,2022-09-30,Fund Whitestone,Equities,274.05,0.0,274.04998779296875,No Reference Price Found
ODFL,2022-10-31,Applebead,Equities,273.65,0.0,273.6499938964844,No Reference Price Found
GB00B3MYD345,2022-12-31,Fund Whitestone,Government Bond,273.38,0.0,273.3800048828125,No Reference Price Found
COO,2022-10-31,Belaware,Equities,273.34,0.0,273.3399963378906,No Reference Price Found
GB00B3MYD345,2022-08-31,Fund Whitestone,Government Bond,273.25,0.0,273.25,No Reference Price Found
GB00B3MYD345,2023-02-28,Fund Whitestone,Government Bond,273.12,0.0,273.1199951171875,No Reference Price Found
GB00B3MYD345,2023-05-31,Fund Whitestone,Government Bond,273.11,0.0,273.1099853515625,No Reference Price Found
GB00B3MYD345,2023-04-30,Fund Whitestone,Government Bond,273.07,0.0,273.07000732421875,No Reference Price Found
GB00B3MYD345,2022-10-31,Fund Whitestone,Government Bond,273.07,0.0,273.07000732421875,No Reference Price Found
GB00B3MYD345,2023-07-31,Fund Whitestone,Government Bond,273.02,0.0,273.0199890136719,No Reference Price Found
GB00B3MYD345,2023-01-31,Fund Whitestone,Government Bond,272.96,0.0,272.9599914550781,No Reference Price Found
GB00B3MYD345,2023-08-31,Fund Whitestone,Government Bond,272.85,0.0,272.8500061035156,No Reference Price Found
HCA,2023-07-31,Belaware,Equities,272.81,0.0,272.80999755859375,No Reference Price Found
GB00B3MYD345,2023-03-31,Fund Whitestone,Government Bond,272.74,0.0,272.739990234375,No Reference Price Found
GB00B73ZYW09,2022-11-30,Magnum,Government Bond,272.68,0.0,272.67999267578125,No Reference Price Found
GB00B3MYD345,2022-09-30,Fund Whitestone,Government Bond,272.56,0.0,272.55999755859375,No Reference Price Found
DHR,2022-11-30,Belaware,Equities,272.53,0.0,272.5299987792969,No Reference Price Found
GB00B3MYD345,2023-06-30,Fund Whitestone,Government Bond,272.39,0.0,272.3900146484375,No Reference Price Found
GB00B73ZYW09,2022-10-31,Magnum,Government Bond,271.95,0.0,271.95001220703125,No Reference Price Found
STZ,2023-07-31,Fund Whitestone,Equities,271.9,0.0,271.8999938964844,No Reference Price Found
TFX,2023-04-30,Report-of-Gohen,Equities,271.74,0.0,271.739990234375,No Reference Price Found
MKTX,2023-05-31,Belaware,Equities,271.68,0.0,271.67999267578125,No Reference Price Found
GB00B73ZYW09,2022-12-31,Magnum,Government Bond,271.54,0.0,271.5400085449219,No Reference Price Found
GB00B73ZYW09,2022-08-31,Magnum,Government Bond,271.52,0.0,271.5199890136719,No Reference Price Found
GB00B73ZYW09,2023-02-28,Magnum,Government Bond,271.49,0.0,271.489990234375,No Reference Price Found
GB00B73ZYW09,2023-07-31,Magnum,Government Bond,271.47,0.0,271.4700012207031,No Reference Price Found
GB00B73ZYW09,2023-05-31,Magnum,Government Bond,271.41,0.0,271.4100036621094,No Reference Price Found
GB00B73ZYW09,2023-04-30,Magnum,Government Bond,271.37,0.0,271.3699951171875,No Reference Price Found
GB00B73ZYW09,2023-01-31,Magnum,Government Bond,271.29,0.0,271.2900085449219,No Reference Price Found
GB00B73ZYW09,2023-08-31,Magnum,Government Bond,271.17,0.0,271.1700134277344,No Reference Price Found
GB00B73ZYW09,2023-03-31,Magnum,Government Bond,271.09,0.0,271.0899963378906,No Reference Price Found
GB00B73ZYW09,2022-09-30,Magnum,Government Bond,270.98,0.0,270.9800109863281,No Reference Price Found
GB00B73ZYW09,2023-06-30,Magnum,Government Bond,270.8,0.0,270.79998779296875,No Reference Price Found
SNA,2023-07-31,Virtous,Equities,270.79,0.0,270.7900085449219,No Reference Price Found
HSY,2023-04-30,Belaware,Equities,270.53,0.0,270.5299987792969,No Reference Price Found
HD,2022-09-30,TT_monthly_Trustmind,Equities,270.36,0.0,270.3599853515625,No Reference Price Found
ODFL,2022-08-31,Applebead,Equities,270.17,0.0,270.1700134277344,No Reference Price Found
ALGN,2023-01-31,Report-of-Gohen,Equities,269.73,0.0,269.7300109863281,No Reference Price Found
WAT,2022-09-30,Applebead,Equities,269.53,0.0,269.5299987792969,No Reference Price Found
SEDG,2023-06-30,Leeder,Equities,269.05,0.0,269.04998779296875,No Reference Price Found
CAT,2023-08-31,Virtous,Equities,268.85,0.0,268.8500061035156,No Reference Price Found
DHR,2022-08-31,Belaware,Equities,268.79,0.0,268.7900085449219,No Reference Price Found
MKTX,2023-07-31,Belaware,Equities,268.5,0.0,268.5,No Reference Price Found
APD,2023-05-31,Belaware,Equities,267.54,0.0,267.5400085449219,No Reference Price Found
LIN,2022-09-30,Belaware,Equities,266.68,0.0,266.67999267578125,No Reference Price Found
WAT,2023-06-30,Applebead,Equities,266.54,0.0,266.5400085449219,No Reference Price Found
ANSS,2023-01-31,Applebead,Equities,266.36,0.0,266.3599853515625,No Reference Price Found
SBAC,2022-10-31,rpt-Catalysm,Equities,266.28,0.0,266.2799987792969,No Reference Price Found
ALB,2022-08-31,TT_monthly_Trustmind,Equities,266.22,0.0,266.2200012207031,No Reference Price Found
MKTX,2022-11-30,Belaware,Equities,266.01,0.0,266.010009765625,No Reference Price Found
AON,2022-09-30,Belaware,Equities,265.87,0.0,265.8699951171875,No Reference Price Found
WAT,2023-08-31,Applebead,Equities,265.64,0.0,265.6400146484375,No Reference Price Found
WST,2023-01-31,Belaware,Equities,265.33,0.0,265.3299865722656,No Reference Price Found
EG,2022-08-31,Leeder,Equities,265.2,0.0,265.20001220703125,No Reference Price Found
CAT,2023-07-31,Virtous,Equities,265.17,0.0,265.1700134277344,No Reference Price Found
ENPH,2022-12-31,Applebead,Equities,264.96,0.0,264.9599914550781,No Reference Price Found
SHW,2023-06-30,Leeder,Equities,264.93,0.0,264.92999267578125,No Reference Price Found
DHR,2022-12-31,Belaware,Equities,264.83,0.0,264.8299865722656,No Reference Price Found
META,2023-05-31,Applebead,Equities,264.72,0.0,264.7200012207031,No Reference Price Found
SNA,2023-08-31,Virtous,Equities,264.09,0.0,264.0899963378906,No Reference Price Found
COO,2022-09-30,Belaware,Equities,263.86,0.0,263.8599853515625,No Reference Price Found
STZ,2023-08-31,Fund Whitestone,Equities,263.83,0.0,263.8299865722656,No Reference Price Found
DHR,2023-01-31,Belaware,Equities,263.79,0.0,263.7900085449219,No Reference Price Found
ACN,2022-12-31,Belaware,Equities,263.76,0.0,263.760009765625,No Reference Price Found
AMP,2022-08-31,Magnum,Equities,263.69,0.0,263.69000244140625,No Reference Price Found
HCA,2023-05-31,Belaware,Equities,263.63,0.0,263.6300048828125,No Reference Price Found
ACN,2023-02-28,Belaware,Equities,263.55,0.0,263.54998779296875,No Reference Price Found
ITW,2023-07-31,TT_monthly_Trustmind,Equities,263.32,0.0,263.32000732421875,No Reference Price Found
HCA,2023-03-31,Belaware,Equities,263.12,0.0,263.1199951171875,No Reference Price Found
ALB,2022-09-30,TT_monthly_Trustmind,Equities,263.06,0.0,263.05999755859375,No Reference Price Found
SHW,2023-08-31,Leeder,Equities,262.7,0.0,262.70001220703125,No Reference Price Found
MCO,2022-10-31,Applebead,Equities,262.28,0.0,262.2799987792969,No Reference Price Found
SYK,2023-02-28,Fund Whitestone,Equities,261.52,0.0,261.5199890136719,No Reference Price Found
ROK,2022-11-30,Applebead,Equities,260.99,0.0,260.989990234375,No Reference Price Found
MKTX,2023-06-30,Belaware,Equities,260.72,0.0,260.7200012207031,No Reference Price Found
PH,2022-08-31,Belaware,Equities,260.62,0.0,260.6199951171875,No Reference Price Found
ADP,2023-08-31,Belaware,Equities,260.0,0.0,260.0,No Reference Price Found
ADP,2022-11-30,Belaware,Equities,259.88,0.0,259.8800048828125,No Reference Price Found
SBAC,2023-03-31,rpt-Catalysm,Equities,259.07,0.0,259.07000732421875,No Reference Price Found
MSFT,2022-08-31,Fund Whitestone,Equities,258.97,0.0,258.9700012207031,No Reference Price Found
SBAC,2023-04-30,rpt-Catalysm,Equities,258.89,0.0,258.8900146484375,No Reference Price Found
EG,2022-09-30,Leeder,Equities,258.68,0.0,258.67999267578125,No Reference Price Found
HSY,2023-05-31,Belaware,Equities,258.29,0.0,258.2900085449219,No Reference Price Found
DHR,2022-09-30,Belaware,Equities,257.46,0.0,257.4599914550781,No Reference Price Found
EPAM,2023-05-31,rpt-Catalysm,Equities,256.62,0.0,256.6199951171875,No Reference Price Found
SBAC,2023-02-28,rpt-Catalysm,Equities,256.49,0.0,256.489990234375,No Reference Price Found
SNA,2023-04-30,Virtous,Equities,256.22,0.0,256.2200012207031,No Reference Price Found
PANW,2023-06-30,Report-of-Gohen,Equities,255.51,0.0,255.50999450683594,No Reference Price Found
DHR,2023-07-31,Belaware,Equities,255.06,0.0,255.05999755859375,No Reference Price Found
STZ,2022-11-30,Fund Whitestone,Equities,254.62,0.0,254.6199951171875,No Reference Price Found
ESS,2022-08-31,TT_monthly_Trustmind,Equities,254.46,0.0,254.4600067138672,No Reference Price Found
ROK,2022-12-31,Applebead,Equities,254.42,0.0,254.4199981689453,No Reference Price Found
CI,2023-03-31,Fund Whitestone,Equities,254.33,0.0,254.3300018310547,No Reference Price Found
ANSS,2022-11-30,Applebead,Equities,254.3,0.0,254.3000030517578,No Reference Price Found
HCA,2023-01-31,Belaware,Equities,253.91,0.0,253.91000366210938,No Reference Price Found
MSFT,2022-11-30,Fund Whitestone,Equities,253.41,0.0,253.41000366210938,No Reference Price Found
ALB,2023-02-28,TT_monthly_Trustmind,Equities,253.39,0.0,253.38999938964844,No Reference Price Found
ACN,2022-09-30,Belaware,Equities,253.2,0.0,253.1999969482422,No Reference Price Found
TFX,2023-03-31,Report-of-Gohen,Equities,252.59,0.0,252.58999633789062,No Reference Price Found
SYK,2023-01-31,Fund Whitestone,Equities,252.5,0.0,252.5,No Reference Price Found
WTW,2023-01-31,Leeder,Equities,252.35,0.0,252.35000610351562,No Reference Price Found
CI,2023-04-30,Fund Whitestone,Equities,252.1,0.0,252.10000610351562,No Reference Price Found
HSY,2023-03-31,Belaware,Equities,252.05,0.0,252.0500030517578,No Reference Price Found
NSC,2022-11-30,Fund Whitestone,Equities,251.93,0.0,251.92999267578125,No Reference Price Found
DHR,2023-03-31,Belaware,Equities,251.75,0.0,251.75,No Reference Price Found
HII,2022-10-31,TT_monthly_Trustmind,Equities,251.27,0.0,251.27000427246094,No Reference Price Found
WAT,2023-05-31,Applebead,Equities,251.22,0.0,251.22000122070312,No Reference Price Found
ROK,2022-10-31,Applebead,Equities,251.0,0.0,251.0,No Reference Price Found
NDSN,2023-07-31,Virtous,Equities,250.87,0.0,250.8699951171875,No Reference Price Found
DHR,2022-10-31,Belaware,Equities,250.86,0.0,250.86000061035156,No Reference Price Found
TFX,2023-07-31,Report-of-Gohen,Equities,250.79,0.0,250.7899932861328,No Reference Price Found
ITW,2023-08-31,TT_monthly_Trustmind,Equities,250.37,0.0,250.3699951171875,No Reference Price Found
ITW,2023-06-30,TT_monthly_Trustmind,Equities,250.16,0.0,250.16000366210938,No Reference Price Found
PANW,2023-07-31,Report-of-Gohen,Equities,249.96,0.0,249.9600067138672,No Reference Price Found
CAT,2023-01-31,Virtous,Equities,249.69,0.0,249.69000244140625,No Reference Price Found
TFX,2022-12-31,Report-of-Gohen,Equities,248.55,0.0,248.5500030517578,No Reference Price Found
MSFT,2023-02-28,Fund Whitestone,Equities,248.35,0.0,248.35000610351562,No Reference Price Found
HSY,2023-06-30,Belaware,Equities,248.34,0.0,248.33999633789062,No Reference Price Found
ANSS,2022-08-31,Applebead,Equities,248.3,0.0,248.3000030517578,No Reference Price Found
GD,2022-11-30,Virtous,Equities,248.07,0.0,248.07000732421875,No Reference Price Found
ODFL,2022-09-30,Applebead,Equities,247.91,0.0,247.91000366210938,No Reference Price Found
AMP,2022-09-30,Magnum,Equities,247.89,0.0,247.88999938964844,No Reference Price Found
NDSN,2023-06-30,Virtous,Equities,247.45,0.0,247.4499969482422,No Reference Price Found
SNA,2023-05-31,Virtous,Equities,247.35,0.0,247.35000610351562,No Reference Price Found
SHW,2022-11-30,Leeder,Equities,247.29,0.0,247.2899932861328,No Reference Price Found
ADP,2023-07-31,Belaware,Equities,247.26,0.0,247.25999450683594,No Reference Price Found
DHR,2023-02-28,Belaware,Equities,246.98,0.0,246.97999572753906,No Reference Price Found
AMT,2022-08-31,Fund Whitestone,Equities,246.49,0.0,246.49000549316406,No Reference Price Found
ESS,2023-08-31,TT_monthly_Trustmind,Equities,246.44,0.0,246.44000244140625,No Reference Price Found
APD,2022-08-31,Belaware,Equities,246.35,0.0,246.35000610351562,No Reference Price Found
CI,2023-05-31,Fund Whitestone,Equities,246.25,0.0,246.25,No Reference Price Found
MSFT,2023-01-31,Fund Whitestone,Equities,246.13,0.0,246.1300048828125,No Reference Price Found
MKTX,2022-08-31,Belaware,Equities,246.11,0.0,246.11000061035156,No Reference Price Found
APD,2022-10-31,Belaware,Equities,246.07,0.0,246.07000732421875,No Reference Price Found
SNA,2023-02-28,Virtous,Equities,245.62,0.0,245.6199951171875,No Reference Price Found
GD,2022-10-31,Virtous,Equities,245.53,0.0,245.52999877929688,No Reference Price Found
WST,2022-09-30,Belaware,Equities,245.45,0.0,245.4499969482422,No Reference Price Found
STZ,2023-06-30,Fund Whitestone,Equities,245.32,0.0,245.32000732421875,No Reference Price Found
CAT,2023-06-30,Virtous,Equities,244.83,0.0,244.8300018310547,No Reference Price Found
DHR,2023-08-31,Belaware,Equities,244.33,0.0,244.3300018310547,No Reference Price Found
SNA,2023-01-31,Virtous,Equities,244.05,0.0,244.0500030517578,No Reference Price Found
GD,2022-12-31,Virtous,Equities,243.86,0.0,243.86000061035156,No Reference Price Found
SNA,2023-03-31,Virtous,Equities,243.85,0.0,243.85000610351562,No Reference Price Found
ALGN,2022-08-31,Report-of-Gohen,Equities,243.7,0.0,243.6999969482422,No Reference Price Found
STZ,2022-10-31,Fund Whitestone,Equities,243.65,0.0,243.64999389648438,No Reference Price Found
ESS,2023-07-31,TT_monthly_Trustmind,Equities,243.55,0.0,243.5500030517578,No Reference Price Found
WTW,2022-11-30,Leeder,Equities,243.55,0.0,243.5500030517578,No Reference Price Found
CRL,2023-01-31,Applebead,Equities,243.25,0.0,243.25,No Reference Price Found
SYK,2022-12-31,Fund Whitestone,Equities,243.22,0.0,243.22000122070312,No Reference Price Found
WTW,2022-12-31,Leeder,Equities,242.81,0.0,242.80999755859375,No Reference Price Found
STZ,2022-08-31,Fund Whitestone,Equities,242.63,0.0,242.6300048828125,No Reference Price Found
EPAM,2023-08-31,rpt-Catalysm,Equities,242.58,0.0,242.5800018310547,No Reference Price Found
TFX,2023-01-31,Report-of-Gohen,Equities,242.37,0.0,242.3699951171875,No Reference Price Found
HCA,2023-02-28,Belaware,Equities,242.35,0.0,242.35000610351562,No Reference Price Found
LHX,2022-10-31,Wallington,Equities,242.3,0.0,242.3000030517578,No Reference Price Found
STZ,2023-05-31,Fund Whitestone,Equities,242.17,0.0,242.1699981689453,No Reference Price Found
ITW,2023-03-31,TT_monthly_Trustmind,Equities,242.16,0.0,242.16000366210938,No Reference Price Found
NSC,2022-12-31,Fund Whitestone,Equities,242.03,0.0,242.02999877929688,No Reference Price Found
TFX,2023-06-30,Report-of-Gohen,Equities,241.67,0.0,241.6699981689453,No Reference Price Found
MKTX,2022-10-31,Belaware,Equities,241.61,0.0,241.61000061035156,No Reference Price Found
ANSS,2022-12-31,Applebead,Equities,241.59,0.0,241.58999633789062,No Reference Price Found
SEDG,2023-07-31,Applebead,Equities,241.46,0.0,241.4600067138672,No Reference Price Found
NSC,2023-01-31,rpt-Catalysm,Equities,241.43,0.0,241.42999267578125,No Reference Price Found
NDSN,2023-01-31,Virtous,Equities,241.21,0.0,241.2100067138672,No Reference Price Found
MCO,2022-09-30,Applebead,Equities,240.73,0.0,240.72999572753906,No Reference Price Found
ITW,2023-04-30,TT_monthly_Trustmind,Equities,240.66,0.0,240.66000366210938,No Reference Price Found
META,2023-04-30,rpt-Catalysm,Equities,240.32,0.0,240.32000732421875,No Reference Price Found
DHR,2023-06-30,Belaware,Equities,240.0,0.0,240.0,No Reference Price Found
PXD,2022-10-31,rpt-Catalysm,Equities,239.83,0.0,239.8300018310547,No Reference Price Found
ADP,2022-08-31,Belaware,Equities,239.43,0.0,239.42999267578125,No Reference Price Found
HCA,2022-12-31,Belaware,Equities,238.87,0.0,238.8699951171875,No Reference Price Found
BA,2023-07-31,Leeder,Equities,238.85,0.0,238.85000610351562,No Reference Price Found
HCA,2022-11-30,Belaware,Equities,238.58,0.0,238.5800018310547,No Reference Price Found
PH,2022-09-30,Belaware,Equities,238.31,0.0,238.30999755859375,No Reference Price Found
IEX,2023-01-31,Applebead,Equities,238.23,0.0,238.22999572753906,No Reference Price Found
MSFT,2022-12-31,Fund Whitestone,Equities,238.19,0.0,238.19000244140625,No Reference Price Found
ADP,2022-10-31,Belaware,Equities,237.8,0.0,237.8000030517578,No Reference Price Found
NSC,2022-08-31,Fund Whitestone,Equities,237.48,0.0,237.47999572753906,No Reference Price Found
MKTX,2023-08-31,Belaware,Equities,237.28,0.0,237.27999877929688,No Reference Price Found
TFX,2023-02-28,Report-of-Gohen,Equities,237.2,0.0,237.1999969482422,No Reference Price Found
NDSN,2023-08-31,Virtous,Equities,237.17,0.0,237.1699981689453,No Reference Price Found
CAT,2023-02-28,Virtous,Equities,237.08,0.0,237.0800018310547,No Reference Price Found
EPAM,2023-07-31,rpt-Catalysm,Equities,236.81,0.0,236.80999755859375,No Reference Price Found
DHR,2023-04-30,Belaware,Equities,236.64,0.0,236.63999938964844,No Reference Price Found
SHW,2023-04-30,Leeder,Equities,236.38,0.0,236.3800048828125,No Reference Price Found
ADP,2022-12-31,Belaware,Equities,236.14,0.0,236.13999938964844,No Reference Price Found
HSY,2023-02-28,Belaware,Equities,236.11,0.0,236.11000061035156,No Reference Price Found
SNA,2022-11-30,Virtous,Equities,236.07,0.0,236.07000732421875,No Reference Price Found
CAT,2022-12-31,Virtous,Equities,235.96,0.0,235.9600067138672,No Reference Price Found
NDSN,2022-12-31,Virtous,Equities,235.68,0.0,235.67999267578125,No Reference Price Found
SHW,2022-12-31,Leeder,Equities,235.53,0.0,235.52999877929688,No Reference Price Found
WTW,2023-06-30,Leeder,Equities,235.5,0.0,235.5,No Reference Price Found
IEX,2022-11-30,Applebead,Equities,235.46,0.0,235.4600067138672,No Reference Price Found
NFLX,2022-09-30,Magnum,Equities,235.44,0.0,235.44000244140625,No Reference Price Found
WST,2022-12-31,Belaware,Equities,234.94,0.0,234.94000244140625,No Reference Price Found
SHW,2023-01-31,Leeder,Equities,234.8,0.0,234.8000030517578,No Reference Price Found
ESS,2022-09-30,TT_monthly_Trustmind,Equities,234.65,0.0,234.64999389648438,No Reference Price Found
CDNS,2023-06-30,TT_monthly_Trustmind,Equities,234.52,0.0,234.52000427246094,No Reference Price Found
HSY,2022-10-31,Belaware,Equities,234.43,0.0,234.42999267578125,No Reference Price Found
TFX,2023-05-31,Report-of-Gohen,Equities,234.4,0.0,234.39999389648438,No Reference Price Found
ESS,2023-06-30,TT_monthly_Trustmind,Equities,234.3,0.0,234.3000030517578,No Reference Price Found
LOW,2023-07-31,Wallington,Equities,234.27,0.0,234.27000427246094,No Reference Price Found
WST,2022-11-30,Belaware,Equities,234.25,0.0,234.25,No Reference Price Found
CDNS,2023-07-31,TT_monthly_Trustmind,Equities,234.01,0.0,234.00999450683594,No Reference Price Found
NDSN,2022-11-30,Virtous,Equities,233.82,0.0,233.82000732421875,No Reference Price Found
ITW,2023-01-31,TT_monthly_Trustmind,Equities,233.51,0.0,233.50999450683594,No Reference Price Found
TFX,2022-11-30,Report-of-Gohen,Equities,233.11,0.0,233.11000061035156,No Reference Price Found
ROK,2022-08-31,Applebead,Equities,232.95,0.0,232.9499969482422,No Reference Price Found
CAT,2022-11-30,Virtous,Equities,232.86,0.0,232.86000061035156,No Reference Price Found
WTW,2023-02-28,Leeder,Equities,232.66,0.0,232.66000366210938,No Reference Price Found
ILMN,2023-03-31,Fund Whitestone,Equities,232.55,0.0,232.5500030517578,No Reference Price Found
US912810FQ68,2022-11-30,Fund Whitestone,Government Bond,232.45,0.0,232.4499969482422,No Reference Price Found
ETN,2023-08-31,Fund Whitestone,Equities,232.37,0.0,232.3699951171875,No Reference Price Found
US912810FQ68,2022-08-31,Fund Whitestone,Government Bond,232.32,0.0,232.32000732421875,No Reference Price Found
US912810FQ68,2023-05-31,Fund Whitestone,Government Bond,232.27,0.0,232.27000427246094,No Reference Price Found
US912810FQ68,2022-12-31,Fund Whitestone,Government Bond,232.26,0.0,232.25999450683594,No Reference Price Found
NSC,2023-07-31,Fund Whitestone,Equities,232.22,0.0,232.22000122070312,No Reference Price Found
NVDA,2023-02-28,Magnum,Equities,232.1,0.0,232.10000610351562,No Reference Price Found
VRSK,2023-08-31,Fund Whitestone,Equities,232.1,0.0,232.10000610351562,No Reference Price Found
US912810FQ68,2023-04-30,Fund Whitestone,Government Bond,232.05,0.0,232.0500030517578,No Reference Price Found
HSY,2022-11-30,Belaware,Equities,231.97,0.0,231.97000122070312,No Reference Price Found
SYK,2022-11-30,Fund Whitestone,Equities,231.96,0.0,231.9600067138672,No Reference Price Found
US912810FQ68,2023-02-28,Fund Whitestone,Government Bond,231.93,0.0,231.92999267578125,No Reference Price Found
US912810FQ68,2022-09-30,Fund Whitestone,Government Bond,231.9,0.0,231.89999389648438,No Reference Price Found
US912810FQ68,2023-01-31,Fund Whitestone,Government Bond,231.82,0.0,231.82000732421875,No Reference Price Found
US912810FQ68,2023-07-31,Fund Whitestone,Government Bond,231.82,0.0,231.82000732421875,No Reference Price Found
US912810FQ68,2023-08-31,Fund Whitestone,Government Bond,231.8,0.0,231.8000030517578,No Reference Price Found
US912810FQ68,2022-10-31,Fund Whitestone,Government Bond,231.76,0.0,231.75999450683594,No Reference Price Found
US912810FQ68,2023-03-31,Fund Whitestone,Government Bond,231.73,0.0,231.72999572753906,No Reference Price Found
US912810FQ68,2023-06-30,Fund Whitestone,Government Bond,231.72,0.0,231.72000122070312,No Reference Price Found
WTW,2023-03-31,Leeder,Equities,231.54,0.0,231.5399932861328,No Reference Price Found
SEDG,2022-09-30,Applebead,Equities,231.46,0.0,231.4600067138672,No Reference Price Found
CA135087WV25,2022-11-30,Fund Whitestone,Government Bond,231.37,0.0,231.3699951171875,No Reference Price Found
CA135087WV25,2022-08-31,Fund Whitestone,Government Bond,231.04,0.0,231.0399932861328,No Reference Price Found
CA135087WV25,2022-12-31,Fund Whitestone,Government Bond,230.94,0.0,230.94000244140625,No Reference Price Found
CDNS,2023-05-31,TT_monthly_Trustmind,Equities,230.91,0.0,230.91000366210938,No Reference Price Found
SBAC,2023-06-30,rpt-Catalysm,Equities,230.86,0.0,230.86000061035156,No Reference Price Found
WTW,2023-04-30,Leeder,Equities,230.76,0.0,230.75999450683594,No Reference Price Found
CA135087WV25,2023-05-31,Fund Whitestone,Government Bond,230.75,0.0,230.75,No Reference Price Found
CA135087WV25,2023-07-31,Fund Whitestone,Government Bond,230.71,0.0,230.7100067138672,No Reference Price Found
MSFT,2022-09-30,Fund Whitestone,Equities,230.67,0.0,230.6699981689453,No Reference Price Found
ITW,2023-02-28,TT_monthly_Trustmind,Equities,230.66,0.0,230.66000366210938,No Reference Price Found
AJG,2023-08-31,Magnum,Equities,230.61,0.0,230.61000061035156,No Reference Price Found
CA135087WV25,2023-04-30,Fund Whitestone,Government Bond,230.6,0.0,230.60000610351562,No Reference Price Found
CA135087WV25,2023-08-31,Fund Whitestone,Government Bond,230.45,0.0,230.4499969482422,No Reference Price Found
CA135087WV25,2023-02-28,Fund Whitestone,Government Bond,230.44,0.0,230.44000244140625,No Reference Price Found
CA135087WV25,2022-09-30,Fund Whitestone,Government Bond,230.37,0.0,230.3699951171875,No Reference Price Found
CA135087WV25,2023-03-31,Fund Whitestone,Government Bond,230.32,0.0,230.32000732421875,No Reference Price Found
CA135087WV25,2022-10-31,Fund Whitestone,Government Bond,230.3,0.0,230.3000030517578,No Reference Price Found
GD,2023-01-31,Virtous,Equities,230.3,0.0,230.3000030517578,No Reference Price Found
CA135087WV25,2023-01-31,Fund Whitestone,Government Bond,230.27,0.0,230.27000427246094,No Reference Price Found
HSY,2023-08-31,Belaware,Equities,230.22,0.0,230.22000122070312,No Reference Price Found
CA135087WV25,2023-06-30,Fund Whitestone,Government Bond,230.09,0.0,230.08999633789062,No Reference Price Found
HSY,2023-07-31,Belaware,Equities,230.05,0.0,230.0500030517578,No Reference Price Found
SEDG,2022-10-31,Leeder,Equities,230.03,0.0,230.02999877929688,No Reference Price Found
CDNS,2023-08-31,TT_monthly_Trustmind,Equities,229.94,0.0,229.94000244140625,No Reference Price Found
MSFT,2022-10-31,Fund Whitestone,Equities,229.91,0.0,229.91000366210938,No Reference Price Found
SHW,2022-08-31,Leeder,Equities,229.77,0.0,229.77000427246094,No Reference Price Found
IEX,2023-03-31,Applebead,Equities,229.64,0.0,229.63999938964844,No Reference Price Found
WST,2022-10-31,Belaware,Equities,229.51,0.0,229.50999450683594,No Reference Price Found
IQV,2023-01-31,Magnum,Equities,229.41,0.0,229.41000366210938,No Reference Price Found
DHR,2023-05-31,Belaware,Equities,229.36,0.0,229.36000061035156,No Reference Price Found
STZ,2022-12-31,Fund Whitestone,Equities,229.3,0.0,229.3000030517578,No Reference Price Found
STZ,2023-01-31,Fund Whitestone,Equities,229.07,0.0,229.07000732421875,No Reference Price Found
VRSK,2023-07-31,Fund Whitestone,Equities,228.94,0.0,228.94000244140625,No Reference Price Found
ILMN,2022-10-31,Fund Whitestone,Equities,228.82,0.0,228.82000732421875,No Reference Price Found
APD,2022-09-30,Belaware,Equities,228.7,0.0,228.6999969482422,No Reference Price Found
PXD,2022-08-31,rpt-Catalysm,Equities,228.66,0.0,228.66000366210938,No Reference Price Found
CRL,2022-11-30,Magnum,Equities,228.57,0.0,228.57000732421875,No Reference Price Found
HSY,2022-12-31,Belaware,Equities,228.42,0.0,228.4199981689453,No Reference Price Found
HII,2023-07-31,TT_monthly_Trustmind,Equities,228.38,0.0,228.3800048828125,No Reference Price Found
HII,2022-11-30,TT_monthly_Trustmind,Equities,227.95,0.0,227.9499969482422,No Reference Price Found
STZ,2023-04-30,Fund Whitestone,Equities,227.83,0.0,227.8300018310547,No Reference Price Found
SYK,2022-10-31,Fund Whitestone,Equities,227.34,0.0,227.33999633789062,No Reference Price Found
SHW,2023-05-31,Leeder,Equities,227.28,0.0,227.27999877929688,No Reference Price Found
HII,2022-12-31,TT_monthly_Trustmind,Equities,226.69,0.0,226.69000244140625,No Reference Price Found
STZ,2022-09-30,Fund Whitestone,Equities,226.49,0.0,226.49000549316406,No Reference Price Found
CAT,2023-03-31,Virtous,Equities,226.48,0.0,226.47999572753906,No Reference Price Found
IEX,2022-12-31,Applebead,Equities,226.37,0.0,226.3699951171875,No Reference Price Found
HII,2023-06-30,TT_monthly_Trustmind,Equities,226.32,0.0,226.32000732421875,No Reference Price Found
VRSK,2023-06-30,Fund Whitestone,Equities,226.03,0.0,226.02999877929688,No Reference Price Found
PXD,2022-11-30,rpt-Catalysm,Equities,225.99,0.0,225.99000549316406,No Reference Price Found
GB00B7RN0G65,2022-11-30,Magnum,Government Bond,225.98,0.0,225.97999572753906,No Reference Price Found
VRSN,2023-06-30,Virtous,Equities,225.97,0.0,225.97000122070312,No Reference Price Found
SBAC,2023-08-31,rpt-Catalysm,Equities,225.93,0.0,225.92999267578125,No Reference Price Found
IEX,2023-07-31,Applebead,Equities,225.81,0.0,225.80999755859375,No Reference Price Found
PXD,2023-08-31,rpt-Catalysm,Equities,225.68,0.0,225.67999267578125,No Reference Price Found
PXD,2023-07-31,rpt-Catalysm,Equities,225.67,0.0,225.6699981689453,No Reference Price Found
GD,2023-03-31,Virtous,Equities,225.5,0.0,225.5,No Reference Price Found
CB,2023-01-31,Report-of-Gohen,Equities,225.45,0.0,225.4499969482422,No Reference Price Found
NSC,2023-06-30,Fund Whitestone,Equities,225.43,0.0,225.42999267578125,No Reference Price Found
GD,2023-02-28,Virtous,Equities,225.21,0.0,225.2100067138672,No Reference Price Found
GB00B7RN0G65,2022-12-31,Magnum,Government Bond,225.21,0.0,225.2100067138672,No Reference Price Found
GB00B7RN0G65,2022-08-31,Magnum,Government Bond,225.11,0.0,225.11000061035156,No Reference Price Found
HII,2022-08-31,TT_monthly_Trustmind,Equities,225.06,0.0,225.05999755859375,No Reference Price Found
CRM,2023-07-31,Leeder,Equities,225.01,0.0,225.00999450683594,No Reference Price Found
VMC,2023-06-30,TT_monthly_Trustmind,Equities,225.01,0.0,225.00999450683594,No Reference Price Found
GB00B7RN0G65,2023-02-28,Magnum,Government Bond,225.0,0.0,225.0,No Reference Price Found
GB00B7RN0G65,2023-05-31,Magnum,Government Bond,225.0,0.0,225.0,No Reference Price Found
GB00B7RN0G65,2022-10-31,Magnum,Government Bond,224.96,0.0,224.9600067138672,No Reference Price Found
GB00B7RN0G65,2023-04-30,Magnum,Government Bond,224.96,0.0,224.9600067138672,No Reference Price Found
TFX,2022-08-31,Report-of-Gohen,Equities,224.93,0.0,224.92999267578125,No Reference Price Found
GB00B7RN0G65,2023-07-31,Magnum,Government Bond,224.92,0.0,224.9199981689453,No Reference Price Found
GB00B7RN0G65,2023-01-31,Magnum,Government Bond,224.87,0.0,224.8699951171875,No Reference Price Found
GB00B7RN0G65,2023-08-31,Magnum,Government Bond,224.78,0.0,224.77999877929688,No Reference Price Found
IQV,2023-06-30,Magnum,Equities,224.77,0.0,224.77000427246094,No Reference Price Found
EPAM,2023-06-30,rpt-Catalysm,Equities,224.75,0.0,224.75,No Reference Price Found
GB00B7RN0G65,2023-03-31,Magnum,Government Bond,224.69,0.0,224.69000244140625,No Reference Price Found
LOW,2023-06-30,Wallington,Equities,224.64,0.0,224.63999938964844,No Reference Price Found
NDSN,2022-08-31,Virtous,Equities,224.6,0.0,224.60000610351562,No Reference Price Found
GB00B7RN0G65,2022-09-30,Magnum,Government Bond,224.54,0.0,224.5399932861328,No Reference Price Found
GB00B7RN0G65,2023-06-30,Magnum,Government Bond,224.4,0.0,224.39999389648438,No Reference Price Found
LHX,2022-11-30,Wallington,Equities,224.37,0.0,224.3699951171875,No Reference Price Found
STZ,2023-03-31,Fund Whitestone,Equities,224.27,0.0,224.27000427246094,No Reference Price Found
SNA,2022-12-31,Virtous,Equities,224.19,0.0,224.19000244140625,No Reference Price Found
IQV,2023-07-31,Magnum,Equities,223.76,0.0,223.75999450683594,No Reference Price Found
GD,2022-08-31,Virtous,Equities,223.76,0.0,223.75999450683594,No Reference Price Found
ITW,2022-11-30,TT_monthly_Trustmind,Equities,223.69,0.0,223.69000244140625,No Reference Price Found
SHW,2023-03-31,Leeder,Equities,223.68,0.0,223.67999267578125,No Reference Price Found
IEX,2023-02-28,Applebead,Equities,223.62,0.0,223.6199951171875,No Reference Price Found
GD,2023-07-31,Virtous,Equities,223.58,0.0,223.5800018310547,No Reference Price Found
NFLX,2022-08-31,Magnum,Equities,223.56,0.0,223.55999755859375,No Reference Price Found
CRM,2023-05-31,Leeder,Equities,223.38,0.0,223.3800048828125,No Reference Price Found
VRSN,2023-05-31,Virtous,Equities,223.32,0.0,223.32000732421875,No Reference Price Found
ADP,2023-01-31,Belaware,Equities,223.24,0.0,223.24000549316406,No Reference Price Found
LHX,2022-08-31,Wallington,Equities,223.23,0.0,223.22999572753906,No Reference Price Found
ESS,2023-02-28,TT_monthly_Trustmind,Equities,223.22,0.0,223.22000122070312,No Reference Price Found
ALB,2023-06-30,TT_monthly_Trustmind,Equities,223.09,0.0,223.08999633789062,No Reference Price Found
VMC,2023-08-31,TT_monthly_Trustmind,Equities,222.83,0.0,222.8300018310547,No Reference Price Found
NSC,2022-10-31,Fund Whitestone,Equities,222.77,0.0,222.77000427246094,No Reference Price Found
SHW,2022-10-31,Leeder,Equities,222.77,0.0,222.77000427246094,No Reference Price Found
ADP,2022-09-30,Belaware,Equities,222.54,0.0,222.5399932861328,No Reference Price Found
NDSN,2022-10-31,Virtous,Equities,222.46,0.0,222.4600067138672,No Reference Price Found
STZ,2023-02-28,Fund Whitestone,Equities,222.1,0.0,222.10000610351562,No Reference Price Found
NSC,2023-02-28,Fund Whitestone,Equities,222.02,0.0,222.02000427246094,No Reference Price Found
BA,2023-08-31,Leeder,Equities,222.02,0.0,222.02000427246094,No Reference Price Found
VRSN,2023-04-30,Virtous,Equities,221.8,0.0,221.8000030517578,No Reference Price Found
ANSS,2022-09-30,Applebead,Equities,221.7,0.0,221.6999969482422,No Reference Price Found
HSY,2023-01-31,Belaware,Equities,221.54,0.0,221.5399932861328,No Reference Price Found
ENPH,2023-01-31,Applebead,Equities,221.38,0.0,221.3800048828125,No Reference Price Found
ADP,2023-03-31,Belaware,Equities,221.34,0.0,221.33999633789062,No Reference Price Found
ESS,2023-01-31,TT_monthly_Trustmind,Equities,221.27,0.0,221.27000427246094,No Reference Price Found
LOW,2023-08-31,Wallington,Equities,221.19,0.0,221.19000244140625,No Reference Price Found
ANSS,2022-10-31,Applebead,Equities,221.16,0.0,221.16000366210938,No Reference Price Found
NDSN,2023-03-31,Virtous,Equities,220.95,0.0,220.9499969482422,No Reference Price Found
SBAC,2023-05-31,rpt-Catalysm,Equities,220.92,0.0,220.9199981689453,No Reference Price Found
ALB,2023-03-31,TT_monthly_Trustmind,Equities,220.65,0.0,220.64999389648438,No Reference Price Found
PXD,2023-01-31,rpt-Catalysm,Equities,220.59,0.0,220.58999633789062,No Reference Price Found
HSY,2022-08-31,Belaware,Equities,220.58,0.0,220.5800018310547,No Reference Price Found
GNRC,2022-08-31,Virtous,Equities,220.41,0.0,220.41000366210938,No Reference Price Found
IEX,2022-10-31,Applebead,Equities,220.41,0.0,220.41000366210938,No Reference Price Found
MKTX,2022-09-30,Belaware,Equities,220.27,0.0,220.27000427246094,No Reference Price Found
SHW,2023-02-28,Leeder,Equities,220.27,0.0,220.27000427246094,No Reference Price Found
VMC,2023-07-31,TT_monthly_Trustmind,Equities,220.08,0.0,220.0800018310547,No Reference Price Found
TFX,2023-08-31,Report-of-Gohen,Equities,220.07,0.0,220.07000732421875,No Reference Price Found
AMT,2023-01-31,Fund Whitestone,Equities,219.94,0.0,219.94000244140625,No Reference Price Found
ADP,2023-06-30,Belaware,Equities,219.79,0.0,219.7899932861328,No Reference Price Found
AJG,2023-06-30,Magnum,Equities,219.57,0.0,219.57000732421875,No Reference Price Found
CRL,2023-02-28,Applebead,Equities,219.34,0.0,219.33999633789062,No Reference Price Found
PANW,2023-08-31,Report-of-Gohen,Equities,218.88,0.0,218.8800048828125,No Reference Price Found
VRSK,2023-05-31,Fund Whitestone,Equities,218.77,0.0,218.77000427246094,No Reference Price Found
ADP,2023-04-30,Belaware,Equities,218.73,0.0,218.72999572753906,No Reference Price Found
PXD,2022-12-31,rpt-Catalysm,Equities,218.72,0.0,218.72000122070312,No Reference Price Found
CB,2022-12-31,Report-of-Gohen,Equities,218.62,0.0,218.6199951171875,No Reference Price Found
ADSK,2023-08-31,rpt-Catalysm,Equities,218.57,0.0,218.57000732421875,No Reference Price Found
NDSN,2023-02-28,Virtous,Equities,218.34,0.0,218.33999633789062,No Reference Price Found
SBAC,2023-07-31,rpt-Catalysm,Equities,218.1,0.0,218.10000610351562,No Reference Price Found
ILMN,2022-11-30,Fund Whitestone,Equities,218.08,0.0,218.0800018310547,No Reference Price Found
WTW,2023-05-31,Leeder,Equities,218.06,0.0,218.05999755859375,No Reference Price Found
VRSN,2023-01-31,Virtous,Equities,218.05,0.0,218.0500030517578,No Reference Price Found
IQV,2022-11-30,Magnum,Equities,218.02,0.0,218.02000427246094,No Reference Price Found
ITW,2022-12-31,TT_monthly_Trustmind,Equities,217.94,0.0,217.94000244140625,No Reference Price Found
CRL,2022-12-31,Applebead,Equities,217.9,0.0,217.89999389648438,No Reference Price Found
CAT,2023-04-30,Virtous,Equities,217.72,0.0,217.72000122070312,No Reference Price Found
ITW,2023-05-31,TT_monthly_Trustmind,Equities,217.57,0.0,217.57000732421875,No Reference Price Found
ESS,2023-04-30,TT_monthly_Trustmind,Equities,217.53,0.0,217.52999877929688,No Reference Price Found
FSLR,2023-03-31,Leeder,Equities,217.5,0.0,217.5,No Reference Price Found
ADP,2023-02-28,Belaware,Equities,217.32,0.0,217.32000732421875,No Reference Price Found
NDSN,2023-05-31,Virtous,Equities,217.29,0.0,217.2899932861328,No Reference Price Found
GD,2023-04-30,Virtous,Equities,217.0,0.0,217.0,No Reference Price Found
CB,2022-11-30,Report-of-Gohen,Equities,216.79,0.0,216.7899932861328,No Reference Price Found
GD,2023-08-31,Virtous,Equities,216.74,0.0,216.74000549316406,No Reference Price Found
HII,2023-01-31,TT_monthly_Trustmind,Equities,216.73,0.0,216.72999572753906,No Reference Price Found
HII,2022-09-30,TT_monthly_Trustmind,Equities,216.5,0.0,216.5,No Reference Price Found
HSY,2022-09-30,Belaware,Equities,216.46,0.0,216.4600067138672,No Reference Price Found
SNA,2022-10-31,Virtous,Equities,216.37,0.0,216.3699951171875,No Reference Price Found
AMT,2022-11-30,Fund Whitestone,Equities,216.23,0.0,216.22999572753906,No Reference Price Found
ALB,2022-12-31,TT_monthly_Trustmind,Equities,216.07,0.0,216.07000732421875,No Reference Price Found
HON,2022-11-30,Fund Whitestone,Equities,216.07,0.0,216.07000732421875,No Reference Price Found
HCA,2022-10-31,Belaware,Equities,215.99,0.0,215.99000549316406,No Reference Price Found
WTW,2022-10-31,Leeder,Equities,215.89,0.0,215.88999938964844,No Reference Price Found
ESS,2022-10-31,TT_monthly_Trustmind,Equities,215.29,0.0,215.2899932861328,No Reference Price Found
ADSK,2023-01-31,rpt-Catalysm,Equities,215.16,0.0,215.16000366210938,No Reference Price Found
NDSN,2023-04-30,Virtous,Equities,215.03,0.0,215.02999877929688,No Reference Price Found
IEX,2023-08-31,Applebead,Equities,214.8,0.0,214.8000030517578,No Reference Price Found
AJG,2023-07-31,Magnum,Equities,214.8,0.0,214.8000030517578,No Reference Price Found
IEX,2023-06-30,Applebead,Equities,214.62,0.0,214.6199951171875,No Reference Price Found
LH,2023-01-31,Report-of-Gohen,Equities,214.3,0.0,214.3000030517578,No Reference Price Found
ADSK,2022-10-31,rpt-Catalysm,Equities,214.3,0.0,214.3000030517578,No Reference Price Found
ILMN,2023-01-31,Fund Whitestone,Equities,214.2,0.0,214.1999969482422,No Reference Price Found
PXD,2023-04-30,rpt-Catalysm,Equities,214.03,0.0,214.02999877929688,No Reference Price Found
GB00BNNGP882,2022-11-30,Magnum,Government Bond,213.99,0.0,213.99000549316406,No Reference Price Found
ESS,2023-05-31,TT_monthly_Trustmind,Equities,213.89,0.0,213.88999938964844,No Reference Price Found
GD,2023-06-30,Virtous,Equities,213.83,0.0,213.8300018310547,No Reference Price Found
ESS,2022-11-30,TT_monthly_Trustmind,Equities,213.49,0.0,213.49000549316406,No Reference Price Found
GB00BNNGP882,2022-10-31,Magnum,Government Bond,213.42,0.0,213.4199981689453,No Reference Price Found
PANW,2023-05-31,Report-of-Gohen,Equities,213.39,0.0,213.38999938964844,No Reference Price Found
TFX,2022-10-31,Report-of-Gohen,Equities,213.3,0.0,213.3000030517578,No Reference Price Found
LH,2023-07-31,Report-of-Gohen,Equities,213.21,0.0,213.2100067138672,No Reference Price Found
CAT,2022-10-31,Virtous,Equities,213.21,0.0,213.2100067138672,No Reference Price Found
GB00BNNGP882,2022-12-31,Magnum,Government Bond,213.1,0.0,213.10000610351562,No Reference Price Found
GB00BNNGP882,2022-08-31,Magnum,Government Bond,213.09,0.0,213.08999633789062,No Reference Price Found
GB00BNNGP882,2023-02-28,Magnum,Government Bond,213.06,0.0,213.05999755859375,No Reference Price Found
GB00BNNGP882,2023-07-31,Magnum,Government Bond,213.04,0.0,213.0399932861328,No Reference Price Found
GB00BNNGP882,2023-05-31,Magnum,Government Bond,213.0,0.0,213.0,No Reference Price Found
BA,2023-01-31,Leeder,Equities,213.0,0.0,213.0,No Reference Price Found
CDW,2023-08-31,Leeder,Equities,212.99,0.0,212.99000549316406,No Reference Price Found
GB00BNNGP882,2023-04-30,Magnum,Government Bond,212.97,0.0,212.97000122070312,No Reference Price Found
GB00BNNGP882,2023-01-31,Magnum,Government Bond,212.9,0.0,212.89999389648438,No Reference Price Found
GB00BNNGP882,2023-08-31,Magnum,Government Bond,212.81,0.0,212.80999755859375,No Reference Price Found
GB00BNNGP882,2023-03-31,Magnum,Government Bond,212.74,0.0,212.74000549316406,No Reference Price Found
HII,2023-02-28,TT_monthly_Trustmind,Equities,212.68,0.0,212.67999267578125,No Reference Price Found
IQV,2022-08-31,Magnum,Equities,212.66,0.0,212.66000366210938,No Reference Price Found
GB00BNNGP882,2022-09-30,Magnum,Government Bond,212.66,0.0,212.66000366210938,No Reference Price Found
GB00BNNGP882,2023-06-30,Magnum,Government Bond,212.52,0.0,212.52000427246094,No Reference Price Found
BA,2023-03-31,Leeder,Equities,212.43,0.0,212.42999267578125,No Reference Price Found
ALB,2023-07-31,TT_monthly_Trustmind,Equities,212.28,0.0,212.27999877929688,No Reference Price Found
SNA,2022-08-31,Virtous,Equities,212.28,0.0,212.27999877929688,No Reference Price Found
LHX,2023-01-31,Wallington,Equities,212.26,0.0,212.25999450683594,No Reference Price Found
CRL,2022-10-31,Applebead,Equities,212.25,0.0,212.25,No Reference Price Found
CB,2022-10-31,Report-of-Gohen,Equities,212.15,0.0,212.14999389648438,No Reference Price Found
ADSK,2023-07-31,rpt-Catalysm,Equities,211.99,0.0,211.99000549316406,No Reference Price Found
META,2023-03-31,Applebead,Equities,211.94,0.0,211.94000244140625,No Reference Price Found
HII,2023-08-31,TT_monthly_Trustmind,Equities,211.69,0.0,211.69000244140625,No Reference Price Found
ROK,2022-09-30,Applebead,Equities,211.49,0.0,211.49000549316406,No Reference Price Found
VRSN,2023-03-31,Virtous,Equities,211.33,0.0,211.3300018310547,No Reference Price Found
WTW,2023-07-31,Leeder,Equities,211.33,0.0,211.3300018310547,No Reference Price Found
CRM,2023-06-30,Leeder,Equities,211.26,0.0,211.25999450683594,No Reference Price Found
BA,2023-06-30,Leeder,Equities,211.16,0.0,211.16000366210938,No Reference Price Found
VRSN,2023-07-31,Virtous,Equities,210.95,0.0,210.9499969482422,No Reference Price Found
ALGN,2022-12-31,Report-of-Gohen,Equities,210.9,0.0,210.89999389648438,No Reference Price Found
HON,2022-12-31,Fund Whitestone,Equities,210.9,0.0,210.89999389648438,No Reference Price Found
ENPH,2023-02-28,Applebead,Equities,210.53,0.0,210.52999877929688,No Reference Price Found
ENPH,2023-03-31,Applebead,Equities,210.28,0.0,210.27999877929688,No Reference Price Found
CRL,2023-06-30,Applebead,Equities,210.25,0.0,210.25,No Reference Price Found
FR0000188799,2022-11-30,Fund Whitestone,Government Bond,210.21,0.0,210.2100067138672,No Reference Price Found
CDNS,2023-03-31,TT_monthly_Trustmind,Equities,210.09,0.0,210.08999633789062,No Reference Price Found
ITW,2022-10-31,TT_monthly_Trustmind,Equities,209.98,0.0,209.97999572753906,No Reference Price Found
FR0000188799,2022-08-31,Fund Whitestone,Government Bond,209.91,0.0,209.91000366210938,No Reference Price Found
NDSN,2022-09-30,Virtous,Equities,209.87,0.0,209.8699951171875,No Reference Price Found
IQV,2022-10-31,Magnum,Equities,209.67,0.0,209.6699981689453,No Reference Price Found
FR0000188799,2023-05-31,Fund Whitestone,Government Bond,209.64,0.0,209.63999938964844,No Reference Price Found
CRL,2023-07-31,Applebead,Equities,209.54,0.0,209.5399932861328,No Reference Price Found
FR0000188799,2022-12-31,Fund Whitestone,Government Bond,209.53,0.0,209.52999877929688,No Reference Price Found
PWR,2023-08-31,rpt-Catalysm,Equities,209.49,0.0,209.49000549316406,No Reference Price Found
FR0000188799,2023-04-30,Fund Whitestone,Government Bond,209.45,0.0,209.4499969482422,No Reference Price Found
CDNS,2023-04-30,TT_monthly_Trustmind,Equities,209.45,0.0,209.4499969482422,No Reference Price Found
LOW,2022-11-30,Wallington,Equities,209.42,0.0,209.4199981689453,No Reference Price Found
NSC,2023-03-31,Fund Whitestone,Equities,209.36,0.0,209.36000061035156,No Reference Price Found
FR0000188799,2023-07-31,Fund Whitestone,Government Bond,209.31,0.0,209.30999755859375,No Reference Price Found
FR0000188799,2023-08-31,Fund Whitestone,Government Bond,209.31,0.0,209.30999755859375,No Reference Price Found
FR0000188799,2023-02-28,Fund Whitestone,Government Bond,209.26,0.0,209.25999450683594,No Reference Price Found
FR0000188799,2023-03-31,Fund Whitestone,Government Bond,209.22,0.0,209.22000122070312,No Reference Price Found
FR0000188799,2023-06-30,Fund Whitestone,Government Bond,209.2,0.0,209.1999969482422,No Reference Price Found
FR0000188799,2022-10-31,Fund Whitestone,Government Bond,209.19,0.0,209.19000244140625,No Reference Price Found
LH,2023-08-31,Report-of-Gohen,Equities,209.15,0.0,209.14999389648438,No Reference Price Found
CB,2023-02-28,Report-of-Gohen,Equities,209.13,0.0,209.1300048828125,No Reference Price Found
FR0000188799,2023-01-31,Fund Whitestone,Government Bond,209.05,0.0,209.0500030517578,No Reference Price Found
FR0000188799,2022-09-30,Fund Whitestone,Government Bond,209.01,0.0,209.00999450683594,No Reference Price Found
GB00B128DH60,2022-11-30,Report-of-Gohen,Government Bond,208.77,0.0,208.77000427246094,No Reference Price Found
LHX,2023-02-28,Wallington,Equities,208.67,0.0,208.6699981689453,No Reference Price Found
AMT,2022-12-31,Fund Whitestone,Equities,208.59,0.0,208.58999633789062,No Reference Price Found
IQV,2023-02-28,Magnum,Equities,208.47,0.0,208.47000122070312,No Reference Price Found
AMT,2022-09-30,Fund Whitestone,Equities,208.31,0.0,208.30999755859375,No Reference Price Found
ADSK,2023-03-31,rpt-Catalysm,Equities,208.16,0.0,208.16000366210938,No Reference Price Found
CRM,2023-08-31,Leeder,Equities,208.16,0.0,208.16000366210938,No Reference Price Found
GB00B128DH60,2022-08-31,Report-of-Gohen,Government Bond,207.93,0.0,207.92999267578125,No Reference Price Found
GB00B128DH60,2023-02-28,Report-of-Gohen,Government Bond,207.88,0.0,207.8800048828125,No Reference Price Found
GB00B128DH60,2023-04-30,Report-of-Gohen,Government Bond,207.78,0.0,207.77999877929688,No Reference Price Found
ADP,2023-05-31,Belaware,Equities,207.78,0.0,207.77999877929688,No Reference Price Found
GB00B128DH60,2023-01-31,Report-of-Gohen,Government Bond,207.77,0.0,207.77000427246094,No Reference Price Found
GB00B128DH60,2023-08-31,Report-of-Gohen,Government Bond,207.74,0.0,207.74000549316406,No Reference Price Found
GB00B128DH60,2023-05-31,Report-of-Gohen,Government Bond,207.72,0.0,207.72000122070312,No Reference Price Found
GB00B128DH60,2022-12-31,Report-of-Gohen,Government Bond,207.71,0.0,207.7100067138672,No Reference Price Found
NSC,2023-08-31,Fund Whitestone,Equities,207.66,0.0,207.66000366210938,No Reference Price Found
CA135087VS05,2022-11-30,Fund Whitestone,Government Bond,207.65,0.0,207.64999389648438,No Reference Price Found
GB00B128DH60,2023-07-31,Report-of-Gohen,Government Bond,207.51,0.0,207.50999450683594,No Reference Price Found
AJG,2023-04-30,Magnum,Equities,207.49,0.0,207.49000549316406,No Reference Price Found
VRSN,2023-08-31,Virtous,Equities,207.48,0.0,207.47999572753906,No Reference Price Found
CA135087VS05,2022-08-31,Fund Whitestone,Government Bond,207.44,0.0,207.44000244140625,No Reference Price Found
ESS,2022-12-31,TT_monthly_Trustmind,Equities,207.42,0.0,207.4199981689453,No Reference Price Found
FSLR,2023-07-31,Leeder,Equities,207.4,0.0,207.39999389648438,No Reference Price Found
GD,2022-09-30,Virtous,Equities,207.38,0.0,207.3800048828125,No Reference Price Found
GB00B128DH60,2023-03-31,Report-of-Gohen,Government Bond,207.2,0.0,207.1999969482422,No Reference Price Found
PXD,2023-06-30,rpt-Catalysm,Equities,207.18,0.0,207.17999267578125,No Reference Price Found
ALGN,2022-09-30,Report-of-Gohen,Equities,207.11,0.0,207.11000061035156,No Reference Price Found
CA135087VS05,2023-05-31,Fund Whitestone,Government Bond,207.1,0.0,207.10000610351562,No Reference Price Found
GB00B128DH60,2022-09-30,Report-of-Gohen,Government Bond,207.09,0.0,207.08999633789062,No Reference Price Found
CA135087VS05,2022-12-31,Fund Whitestone,Government Bond,207.08,0.0,207.0800018310547,No Reference Price Found
GB00B128DH60,2022-10-31,Report-of-Gohen,Government Bond,207.04,0.0,207.0399932861328,No Reference Price Found
ESS,2023-03-31,TT_monthly_Trustmind,Equities,207.04,0.0,207.0399932861328,No Reference Price Found
NSC,2023-05-31,Fund Whitestone,Equities,206.96,0.0,206.9600067138672,No Reference Price Found
LOW,2023-04-30,Wallington,Equities,206.85,0.0,206.85000610351562,No Reference Price Found
CA135087VS05,2023-04-30,Fund Whitestone,Government Bond,206.84,0.0,206.83999633789062,No Reference Price Found
CA135087VS05,2023-07-31,Fund Whitestone,Government Bond,206.81,0.0,206.80999755859375,No Reference Price Found
GB00B128DH60,2023-06-30,Report-of-Gohen,Government Bond,206.79,0.0,206.7899932861328,No Reference Price Found
BA,2023-04-30,Leeder,Equities,206.78,0.0,206.77999877929688,No Reference Price Found
CA135087VS05,2023-02-28,Fund Whitestone,Government Bond,206.69,0.0,206.69000244140625,No Reference Price Found
CA135087VS05,2023-03-31,Fund Whitestone,Government Bond,206.66,0.0,206.66000366210938,No Reference Price Found
CA135087VS05,2023-08-31,Fund Whitestone,Government Bond,206.66,0.0,206.66000366210938,No Reference Price Found
LH,2023-06-30,Report-of-Gohen,Equities,206.63,0.0,206.6300048828125,No Reference Price Found
CA135087VS05,2023-06-30,Fund Whitestone,Government Bond,206.62,0.0,206.6199951171875,No Reference Price Found
CA135087VS05,2022-10-31,Fund Whitestone,Government Bond,206.46,0.0,206.4600067138672,No Reference Price Found
CA135087VS05,2023-01-31,Fund Whitestone,Government Bond,206.42,0.0,206.4199981689453,No Reference Price Found
HON,2023-06-30,Fund Whitestone,Equities,206.37,0.0,206.3699951171875,No Reference Price Found
CA135087VS05,2022-09-30,Fund Whitestone,Government Bond,206.27,0.0,206.27000427246094,No Reference Price Found
LOW,2023-01-31,Wallington,Equities,206.24,0.0,206.24000549316406,No Reference Price Found
LHX,2022-12-31,Wallington,Equities,205.73,0.0,205.72999572753906,No Reference Price Found
BA,2023-05-31,Leeder,Equities,205.7,0.0,205.6999969482422,No Reference Price Found
IQV,2023-08-31,Magnum,Equities,205.68,0.0,205.67999267578125,No Reference Price Found
ILMN,2023-04-30,Fund Whitestone,Equities,205.56,0.0,205.55999755859375,No Reference Price Found
VRSN,2022-12-31,Virtous,Equities,205.44,0.0,205.44000244140625,No Reference Price Found
CRL,2022-08-31,Applebead,Equities,205.25,0.0,205.25,No Reference Price Found
HON,2023-01-31,Fund Whitestone,Equities,205.18,0.0,205.17999267578125,No Reference Price Found
IEX,2023-04-30,Applebead,Equities,205.08,0.0,205.0800018310547,No Reference Price Found
IQV,2022-12-31,Magnum,Equities,204.89,0.0,204.88999938964844,No Reference Price Found
NSC,2022-09-30,Fund Whitestone,Equities,204.78,0.0,204.77999877929688,No Reference Price Found
CAT,2023-05-31,Virtous,Equities,204.73,0.0,204.72999572753906,No Reference Price Found
ADSK,2023-06-30,rpt-Catalysm,Equities,204.61,0.0,204.61000061035156,No Reference Price Found
LH,2022-11-30,Report-of-Gohen,Equities,204.6,0.0,204.60000610351562,No Reference Price Found
HII,2023-03-31,TT_monthly_Trustmind,Equities,204.59,0.0,204.58999633789062,No Reference Price Found
ETN,2023-07-31,Fund Whitestone,Equities,204.51,0.0,204.50999450683594,No Reference Price Found
CB,2023-07-31,Report-of-Gohen,Equities,204.41,0.0,204.41000366210938,No Reference Price Found
LHX,2022-09-30,Wallington,Equities,204.31,0.0,204.30999755859375,No Reference Price Found
LH,2023-02-28,Report-of-Gohen,Equities,204.15,0.0,204.14999389648438,No Reference Price Found
WTW,2022-08-31,Leeder,Equities,203.82,0.0,203.82000732421875,No Reference Price Found
LOW,2023-02-28,Wallington,Equities,203.76,0.0,203.75999450683594,No Reference Price Found
JBHT,2023-07-31,Fund Whitestone,Equities,203.52,0.0,203.52000427246094,No Reference Price Found
FSLR,2023-05-31,Leeder,Equities,202.96,0.0,202.9600067138672,No Reference Price Found
GD,2023-05-31,Virtous,Equities,202.93,0.0,202.92999267578125,No Reference Price Found
SYK,2022-08-31,Fund Whitestone,Equities,202.82,0.0,202.82000732421875,No Reference Price Found
AMT,2023-04-30,Fund Whitestone,Equities,202.73,0.0,202.72999572753906,No Reference Price Found
SHW,2022-09-30,Leeder,Equities,202.69,0.0,202.69000244140625,No Reference Price Found
CB,2023-08-31,Report-of-Gohen,Equities,202.58,0.0,202.5800018310547,No Reference Price Found
PXD,2022-09-30,rpt-Catalysm,Equities,202.53,0.0,202.52999877929688,No Reference Price Found
AMT,2022-10-31,Fund Whitestone,Equities,202.49,0.0,202.49000549316406,No Reference Price Found
ILMN,2022-12-31,Fund Whitestone,Equities,202.2,0.0,202.1999969482422,No Reference Price Found
ADSK,2022-11-30,rpt-Catalysm,Equities,201.95,0.0,201.9499969482422,No Reference Price Found
CRL,2023-03-31,Applebead,Equities,201.82,0.0,201.82000732421875,No Reference Price Found
ADSK,2022-08-31,rpt-Catalysm,Equities,201.74,0.0,201.74000549316406,No Reference Price Found
ILMN,2022-08-31,Fund Whitestone,Equities,201.64,0.0,201.63999938964844,No Reference Price Found
PWR,2023-07-31,rpt-Catalysm,Equities,201.62,0.0,201.6199951171875,No Reference Price Found
BA,2023-02-28,Leeder,Equities,201.55,0.0,201.5500030517578,No Reference Price Found
MAR,2023-07-31,TT_monthly_Trustmind,Equities,201.3,0.0,201.3000030517578,No Reference Price Found
AMT,2023-03-31,Fund Whitestone,Equities,201.18,0.0,201.17999267578125,No Reference Price Found
CDW,2023-02-28,Leeder,Equities,201.14,0.0,201.13999938964844,No Reference Price Found
PXD,2023-03-31,rpt-Catalysm,Equities,200.93,0.0,200.92999267578125,No Reference Price Found
SYK,2022-09-30,Fund Whitestone,Equities,200.87,0.0,200.8699951171875,No Reference Price Found
CB,2023-04-30,Report-of-Gohen,Equities,200.64,0.0,200.63999938964844,No Reference Price Found
NSC,2023-04-30,Fund Whitestone,Equities,200.5,0.0,200.5,No Reference Price Found
VRSN,2022-10-31,Virtous,Equities,200.46,0.0,200.4600067138672,No Reference Price Found
ETN,2023-06-30,Fund Whitestone,Equities,200.3,0.0,200.3000030517578,No Reference Price Found
TFX,2022-09-30,Report-of-Gohen,Equities,200.28,0.0,200.27999877929688,No Reference Price Found
HII,2023-05-31,TT_monthly_Trustmind,Equities,200.25,0.0,200.25,No Reference Price Found
LOW,2023-05-31,Wallington,Equities,200.18,0.0,200.17999267578125,No Reference Price Found
LH,2022-12-31,Report-of-Gohen,Equities,200.16,0.0,200.16000366210938,No Reference Price Found
HON,2022-10-31,Fund Whitestone,Equities,199.81,0.0,199.80999755859375,No Reference Price Found
VRSN,2022-11-30,Virtous,Equities,199.81,0.0,199.80999755859375,No Reference Price Found
CRM,2023-03-31,Leeder,Equities,199.78,0.0,199.77999877929688,No Reference Price Found
AJG,2023-05-31,Magnum,Equities,199.78,0.0,199.77999877929688,No Reference Price Found
PANW,2023-03-31,Report-of-Gohen,Equities,199.74,0.0,199.74000549316406,No Reference Price Found
ADI,2023-07-31,Virtous,Equities,199.53,0.0,199.52999877929688,No Reference Price Found
PXD,2023-05-31,rpt-Catalysm,Equities,199.44,0.0,199.44000244140625,No Reference Price Found
ADSK,2023-05-31,Virtous,Equities,199.39,0.0,199.38999938964844,No Reference Price Found
HII,2023-04-30,TT_monthly_Trustmind,Equities,199.29,0.0,199.2899932861328,No Reference Price Found
ILMN,2023-02-28,Fund Whitestone,Equities,199.2,0.0,199.1999969482422,No Reference Price Found
IEX,2022-08-31,Applebead,Equities,198.89,0.0,198.88999938964844,No Reference Price Found
IQV,2023-03-31,Magnum,Equities,198.89,0.0,198.88999938964844,No Reference Price Found
WTW,2022-09-30,Leeder,Equities,198.81,0.0,198.80999755859375,No Reference Price Found
WTW,2023-08-31,Leeder,Equities,198.77,0.0,198.77000427246094,No Reference Price Found
ADSK,2023-02-28,rpt-Catalysm,Equities,198.69,0.0,198.69000244140625,No Reference Price Found
CRM,2023-04-30,Leeder,Equities,198.37,0.0,198.3699951171875,No Reference Price Found
LOW,2023-03-31,Wallington,Equities,198.04,0.0,198.0399932861328,No Reference Price Found
IEX,2023-05-31,Applebead,Equities,197.96,0.0,197.9600067138672,No Reference Price Found
HON,2023-04-30,Fund Whitestone,Equities,197.71,0.0,197.7100067138672,No Reference Price Found
IEX,2022-09-30,Applebead,Equities,197.54,0.0,197.5399932861328,No Reference Price Found
AJG,2022-11-30,Magnum,Equities,197.47,0.0,197.47000122070312,No Reference Price Found
JKHY,2022-10-31,Fund Whitestone,Equities,197.2,0.0,197.1999969482422,No Reference Price Found
IQV,2023-05-31,Magnum,Equities,196.91,0.0,196.91000366210938,No Reference Price Found
VRSN,2023-02-28,Virtous,Equities,196.83,0.0,196.8300018310547,No Reference Price Found
CRL,2022-09-30,Applebead,Equities,196.8,0.0,196.8000030517578,No Reference Price Found
ALGN,2022-11-30,Report-of-Gohen,Equities,196.66,0.0,196.66000366210938,No Reference Price Found
ILMN,2023-05-31,Fund Whitestone,Equities,196.65,0.0,196.64999389648438,No Reference Price Found
PWR,2023-06-30,rpt-Catalysm,Equities,196.45,0.0,196.4499969482422,No Reference Price Found
US912810QF84,2022-11-30,Report-of-Gohen,Government Bond,196.38,0.0,196.3800048828125,No Reference Price Found
US912810QF84,2022-12-31,Report-of-Gohen,Government Bond,196.36,0.0,196.36000061035156,No Reference Price Found
LOW,2022-12-31,Wallington,Equities,196.31,0.0,196.30999755859375,No Reference Price Found
ADI,2023-03-31,Virtous,Equities,196.28,0.0,196.27999877929688,No Reference Price Found
US912810QF84,2023-05-31,Report-of-Gohen,Government Bond,196.23,0.0,196.22999572753906,No Reference Price Found
SNA,2022-09-30,Virtous,Equities,196.2,0.0,196.1999969482422,No Reference Price Found
US912810QF84,2022-08-31,Report-of-Gohen,Government Bond,196.15,0.0,196.14999389648438,No Reference Price Found
US912810QF84,2022-09-30,Report-of-Gohen,Government Bond,196.08,0.0,196.0800018310547,No Reference Price Found
US912810QF84,2023-02-28,Report-of-Gohen,Government Bond,196.07,0.0,196.07000732421875,No Reference Price Found
US912810QF84,2023-04-30,Report-of-Gohen,Government Bond,196.02,0.0,196.02000427246094,No Reference Price Found
HCA,2022-08-31,Belaware,Equities,195.99,0.0,195.99000549316406,No Reference Price Found
US912810QF84,2023-07-31,Report-of-Gohen,Government Bond,195.95,0.0,195.9499969482422,No Reference Price Found
US912810QF84,2023-06-30,Report-of-Gohen,Government Bond,195.89,0.0,195.88999938964844,No Reference Price Found
MMC,2023-08-31,Applebead,Equities,195.87,0.0,195.8699951171875,No Reference Price Found
US912810QF84,2023-01-31,Report-of-Gohen,Government Bond,195.86,0.0,195.86000061035156,No Reference Price Found
US912810QF84,2023-03-31,Report-of-Gohen,Government Bond,195.85,0.0,195.85000610351562,No Reference Price Found
LHX,2023-06-30,Wallington,Equities,195.77,0.0,195.77000427246094,No Reference Price Found
US912810QF84,2023-08-31,Report-of-Gohen,Government Bond,195.76,0.0,195.75999450683594,No Reference Price Found
US912810QF84,2022-10-31,Report-of-Gohen,Government Bond,195.71,0.0,195.7100067138672,No Reference Price Found
LH,2023-03-31,Report-of-Gohen,Equities,195.67,0.0,195.6699981689453,No Reference Price Found
GB00B54QLM75,2022-11-30,Magnum,Government Bond,195.61,0.0,195.61000061035156,No Reference Price Found
NVDA,2023-01-31,Magnum,Equities,195.32,0.0,195.32000732421875,No Reference Price Found
VMC,2023-05-31,TT_monthly_Trustmind,Equities,195.12,0.0,195.1199951171875,No Reference Price Found
LHX,2023-03-31,Wallington,Equities,194.97,0.0,194.97000122070312,No Reference Price Found
AMT,2023-02-28,Fund Whitestone,Equities,194.95,0.0,194.9499969482422,No Reference Price Found
GB00B54QLM75,2022-10-31,Magnum,Government Bond,194.9,0.0,194.89999389648438,No Reference Price Found
MAR,2023-08-31,TT_monthly_Trustmind,Equities,194.9,0.0,194.89999389648438,No Reference Price Found
GB00B54QLM75,2022-12-31,Magnum,Government Bond,194.86,0.0,194.86000061035156,No Reference Price Found
GB00B54QLM75,2022-08-31,Magnum,Government Bond,194.82,0.0,194.82000732421875,No Reference Price Found
ADI,2023-06-30,Virtous,Equities,194.81,0.0,194.80999755859375,No Reference Price Found
ADSK,2023-04-30,rpt-Catalysm,Equities,194.79,0.0,194.7899932861328,No Reference Price Found
GB00B54QLM75,2023-02-28,Magnum,Government Bond,194.75,0.0,194.75,No Reference Price Found
GB00B54QLM75,2023-05-31,Magnum,Government Bond,194.73,0.0,194.72999572753906,No Reference Price Found
GB00B54QLM75,2023-07-31,Magnum,Government Bond,194.71,0.0,194.7100067138672,No Reference Price Found
GB00B54QLM75,2023-04-30,Magnum,Government Bond,194.69,0.0,194.69000244140625,No Reference Price Found
GB00B54QLM75,2023-01-31,Magnum,Government Bond,194.63,0.0,194.6300048828125,No Reference Price Found
AJG,2023-01-31,Magnum,Equities,194.61,0.0,194.61000061035156,No Reference Price Found
GB00B54QLM75,2023-08-31,Magnum,Government Bond,194.54,0.0,194.5399932861328,No Reference Price Found
GB00B54QLM75,2023-03-31,Magnum,Government Bond,194.47,0.0,194.47000122070312,No Reference Price Found
GB00B54QLM75,2022-09-30,Magnum,Government Bond,194.37,0.0,194.3699951171875,No Reference Price Found
ALGN,2022-10-31,Report-of-Gohen,Equities,194.3,0.0,194.3000030517578,No Reference Price Found
GB00B54QLM75,2023-06-30,Magnum,Government Bond,194.25,0.0,194.25,No Reference Price Found
CDW,2023-01-31,Leeder,Equities,194.22,0.0,194.22000122070312,No Reference Price Found
AMT,2023-06-30,Fund Whitestone,Equities,193.94,0.0,193.94000244140625,No Reference Price Found
LHX,2023-04-30,Wallington,Equities,193.89,0.0,193.88999938964844,No Reference Price Found
VRSK,2023-04-30,Fund Whitestone,Equities,193.81,0.0,193.80999755859375,No Reference Price Found
CDW,2023-03-31,Leeder,Equities,193.66,0.0,193.66000366210938,No Reference Price Found
ALB,2023-08-31,TT_monthly_Trustmind,Equities,193.58,0.0,193.5800018310547,No Reference Price Found
AVB,2022-08-31,Virtous,Equities,193.5,0.0,193.5,No Reference Price Found
CRL,2023-05-31,Applebead,Equities,193.38,0.0,193.3800048828125,No Reference Price Found
LH,2023-04-30,Report-of-Gohen,Equities,193.36,0.0,193.36000061035156,No Reference Price Found
CB,2023-03-31,Report-of-Gohen,Equities,193.3,0.0,193.3000030517578,No Reference Price Found
ALB,2023-05-31,TT_monthly_Trustmind,Equities,193.19,0.0,193.19000244140625,No Reference Price Found
HON,2023-07-31,Fund Whitestone,Equities,193.07,0.0,193.07000732421875,No Reference Price Found
CDNS,2023-02-28,TT_monthly_Trustmind,Equities,192.94,0.0,192.94000244140625,No Reference Price Found
CB,2023-06-30,Report-of-Gohen,Equities,192.56,0.0,192.55999755859375,No Reference Price Found
ILMN,2023-07-31,Fund Whitestone,Equities,192.15,0.0,192.14999389648438,No Reference Price Found
LOW,2022-10-31,Wallington,Equities,192.08,0.0,192.0800018310547,No Reference Price Found
ABC,2023-06-30,Fund Whitestone,Equities,191.93,0.0,191.92999267578125,No Reference Price Found
PXD,2023-02-28,rpt-Catalysm,Equities,191.92,0.0,191.9199981689453,No Reference Price Found
VRSK,2023-03-31,Fund Whitestone,Equities,191.56,0.0,191.55999755859375,No Reference Price Found
AVY,2022-11-30,Applebead,Equities,190.84,0.0,190.83999633789062,No Reference Price Found
LH,2022-08-31,Report-of-Gohen,Equities,190.83,0.0,190.8300018310547,No Reference Price Found
ILMN,2022-09-30,Fund Whitestone,Equities,190.79,0.0,190.7899932861328,No Reference Price Found
AJG,2023-03-31,Magnum,Equities,190.78,0.0,190.77999877929688,No Reference Price Found
HON,2023-05-31,Fund Whitestone,Equities,190.56,0.0,190.55999755859375,No Reference Price Found
BA,2022-12-31,Leeder,Equities,190.49,0.0,190.49000549316406,No Reference Price Found
HON,2023-08-31,Fund Whitestone,Equities,190.48,0.0,190.47999572753906,No Reference Price Found
AMT,2023-07-31,Fund Whitestone,Equities,190.31,0.0,190.30999755859375,No Reference Price Found
ITW,2022-08-31,TT_monthly_Trustmind,Equities,190.26,0.0,190.25999450683594,No Reference Price Found
LOW,2022-08-31,Wallington,Equities,190.25,0.0,190.25,No Reference Price Found
AVB,2023-08-31,Virtous,Equities,190.18,0.0,190.17999267578125,No Reference Price Found
CRL,2023-04-30,Applebead,Equities,190.12,0.0,190.1199951171875,No Reference Price Found
FSLR,2023-06-30,Leeder,Equities,190.09,0.0,190.08999633789062,No Reference Price Found
JKHY,2022-08-31,Fund Whitestone,Equities,189.93,0.0,189.92999267578125,No Reference Price Found
EXR,2022-08-31,Applebead,Equities,189.91,0.0,189.91000366210938,No Reference Price Found
CRL,2023-08-31,Magnum,Equities,189.62,0.0,189.6199951171875,No Reference Price Found
PEP,2023-04-30,Applebead,Equities,189.57,0.0,189.57000732421875,No Reference Price Found
LHX,2023-07-31,Wallington,Equities,189.49,0.0,189.49000549316406,No Reference Price Found
HON,2023-02-28,Fund Whitestone,Equities,189.44,0.0,189.44000244140625,No Reference Price Found
AVB,2023-06-30,Virtous,Equities,189.27,0.0,189.27000427246094,No Reference Price Found
HON,2023-03-31,Fund Whitestone,Equities,189.09,0.0,189.08999633789062,No Reference Price Found
TRV,2023-01-31,Report-of-Gohen,Equities,189.04,0.0,189.0399932861328,No Reference Price Found
AVB,2023-07-31,Virtous,Equities,188.65,0.0,188.64999389648438,No Reference Price Found
MMC,2023-07-31,Applebead,Equities,188.42,0.0,188.4199981689453,No Reference Price Found
PANW,2023-02-28,Report-of-Gohen,Equities,188.37,0.0,188.3699951171875,No Reference Price Found
GB00BGDYHF49,2022-11-30,Virtous,Government Bond,188.31,0.0,188.30999755859375,No Reference Price Found
IQV,2023-04-30,Magnum,Equities,188.23,0.0,188.22999572753906,No Reference Price Found
ZTS,2023-07-31,Magnum,Equities,188.09,0.0,188.08999633789062,No Reference Price Found
JKHY,2022-11-30,Fund Whitestone,Equities,188.08,0.0,188.0800018310547,No Reference Price Found
LH,2022-10-31,Report-of-Gohen,Equities,187.94,0.0,187.94000244140625,No Reference Price Found
JBHT,2023-01-31,Fund Whitestone,Equities,187.81,0.0,187.80999755859375,No Reference Price Found
AVY,2023-01-31,Applebead,Equities,187.74,0.0,187.74000549316406,No Reference Price Found
JBHT,2023-08-31,Fund Whitestone,Equities,187.71,0.0,187.7100067138672,No Reference Price Found
GB00BGDYHF49,2022-12-31,Virtous,Government Bond,187.67,0.0,187.6699981689453,No Reference Price Found
GB00BGDYHF49,2022-08-31,Virtous,Government Bond,187.58,0.0,187.5800018310547,No Reference Price Found
GB00BGDYHF49,2023-02-28,Virtous,Government Bond,187.49,0.0,187.49000549316406,No Reference Price Found
GB00BGDYHF49,2023-05-31,Virtous,Government Bond,187.49,0.0,187.49000549316406,No Reference Price Found
ILMN,2023-06-30,Fund Whitestone,Equities,187.49,0.0,187.49000549316406,No Reference Price Found
AJG,2022-12-31,Magnum,Equities,187.47,0.0,187.47000122070312,No Reference Price Found
CA135087YK42,2022-11-30,Fund Whitestone,Government Bond,187.47,0.0,187.47000122070312,No Reference Price Found
GB00BGDYHF49,2022-10-31,Virtous,Government Bond,187.46,0.0,187.4600067138672,No Reference Price Found
GB00BGDYHF49,2023-04-30,Virtous,Government Bond,187.46,0.0,187.4600067138672,No Reference Price Found
PEP,2023-07-31,Applebead,Equities,187.46,0.0,187.4600067138672,No Reference Price Found
GB00BGDYHF49,2023-07-31,Virtous,Government Bond,187.42,0.0,187.4199981689453,No Reference Price Found
MMC,2023-06-30,Applebead,Equities,187.39,0.0,187.38999938964844,No Reference Price Found
GB00BGDYHF49,2023-01-31,Virtous,Government Bond,187.38,0.0,187.3800048828125,No Reference Price Found
GB00BGDYHF49,2023-08-31,Virtous,Government Bond,187.3,0.0,187.3000030517578,No Reference Price Found
CA135087YK42,2022-12-31,Fund Whitestone,Government Bond,187.25,0.0,187.25,No Reference Price Found
GB00BGDYHF49,2023-03-31,Virtous,Government Bond,187.23,0.0,187.22999572753906,No Reference Price Found
GB00BGDYHF49,2022-09-30,Virtous,Government Bond,187.11,0.0,187.11000061035156,No Reference Price Found
CA135087YK42,2023-07-31,Fund Whitestone,Government Bond,187.04,0.0,187.0399932861328,No Reference Price Found
CA135087YK42,2023-05-31,Fund Whitestone,Government Bond,187.0,0.0,187.0,No Reference Price Found
CA135087YK42,2022-08-31,Fund Whitestone,Government Bond,187.0,0.0,187.0,No Reference Price Found
GB00BGDYHF49,2023-06-30,Virtous,Government Bond,186.99,0.0,186.99000549316406,No Reference Price Found
CDW,2022-11-30,Leeder,Equities,186.9,0.0,186.89999389648438,No Reference Price Found
ADSK,2022-12-31,rpt-Catalysm,Equities,186.87,0.0,186.8699951171875,No Reference Price Found
TRV,2022-11-30,Report-of-Gohen,Equities,186.81,0.0,186.80999755859375,No Reference Price Found
ADSK,2022-09-30,rpt-Catalysm,Equities,186.8,0.0,186.8000030517578,No Reference Price Found
CA135087YK42,2023-02-28,Fund Whitestone,Government Bond,186.79,0.0,186.7899932861328,No Reference Price Found
CA135087YK42,2023-03-31,Fund Whitestone,Government Bond,186.77,0.0,186.77000427246094,No Reference Price Found
CA135087YK42,2023-04-30,Fund Whitestone,Government Bond,186.76,0.0,186.75999450683594,No Reference Price Found
CA135087YK42,2022-09-30,Fund Whitestone,Government Bond,186.73,0.0,186.72999572753906,No Reference Price Found
CA135087YK42,2023-01-31,Fund Whitestone,Government Bond,186.69,0.0,186.69000244140625,No Reference Price Found
ECL,2023-06-30,Belaware,Equities,186.69,0.0,186.69000244140625,No Reference Price Found
CA135087YK42,2022-10-31,Fund Whitestone,Government Bond,186.62,0.0,186.6199951171875,No Reference Price Found
CA135087YK42,2023-08-31,Fund Whitestone,Government Bond,186.62,0.0,186.6199951171875,No Reference Price Found
CA135087YK42,2023-06-30,Fund Whitestone,Government Bond,186.61,0.0,186.61000061035156,No Reference Price Found
CDW,2023-07-31,Leeder,Equities,186.53,0.0,186.52999877929688,No Reference Price Found
ABC,2023-07-31,Fund Whitestone,Equities,186.41,0.0,186.41000366210938,No Reference Price Found
AJG,2023-02-28,Magnum,Equities,186.29,0.0,186.2899932861328,No Reference Price Found
VRSK,2022-08-31,Fund Whitestone,Equities,185.89,0.0,185.88999938964844,No Reference Price Found
ANET,2023-08-31,rpt-Catalysm,Equities,185.88,0.0,185.8800048828125,No Reference Price Found
IT0004545890,2022-11-30,Virtous,Government Bond,185.87,0.0,185.8699951171875,No Reference Price Found
CB,2022-08-31,Report-of-Gohen,Equities,185.84,0.0,185.83999633789062,No Reference Price Found
IT0004545890,2022-08-31,Virtous,Government Bond,185.7,0.0,185.6999969482422,No Reference Price Found
PANW,2022-08-31,Report-of-Gohen,Equities,185.6,0.0,185.60000610351562,No Reference Price Found
ZTS,2023-08-31,Magnum,Equities,185.59,0.0,185.58999633789062,No Reference Price Found
AJG,2022-10-31,Magnum,Equities,185.54,0.0,185.5399932861328,No Reference Price Found
PEP,2023-08-31,Applebead,Equities,185.49,0.0,185.49000549316406,No Reference Price Found
TRV,2022-12-31,Report-of-Gohen,Equities,185.45,0.0,185.4499969482422,No Reference Price Found
HON,2022-08-31,Fund Whitestone,Equities,185.44,0.0,185.44000244140625,No Reference Price Found
IT0004545890,2023-05-31,Virtous,Government Bond,185.4,0.0,185.39999389648438,No Reference Price Found
IT0004545890,2022-12-31,Virtous,Government Bond,185.32,0.0,185.32000732421875,No Reference Price Found
PEP,2023-06-30,Applebead,Equities,185.22,0.0,185.22000122070312,No Reference Price Found
IT0004545890,2023-04-30,Virtous,Government Bond,185.13,0.0,185.1300048828125,No Reference Price Found
ALB,2023-04-30,TT_monthly_Trustmind,Equities,185.13,0.0,185.1300048828125,No Reference Price Found
IT0004545890,2023-07-31,Virtous,Government Bond,185.12,0.0,185.1199951171875,No Reference Price Found
IT0004545890,2023-03-31,Virtous,Government Bond,185.01,0.0,185.00999450683594,No Reference Price Found
IT0004545890,2023-08-31,Virtous,Government Bond,185.0,0.0,185.0,No Reference Price Found
IT0004545890,2023-02-28,Virtous,Government Bond,184.99,0.0,184.99000549316406,No Reference Price Found
IT0004545890,2023-06-30,Virtous,Government Bond,184.96,0.0,184.9600067138672,No Reference Price Found
AAP,2022-10-31,Belaware,Equities,184.96,0.0,184.9600067138672,No Reference Price Found
CB,2023-05-31,Report-of-Gohen,Equities,184.95,0.0,184.9499969482422,No Reference Price Found
IT0004545890,2022-10-31,Virtous,Government Bond,184.85,0.0,184.85000610351562,No Reference Price Found
IT0004545890,2023-01-31,Virtous,Government Bond,184.75,0.0,184.75,No Reference Price Found
IT0004545890,2022-09-30,Virtous,Government Bond,184.71,0.0,184.7100067138672,No Reference Price Found
BR,2023-08-31,Applebead,Equities,184.32,0.0,184.32000732421875,No Reference Price Found
LOW,2022-09-30,Wallington,Equities,184.04,0.0,184.0399932861328,No Reference Price Found
AVY,2023-07-31,Applebead,Equities,184.01,0.0,184.00999450683594,No Reference Price Found
ECL,2023-08-31,Belaware,Equities,183.95,0.0,183.9499969482422,No Reference Price Found
TXN,2023-03-31,TT_monthly_Trustmind,Equities,183.3,0.0,183.3000030517578,No Reference Price Found
MAR,2023-06-30,TT_monthly_Trustmind,Equities,183.23,0.0,183.22999572753906,No Reference Price Found
ECL,2023-07-31,Belaware,Equities,183.14,0.0,183.13999938964844,No Reference Price Found
TRV,2023-02-28,Report-of-Gohen,Equities,183.1,0.0,183.10000610351562,No Reference Price Found
CDW,2023-06-30,Leeder,Equities,182.97,0.0,182.97000122070312,No Reference Price Found
AMT,2023-05-31,Fund Whitestone,Equities,182.94,0.0,182.94000244140625,No Reference Price Found
CDNS,2023-01-31,TT_monthly_Trustmind,Equities,182.83,0.0,182.8300018310547,No Reference Price Found
VRSK,2022-11-30,Fund Whitestone,Equities,182.77,0.0,182.77000427246094,No Reference Price Found
JBHT,2022-11-30,Fund Whitestone,Equities,182.69,0.0,182.69000244140625,No Reference Price Found
ADI,2023-02-28,Virtous,Equities,182.6,0.0,182.60000610351562,No Reference Price Found
FSLR,2023-04-30,Leeder,Equities,182.58,0.0,182.5800018310547,No Reference Price Found
HCA,2022-09-30,Belaware,Equities,182.54,0.0,182.5399932861328,No Reference Price Found
PANW,2023-04-30,Report-of-Gohen,Equities,182.46,0.0,182.4600067138672,No Reference Price Found
VRSN,2022-08-31,Virtous,Equities,182.22,0.0,182.22000122070312,No Reference Price Found
DE0001030575,2022-11-30,Report-of-Gohen,Government Bond,182.2,0.0,182.1999969482422,No Reference Price Found
VMC,2022-11-30,TT_monthly_Trustmind,Equities,182.14,0.0,182.13999938964844,No Reference Price Found
VMC,2023-01-31,TT_monthly_Trustmind,Equities,182.14,0.0,182.13999938964844,No Reference Price Found
LH,2023-05-31,Report-of-Gohen,Equities,181.97,0.0,181.97000122070312,No Reference Price Found
VRSK,2022-10-31,Fund Whitestone,Equities,181.89,0.0,181.88999938964844,No Reference Price Found
DE0001030575,2022-08-31,Report-of-Gohen,Government Bond,181.87,0.0,181.8699951171875,No Reference Price Found
PEP,2022-11-30,Applebead,Equities,181.85,0.0,181.85000610351562,No Reference Price Found
DE0001030575,2022-12-31,Report-of-Gohen,Government Bond,181.75,0.0,181.75,No Reference Price Found
DE0001030575,2023-05-31,Report-of-Gohen,Government Bond,181.73,0.0,181.72999572753906,No Reference Price Found
TRV,2022-10-31,Report-of-Gohen,Equities,181.55,0.0,181.5500030517578,No Reference Price Found
DE0001030575,2023-07-31,Report-of-Gohen,Government Bond,181.53,0.0,181.52999877929688,No Reference Price Found
DE0001030575,2023-03-31,Report-of-Gohen,Government Bond,181.41,0.0,181.41000366210938,No Reference Price Found
DE0001030575,2023-04-30,Report-of-Gohen,Government Bond,181.41,0.0,181.41000366210938,No Reference Price Found
DE0001030575,2023-08-31,Report-of-Gohen,Government Bond,181.37,0.0,181.3699951171875,No Reference Price Found
DE0001030575,2023-06-30,Report-of-Gohen,Government Bond,181.36,0.0,181.36000061035156,No Reference Price Found
DE0001030575,2022-09-30,Report-of-Gohen,Government Bond,181.3,0.0,181.3000030517578,No Reference Price Found
AVY,2023-02-28,Applebead,Equities,181.3,0.0,181.3000030517578,No Reference Price Found
DE0001030575,2023-02-28,Report-of-Gohen,Government Bond,181.25,0.0,181.25,No Reference Price Found
VRSK,2023-01-31,Fund Whitestone,Equities,181.16,0.0,181.16000366210938,No Reference Price Found
IQV,2022-09-30,Magnum,Equities,181.14,0.0,181.13999938964844,No Reference Price Found
DE0001030575,2022-10-31,Report-of-Gohen,Government Bond,181.11,0.0,181.11000061035156,No Reference Price Found
PEP,2023-05-31,Applebead,Equities,181.08,0.0,181.0800018310547,No Reference Price Found
PEP,2023-03-31,Applebead,Equities,181.04,0.0,181.0399932861328,No Reference Price Found
DE0001030575,2023-01-31,Report-of-Gohen,Government Bond,181.02,0.0,181.02000427246094,No Reference Price Found
KEYS,2022-11-30,TT_monthly_Trustmind,Equities,180.89,0.0,180.88999938964844,No Reference Price Found
AVY,2023-08-31,Applebead,Equities,180.83,0.0,180.8300018310547,No Reference Price Found
CAT,2022-08-31,Virtous,Equities,180.73,0.0,180.72999572753906,No Reference Price Found
JBHT,2023-06-30,Fund Whitestone,Equities,180.66,0.0,180.66000366210938,No Reference Price Found
JKHY,2022-09-30,Fund Whitestone,Equities,180.57,0.0,180.57000732421875,No Reference Price Found
AVY,2022-08-31,Applebead,Equities,180.52,0.0,180.52000427246094,No Reference Price Found
GPC,2022-11-30,Wallington,Equities,180.26,0.0,180.25999450683594,No Reference Price Found
IT0003745541,2022-11-30,Fund Whitestone,Government Bond,180.15,0.0,180.14999389648438,No Reference Price Found
TRV,2023-04-30,Report-of-Gohen,Equities,180.11,0.0,180.11000061035156,No Reference Price Found
IT0003745541,2022-08-31,Fund Whitestone,Government Bond,180.04,0.0,180.0399932861328,No Reference Price Found
TXN,2023-07-31,TT_monthly_Trustmind,Equities,180.0,0.0,180.0,No Reference Price Found
JBHT,2023-02-28,Fund Whitestone,Equities,179.99,0.0,179.99000549316406,No Reference Price Found
IT0003745541,2023-05-31,Fund Whitestone,Government Bond,179.74,0.0,179.74000549316406,No Reference Price Found
VMC,2023-02-28,TT_monthly_Trustmind,Equities,179.74,0.0,179.74000549316406,No Reference Price Found
MRNA,2022-12-31,Magnum,Equities,179.62,0.0,179.6199951171875,No Reference Price Found
IT0003745541,2022-12-31,Fund Whitestone,Government Bond,179.58,0.0,179.5800018310547,No Reference Price Found
AJG,2022-08-31,Magnum,Equities,179.57,0.0,179.57000732421875,No Reference Price Found
CB,2022-09-30,Report-of-Gohen,Equities,179.56,0.0,179.55999755859375,No Reference Price Found
ABC,2023-08-31,Fund Whitestone,Equities,179.54,0.0,179.5399932861328,No Reference Price Found
MMC,2023-04-30,Applebead,Equities,179.53,0.0,179.52999877929688,No Reference Price Found
IT0003745541,2023-04-30,Fund Whitestone,Government Bond,179.5,0.0,179.5,No Reference Price Found
AVY,2022-12-31,Applebead,Equities,179.37,0.0,179.3699951171875,No Reference Price Found
KEYS,2023-01-31,TT_monthly_Trustmind,Equities,179.35,0.0,179.35000610351562,No Reference Price Found
IT0003745541,2023-07-31,Fund Whitestone,Government Bond,179.34,0.0,179.33999633789062,No Reference Price Found
IT0003745541,2023-08-31,Magnum,Government Bond,179.33,0.0,179.3300018310547,No Reference Price Found
IT0003745541,2023-03-31,Fund Whitestone,Government Bond,179.3,0.0,179.3000030517578,No Reference Price Found
IT0003745541,2022-10-31,Fund Whitestone,Government Bond,179.28,0.0,179.27999877929688,No Reference Price Found
IT0003745541,2023-02-28,Fund Whitestone,Government Bond,179.25,0.0,179.25,No Reference Price Found
IT0003745541,2023-06-30,Fund Whitestone,Government Bond,179.22,0.0,179.22000122070312,No Reference Price Found
IT0003745541,2023-01-31,Fund Whitestone,Government Bond,179.13,0.0,179.1300048828125,No Reference Price Found
IT0003745541,2022-09-30,Fund Whitestone,Government Bond,179.07,0.0,179.07000732421875,No Reference Price Found
ADI,2023-04-30,Virtous,Equities,179.02,0.0,179.02000427246094,No Reference Price Found
AVB,2022-09-30,Virtous,Equities,178.92,0.0,178.9199981689453,No Reference Price Found
BA,2022-11-30,Leeder,Equities,178.88,0.0,178.8800048828125,No Reference Price Found
JKHY,2023-01-31,Fund Whitestone,Equities,178.88,0.0,178.8800048828125,No Reference Price Found
AVB,2023-04-30,Virtous,Equities,178.78,0.0,178.77999877929688,No Reference Price Found
TXN,2023-06-30,TT_monthly_Trustmind,Equities,178.76,0.0,178.75999450683594,No Reference Price Found
CVX,2022-11-30,Belaware,Equities,178.23,0.0,178.22999572753906,No Reference Price Found
PEP,2022-12-31,Applebead,Equities,178.2,0.0,178.1999969482422,No Reference Price Found
GNRC,2022-09-30,Virtous,Equities,178.14,0.0,178.13999938964844,No Reference Price Found
AVY,2023-03-31,Applebead,Equities,178.06,0.0,178.05999755859375,No Reference Price Found
PEP,2022-10-31,Applebead,Equities,178.0,0.0,178.0,No Reference Price Found
ITW,2022-09-30,TT_monthly_Trustmind,Equities,177.65,0.0,177.64999389648438,No Reference Price Found
FSLR,2023-01-31,Leeder,Equities,177.6,0.0,177.60000610351562,No Reference Price Found
PWR,2023-05-31,rpt-Catalysm,Equities,177.51,0.0,177.50999450683594,No Reference Price Found
MTB,2022-08-31,Leeder,Equities,177.1,0.0,177.10000610351562,No Reference Price Found
CDW,2022-12-31,Leeder,Equities,176.94,0.0,176.94000244140625,No Reference Price Found
ADI,2023-05-31,Virtous,Equities,176.84,0.0,176.83999633789062,No Reference Price Found
TXN,2022-11-30,TT_monthly_Trustmind,Equities,176.57,0.0,176.57000732421875,No Reference Price Found
MRNA,2023-01-31,Magnum,Equities,176.06,0.0,176.05999755859375,No Reference Price Found
MRNA,2022-11-30,Magnum,Equities,175.91,0.0,175.91000366210938,No Reference Price Found
VRSK,2022-12-31,Fund Whitestone,Equities,175.81,0.0,175.80999755859375,No Reference Price Found
ZTS,2023-04-30,Magnum,Equities,175.39,0.0,175.38999938964844,No Reference Price Found
ETN,2023-05-31,Fund Whitestone,Equities,175.2,0.0,175.1999969482422,No Reference Price Found
META,2023-02-28,Applebead,Equities,174.94,0.0,174.94000244140625,No Reference Price Found
GPC,2022-10-31,Wallington,Equities,174.88,0.0,174.8800048828125,No Reference Price Found
LHX,2023-05-31,Wallington,Equities,174.78,0.0,174.77999877929688,No Reference Price Found
GPC,2023-02-28,Wallington,Equities,174.75,0.0,174.75,No Reference Price Found
JBHT,2023-03-31,Fund Whitestone,Equities,174.68,0.0,174.67999267578125,No Reference Price Found
TXN,2023-01-31,TT_monthly_Trustmind,Equities,174.63,0.0,174.6300048828125,No Reference Price Found
CVX,2022-10-31,Belaware,Equities,174.54,0.0,174.5399932861328,No Reference Price Found
ADI,2023-08-31,Virtous,Equities,174.53,0.0,174.52999877929688,No Reference Price Found
CVX,2022-12-31,Belaware,Equities,174.51,0.0,174.50999450683594,No Reference Price Found
JBHT,2023-04-30,Fund Whitestone,Equities,174.51,0.0,174.50999450683594,No Reference Price Found
VMC,2023-04-30,TT_monthly_Trustmind,Equities,174.4,0.0,174.39999389648438,No Reference Price Found
JKHY,2022-12-31,Fund Whitestone,Equities,174.38,0.0,174.3800048828125,No Reference Price Found
KEYS,2022-10-31,TT_monthly_Trustmind,Equities,174.15,0.0,174.14999389648438,No Reference Price Found
JNJ,2022-11-30,Belaware,Equities,174.14,0.0,174.13999938964844,No Reference Price Found
AVB,2023-01-31,Virtous,Equities,174.08,0.0,174.0800018310547,No Reference Price Found
VMC,2022-12-31,TT_monthly_Trustmind,Equities,173.97,0.0,173.97000122070312,No Reference Price Found
ENPH,2023-05-31,Applebead,Equities,173.88,0.0,173.8800048828125,No Reference Price Found
CDNS,2022-08-31,TT_monthly_Trustmind,Equities,173.77,0.0,173.77000427246094,No Reference Price Found
VRSN,2022-09-30,Virtous,Equities,173.7,0.0,173.6999969482422,No Reference Price Found
AXP,2023-01-31,Applebead,Equities,173.69,0.0,173.69000244140625,No Reference Price Found
MMC,2023-01-31,Applebead,Equities,173.66,0.0,173.66000366210938,No Reference Price Found
TRV,2023-06-30,Report-of-Gohen,Equities,173.66,0.0,173.66000366210938,No Reference Price Found
AVY,2023-04-30,Applebead,Equities,173.63,0.0,173.6300048828125,No Reference Price Found
AXP,2023-06-30,Applebead,Equities,173.6,0.0,173.60000610351562,No Reference Price Found
LH,2022-09-30,Report-of-Gohen,Equities,173.5,0.0,173.5,No Reference Price Found
AMT,2023-08-31,Fund Whitestone,Equities,173.49,0.0,173.49000549316406,No Reference Price Found
WM,2023-06-30,Belaware,Equities,173.42,0.0,173.4199981689453,No Reference Price Found
JBHT,2022-12-31,Fund Whitestone,Equities,173.22,0.0,173.22000122070312,No Reference Price Found
JNJ,2022-12-31,Belaware,Equities,172.82,0.0,172.82000732421875,No Reference Price Found
MAR,2023-01-31,TT_monthly_Trustmind,Equities,172.8,0.0,172.8000030517578,No Reference Price Found
AXP,2023-02-28,Applebead,Equities,172.76,0.0,172.75999450683594,No Reference Price Found
TXN,2023-05-31,TT_monthly_Trustmind,Equities,172.67,0.0,172.6699981689453,No Reference Price Found
TRV,2023-07-31,Report-of-Gohen,Equities,172.61,0.0,172.61000061035156,No Reference Price Found
MMC,2023-05-31,Applebead,Equities,172.54,0.0,172.5399932861328,No Reference Price Found
FSLR,2022-11-30,Leeder,Equities,172.53,0.0,172.52999877929688,No Reference Price Found
ETN,2023-02-28,Fund Whitestone,Equities,172.5,0.0,172.5,No Reference Price Found
JBHT,2022-08-31,Fund Whitestone,Equities,172.47,0.0,172.47000122070312,No Reference Price Found
AVB,2023-05-31,Virtous,Equities,172.44,0.0,172.44000244140625,No Reference Price Found
NUE,2023-07-31,Virtous,Equities,172.09,0.0,172.08999633789062,No Reference Price Found
CDNS,2022-11-30,TT_monthly_Trustmind,Equities,172.04,0.0,172.0399932861328,No Reference Price Found
LHX,2023-08-31,Wallington,Equities,171.99,0.0,171.99000549316406,No Reference Price Found
ZTS,2023-06-30,Magnum,Equities,171.83,0.0,171.8300018310547,No Reference Price Found
AVY,2023-06-30,Applebead,Equities,171.8,0.0,171.8000030517578,No Reference Price Found
MTB,2022-09-30,Leeder,Equities,171.78,0.0,171.77999877929688,No Reference Price Found
PANW,2022-10-31,Report-of-Gohen,Equities,171.59,0.0,171.58999633789062,No Reference Price Found
GPC,2022-12-31,Wallington,Equities,171.44,0.0,171.44000244140625,No Reference Price Found
MMC,2022-11-30,Applebead,Equities,171.36,0.0,171.36000061035156,No Reference Price Found
CDW,2023-05-31,Leeder,Equities,171.2,0.0,171.1999969482422,No Reference Price Found
NL0009446418,2022-11-30,Report-of-Gohen,Government Bond,171.18,0.0,171.17999267578125,No Reference Price Found
PEP,2023-02-28,Applebead,Equities,171.17,0.0,171.1699981689453,No Reference Price Found
NL0009446418,2023-05-31,Report-of-Gohen,Government Bond,171.13,0.0,171.1300048828125,No Reference Price Found
NL0009446418,2022-08-31,Report-of-Gohen,Government Bond,171.12,0.0,171.1199951171875,No Reference Price Found
KEYS,2022-12-31,TT_monthly_Trustmind,Equities,171.07,0.0,171.07000732421875,No Reference Price Found
EXR,2022-10-31,Applebead,Equities,170.88,0.0,170.8800048828125,No Reference Price Found
NL0009446418,2022-10-31,Report-of-Gohen,Government Bond,170.85,0.0,170.85000610351562,No Reference Price Found
VMC,2023-03-31,TT_monthly_Trustmind,Equities,170.85,0.0,170.85000610351562,No Reference Price Found
NL0009446418,2023-04-30,Report-of-Gohen,Government Bond,170.82,0.0,170.82000732421875,No Reference Price Found
NL0009446418,2022-12-31,Report-of-Gohen,Government Bond,170.77,0.0,170.77000427246094,No Reference Price Found
NL0009446418,2023-08-31,Report-of-Gohen,Government Bond,170.74,0.0,170.74000549316406,No Reference Price Found
NL0009446418,2023-07-31,Report-of-Gohen,Government Bond,170.69,0.0,170.69000244140625,No Reference Price Found
CDW,2022-10-31,Leeder,Equities,170.68,0.0,170.67999267578125,No Reference Price Found
NL0009446418,2023-02-28,Report-of-Gohen,Government Bond,170.66,0.0,170.66000366210938,No Reference Price Found
NL0009446418,2023-03-31,Report-of-Gohen,Government Bond,170.58,0.0,170.5800018310547,No Reference Price Found
NL0009446418,2023-01-31,Report-of-Gohen,Government Bond,170.55,0.0,170.5500030517578,No Reference Price Found
NL0009446418,2023-06-30,Report-of-Gohen,Government Bond,170.53,0.0,170.52999877929688,No Reference Price Found
VRSK,2023-02-28,Fund Whitestone,Equities,170.52,0.0,170.52000427246094,No Reference Price Found
NL0009446418,2022-09-30,Report-of-Gohen,Government Bond,170.51,0.0,170.50999450683594,No Reference Price Found
TRV,2023-03-31,Report-of-Gohen,Equities,170.43,0.0,170.42999267578125,No Reference Price Found
AVB,2022-10-31,Virtous,Equities,170.11,0.0,170.11000061035156,No Reference Price Found
AVB,2022-11-30,Virtous,Equities,169.9,0.0,169.89999389648438,No Reference Price Found
PANW,2022-11-30,Report-of-Gohen,Equities,169.9,0.0,169.89999389648438,No Reference Price Found
ADI,2023-01-31,Virtous,Equities,169.86,0.0,169.86000061035156,No Reference Price Found
AJG,2022-09-30,Magnum,Equities,169.81,0.0,169.80999755859375,No Reference Price Found
ETN,2023-03-31,Fund Whitestone,Equities,169.79,0.0,169.7899932861328,No Reference Price Found
ABC,2023-05-31,Fund Whitestone,Equities,169.71,0.0,169.7100067138672,No Reference Price Found
VRSK,2022-09-30,Fund Whitestone,Equities,169.66,0.0,169.66000366210938,No Reference Price Found
PWR,2023-04-30,rpt-Catalysm,Equities,169.57,0.0,169.57000732421875,No Reference Price Found
JBHT,2022-10-31,Fund Whitestone,Equities,169.55,0.0,169.5500030517578,No Reference Price Found
ADI,2022-11-30,Virtous,Equities,169.54,0.0,169.5399932861328,No Reference Price Found
AVB,2023-02-28,Virtous,Equities,169.26,0.0,169.25999450683594,No Reference Price Found
ABC,2022-11-30,Fund Whitestone,Equities,169.24,0.0,169.24000549316406,No Reference Price Found
GPC,2023-06-30,Wallington,Equities,169.23,0.0,169.22999572753906,No Reference Price Found
CVX,2023-01-31,Belaware,Equities,169.2,0.0,169.1999969482422,No Reference Price Found
NVDA,2022-11-30,Magnum,Equities,169.18,0.0,169.17999267578125,No Reference Price Found
FSLR,2023-02-28,Leeder,Equities,169.14,0.0,169.13999938964844,No Reference Price Found
JNJ,2022-10-31,Belaware,Equities,169.11,0.0,169.11000061035156,No Reference Price Found
TXN,2023-02-28,TT_monthly_Trustmind,Equities,168.95,0.0,168.9499969482422,No Reference Price Found
DRI,2023-07-31,Applebead,Equities,168.92,0.0,168.9199981689453,No Reference Price Found
AXP,2023-07-31,Applebead,Equities,168.88,0.0,168.8800048828125,No Reference Price Found
PEP,2023-01-31,Applebead,Equities,168.69,0.0,168.69000244140625,No Reference Price Found
CDW,2022-08-31,Leeder,Equities,168.6,0.0,168.60000610351562,No Reference Price Found
CDW,2023-04-30,Leeder,Equities,168.52,0.0,168.52000427246094,No Reference Price Found
TGT,2023-01-31,rpt-Catalysm,Equities,168.47,0.0,168.47000122070312,No Reference Price Found
MAR,2023-04-30,TT_monthly_Trustmind,Equities,168.39,0.0,168.38999938964844,No Reference Price Found
MAR,2023-02-28,TT_monthly_Trustmind,Equities,168.29,0.0,168.2899932861328,No Reference Price Found
TRV,2023-05-31,Report-of-Gohen,Equities,168.28,0.0,168.27999877929688,No Reference Price Found
CRM,2023-01-31,Leeder,Equities,167.97,0.0,167.97000122070312,No Reference Price Found
BR,2023-07-31,Applebead,Equities,167.92,0.0,167.9199981689453,No Reference Price Found
BR,2022-08-31,Applebead,Equities,167.91,0.0,167.91000366210938,No Reference Price Found
NUE,2023-01-31,Virtous,Equities,167.91,0.0,167.91000366210938,No Reference Price Found
ANET,2023-03-31,rpt-Catalysm,Equities,167.86,0.0,167.86000061035156,No Reference Price Found
PEP,2022-08-31,Applebead,Equities,167.75,0.0,167.75,No Reference Price Found
JKHY,2023-07-31,Fund Whitestone,Equities,167.57,0.0,167.57000732421875,No Reference Price Found
GB00BLH38265,2022-11-30,Magnum,Government Bond,167.57,0.0,167.57000732421875,No Reference Price Found
ABC,2023-01-31,Fund Whitestone,Equities,167.52,0.0,167.52000427246094,No Reference Price Found
ENPH,2023-06-30,Applebead,Equities,167.48,0.0,167.47999572753906,No Reference Price Found
KEYS,2023-06-30,TT_monthly_Trustmind,Equities,167.45,0.0,167.4499969482422,No Reference Price Found
MAR,2023-05-31,TT_monthly_Trustmind,Equities,167.37,0.0,167.3699951171875,No Reference Price Found
AVY,2022-10-31,Applebead,Equities,167.37,0.0,167.3699951171875,No Reference Price Found
ECL,2023-04-30,Belaware,Equities,167.35,0.0,167.35000610351562,No Reference Price Found
JKHY,2023-06-30,Fund Whitestone,Equities,167.33,0.0,167.3300018310547,No Reference Price Found
GPC,2023-04-30,Wallington,Equities,167.24,0.0,167.24000549316406,No Reference Price Found
JNJ,2023-08-31,Belaware,Equities,167.18,0.0,167.17999267578125,No Reference Price Found
GB00BLH38265,2022-12-31,Magnum,Government Bond,166.99,0.0,166.99000549316406,No Reference Price Found
GB00BLH38265,2022-08-31,Magnum,Government Bond,166.92,0.0,166.9199981689453,No Reference Price Found
GB00BLH38265,2023-02-28,Magnum,Government Bond,166.84,0.0,166.83999633789062,No Reference Price Found
GB00BLH38265,2023-05-31,Magnum,Government Bond,166.84,0.0,166.83999633789062,No Reference Price Found
GB00BLH38265,2022-10-31,Magnum,Government Bond,166.81,0.0,166.80999755859375,No Reference Price Found
GB00BLH38265,2023-04-30,Magnum,Government Bond,166.81,0.0,166.80999755859375,No Reference Price Found
MTB,2022-11-30,Leeder,Equities,166.81,0.0,166.80999755859375,No Reference Price Found
GB00BLH38265,2023-07-31,Magnum,Government Bond,166.78,0.0,166.77999877929688,No Reference Price Found
GB00BLH38265,2023-01-31,Magnum,Government Bond,166.74,0.0,166.74000549316406,No Reference Price Found
GB00BLH38265,2023-08-31,Magnum,Government Bond,166.67,0.0,166.6699981689453,No Reference Price Found
JBHT,2023-05-31,Fund Whitestone,Equities,166.63,0.0,166.6300048828125,No Reference Price Found
GB00BLH38265,2023-03-31,Magnum,Government Bond,166.6,0.0,166.60000610351562,No Reference Price Found
AVB,2023-03-31,Virtous,Equities,166.58,0.0,166.5800018310547,No Reference Price Found
GB00BLH38265,2022-09-30,Magnum,Government Bond,166.5,0.0,166.5,No Reference Price Found
PWR,2023-03-31,rpt-Catalysm,Equities,166.49,0.0,166.49000549316406,No Reference Price Found
GB00BLH38265,2023-06-30,Magnum,Government Bond,166.39,0.0,166.38999938964844,No Reference Price Found
ANET,2023-05-31,rpt-Catalysm,Equities,166.34,0.0,166.33999633789062,No Reference Price Found
NUE,2023-02-28,Virtous,Equities,166.34,0.0,166.33999633789062,No Reference Price Found
EXR,2022-09-30,Applebead,Equities,166.33,0.0,166.3300018310547,No Reference Price Found
JNJ,2023-07-31,Belaware,Equities,166.32,0.0,166.32000732421875,No Reference Price Found
GB00B3Y1JG82,2022-11-30,Virtous,Government Bond,166.31,0.0,166.30999755859375,No Reference Price Found
ZTS,2023-02-28,Magnum,Equities,166.28,0.0,166.27999877929688,No Reference Price Found
WM,2022-08-31,Belaware,Equities,166.24,0.0,166.24000549316406,No Reference Price Found
GPC,2023-03-31,Wallington,Equities,166.24,0.0,166.24000549316406,No Reference Price Found
ABC,2023-04-30,Fund Whitestone,Equities,165.94,0.0,165.94000244140625,No Reference Price Found
TGT,2023-02-28,rpt-Catalysm,Equities,165.94,0.0,165.94000244140625,No Reference Price Found
GPC,2023-01-31,Wallington,Equities,165.82,0.0,165.82000732421875,No Reference Price Found
DRI,2023-06-30,Applebead,Equities,165.75,0.0,165.75,No Reference Price Found
ZTS,2023-03-31,Magnum,Equities,165.72,0.0,165.72000122070312,No Reference Price Found
GB00B3Y1JG82,2022-08-31,Report-of-Gohen,Government Bond,165.65,0.0,165.64999389648438,No Reference Price Found
BR,2023-06-30,Applebead,Equities,165.63,0.0,165.6300048828125,No Reference Price Found
GB00B3Y1JG82,2023-02-28,Report-of-Gohen,Government Bond,165.61,0.0,165.61000061035156,No Reference Price Found
ETN,2023-04-30,Fund Whitestone,Equities,165.61,0.0,165.61000061035156,No Reference Price Found
WM,2022-11-30,Belaware,Equities,165.57,0.0,165.57000732421875,No Reference Price Found
GB00B3Y1JG82,2023-04-30,Report-of-Gohen,Government Bond,165.53,0.0,165.52999877929688,No Reference Price Found
GB00B3Y1JG82,2023-01-31,Report-of-Gohen,Government Bond,165.52,0.0,165.52000427246094,No Reference Price Found
GB00B3Y1JG82,2023-08-31,Report-of-Gohen,Government Bond,165.49,0.0,165.49000549316406,No Reference Price Found
GB00B3Y1JG82,2023-05-31,Report-of-Gohen,Government Bond,165.48,0.0,165.47999572753906,No Reference Price Found
GB00B3Y1JG82,2022-12-31,Report-of-Gohen,Government Bond,165.47,0.0,165.47000122070312,No Reference Price Found
CVX,2023-04-30,Belaware,Equities,165.36,0.0,165.36000061035156,No Reference Price Found
MMC,2023-03-31,Applebead,Equities,165.36,0.0,165.36000061035156,No Reference Price Found
WM,2023-04-30,Belaware,Equities,165.33,0.0,165.3300018310547,No Reference Price Found
GB00B3Y1JG82,2023-07-31,Report-of-Gohen,Government Bond,165.31,0.0,165.30999755859375,No Reference Price Found
MAR,2023-03-31,TT_monthly_Trustmind,Equities,165.11,0.0,165.11000061035156,No Reference Price Found
GB00B3Y1JG82,2023-03-31,Report-of-Gohen,Government Bond,165.06,0.0,165.05999755859375,No Reference Price Found
ECL,2023-03-31,Belaware,Equities,165.05,0.0,165.0500030517578,No Reference Price Found
VMC,2022-08-31,TT_monthly_Trustmind,Equities,165.04,0.0,165.0399932861328,No Reference Price Found
GB00B3Y1JG82,2022-09-30,Report-of-Gohen,Government Bond,164.97,0.0,164.97000122070312,No Reference Price Found
GB00B3Y1JG82,2022-10-31,Report-of-Gohen,Government Bond,164.94,0.0,164.94000244140625,No Reference Price Found
ZTS,2023-01-31,Magnum,Equities,164.77,0.0,164.77000427246094,No Reference Price Found
TXN,2023-04-30,TT_monthly_Trustmind,Equities,164.76,0.0,164.75999450683594,No Reference Price Found
GB00B3Y1JG82,2023-06-30,Report-of-Gohen,Government Bond,164.74,0.0,164.74000549316406,No Reference Price Found
ECL,2023-05-31,Belaware,Equities,164.57,0.0,164.57000732421875,No Reference Price Found
CLX,2023-04-30,Belaware,Equities,164.41,0.0,164.41000366210938,No Reference Price Found
JKHY,2023-08-31,Fund Whitestone,Equities,164.37,0.0,164.3699951171875,No Reference Price Found
BE0000331406,2022-11-30,Report-of-Gohen,Government Bond,164.36,0.0,164.36000061035156,No Reference Price Found
JNJ,2023-06-30,Belaware,Equities,164.33,0.0,164.3300018310547,No Reference Price Found
ABC,2022-12-31,Report-of-Gohen,Equities,164.3,0.0,164.3000030517578,No Reference Price Found
BE0000331406,2022-08-31,Report-of-Gohen,Government Bond,164.26,0.0,164.25999450683594,No Reference Price Found
BE0000331406,2023-05-31,Report-of-Gohen,Government Bond,164.2,0.0,164.1999969482422,No Reference Price Found
ENPH,2023-04-30,Applebead,Equities,164.2,0.0,164.1999969482422,No Reference Price Found
MAR,2022-11-30,TT_monthly_Trustmind,Equities,164.04,0.0,164.0399932861328,No Reference Price Found
MTB,2022-10-31,Leeder,Equities,164.03,0.0,164.02999877929688,No Reference Price Found
BE0000331406,2023-04-30,Report-of-Gohen,Government Bond,163.99,0.0,163.99000549316406,No Reference Price Found
NUE,2023-06-30,Virtous,Equities,163.98,0.0,163.97999572753906,No Reference Price Found
BE0000331406,2022-10-31,Report-of-Gohen,Government Bond,163.94,0.0,163.94000244140625,No Reference Price Found
BE0000331406,2022-12-31,Report-of-Gohen,Government Bond,163.92,0.0,163.9199981689453,No Reference Price Found
KEYS,2022-08-31,TT_monthly_Trustmind,Equities,163.89,0.0,163.88999938964844,No Reference Price Found
BE0000331406,2023-08-31,Report-of-Gohen,Government Bond,163.87,0.0,163.8699951171875,No Reference Price Found
BE0000331406,2023-07-31,Report-of-Gohen,Government Bond,163.82,0.0,163.82000732421875,No Reference Price Found
PANW,2022-09-30,Report-of-Gohen,Equities,163.79,0.0,163.7899932861328,No Reference Price Found
WM,2023-07-31,Belaware,Equities,163.79,0.0,163.7899932861328,No Reference Price Found
AXP,2023-03-31,Applebead,Equities,163.78,0.0,163.77999877929688,No Reference Price Found
BE0000331406,2023-01-31,Report-of-Gohen,Government Bond,163.75,0.0,163.75,No Reference Price Found
MMC,2022-12-31,Applebead,Equities,163.74,0.0,163.74000549316406,No Reference Price Found
BE0000331406,2023-02-28,Report-of-Gohen,Government Bond,163.72,0.0,163.72000122070312,No Reference Price Found
BE0000331406,2023-03-31,Report-of-Gohen,Government Bond,163.72,0.0,163.72000122070312,No Reference Price Found
BE0000331406,2023-06-30,Report-of-Gohen,Government Bond,163.7,0.0,163.6999969482422,No Reference Price Found
TRV,2023-08-31,Report-of-Gohen,Equities,163.68,0.0,163.67999267578125,No Reference Price Found
BE0000331406,2022-09-30,Report-of-Gohen,Government Bond,163.67,0.0,163.6699981689453,No Reference Price Found
CRM,2023-02-28,Leeder,Equities,163.61,0.0,163.61000061035156,No Reference Price Found
HON,2022-09-30,Fund Whitestone,Equities,163.52,0.0,163.52000427246094,No Reference Price Found
TGT,2022-11-30,rpt-Catalysm,Equities,163.51,0.0,163.50999450683594,No Reference Price Found
CDNS,2022-09-30,TT_monthly_Trustmind,Equities,163.43,0.0,163.42999267578125,No Reference Price Found
JKHY,2023-02-28,Fund Whitestone,Equities,163.14,0.0,163.13999938964844,No Reference Price Found
TGT,2023-03-31,rpt-Catalysm,Equities,163.12,0.0,163.1199951171875,No Reference Price Found
META,2022-08-31,Applebead,Equities,162.93,0.0,162.92999267578125,No Reference Price Found
AAP,2022-08-31,Belaware,Equities,162.78,0.0,162.77999877929688,No Reference Price Found
JKHY,2023-04-30,Fund Whitestone,Equities,162.76,0.0,162.75999450683594,No Reference Price Found
ZTS,2023-05-31,Magnum,Equities,162.65,0.0,162.64999389648438,No Reference Price Found
CRM,2022-10-31,Leeder,Equities,162.59,0.0,162.58999633789062,No Reference Price Found
ADI,2022-12-31,Virtous,Equities,162.49,0.0,162.49000549316406,No Reference Price Found
WM,2023-03-31,Belaware,Equities,162.46,0.0,162.4600067138672,No Reference Price Found
VMC,2022-10-31,TT_monthly_Trustmind,Equities,162.28,0.0,162.27999877929688,No Reference Price Found
CVX,2023-07-31,Belaware,Equities,162.1,0.0,162.10000610351562,No Reference Price Found
ANET,2023-06-30,rpt-Catalysm,Equities,162.06,0.0,162.05999755859375,No Reference Price Found
AU0000XCLWV6,2022-11-30,Report-of-Gohen,Government Bond,162.02,0.0,162.02000427246094,No Reference Price Found
AU0000XCLWV6,2022-08-31,Report-of-Gohen,Government Bond,161.95,0.0,161.9499969482422,No Reference Price Found
KEYS,2023-05-31,TT_monthly_Trustmind,Equities,161.8,0.0,161.8000030517578,No Reference Price Found
US912810FS25,2022-11-30,Fund Whitestone,Government Bond,161.72,0.0,161.72000122070312,No Reference Price Found
US912810FS25,2022-08-31,Fund Whitestone,Government Bond,161.69,0.0,161.69000244140625,No Reference Price Found
US912810FS25,2023-04-30,Fund Whitestone,Government Bond,161.68,0.0,161.67999267578125,No Reference Price Found
US912810FS25,2023-05-31,Fund Whitestone,Government Bond,161.68,0.0,161.67999267578125,No Reference Price Found
AU0000XCLWV6,2023-05-31,Report-of-Gohen,Government Bond,161.67,0.0,161.6699981689453,No Reference Price Found
ECL,2022-08-31,Belaware,Equities,161.67,0.0,161.6699981689453,No Reference Price Found
TXN,2022-12-31,TT_monthly_Trustmind,Equities,161.66,0.0,161.66000366210938,No Reference Price Found
AU0000XCLWV6,2023-04-30,Report-of-Gohen,Government Bond,161.61,0.0,161.61000061035156,No Reference Price Found
US912810FS25,2023-08-31,Fund Whitestone,Government Bond,161.6,0.0,161.60000610351562,No Reference Price Found
US912810FS25,2022-12-31,Fund Whitestone,Government Bond,161.57,0.0,161.57000732421875,No Reference Price Found
US912810FS25,2022-10-31,Fund Whitestone,Government Bond,161.49,0.0,161.49000549316406,No Reference Price Found
KEYS,2023-03-31,TT_monthly_Trustmind,Equities,161.48,0.0,161.47999572753906,No Reference Price Found
US912810FS25,2023-02-28,Fund Whitestone,Government Bond,161.39,0.0,161.38999938964844,No Reference Price Found
AU0000XCLWV6,2022-10-31,Report-of-Gohen,Government Bond,161.37,0.0,161.3699951171875,No Reference Price Found
AU0000XCLWV6,2023-07-31,Report-of-Gohen,Government Bond,161.35,0.0,161.35000610351562,No Reference Price Found
US912810FS25,2022-09-30,Fund Whitestone,Government Bond,161.35,0.0,161.35000610351562,No Reference Price Found
US912810FS25,2023-01-31,Fund Whitestone,Government Bond,161.34,0.0,161.33999633789062,No Reference Price Found
AU0000XCLWV6,2022-12-31,Report-of-Gohen,Government Bond,161.34,0.0,161.33999633789062,No Reference Price Found
JNJ,2023-04-30,Belaware,Equities,161.3,0.0,161.3000030517578,No Reference Price Found
PWR,2023-02-28,rpt-Catalysm,Equities,161.25,0.0,161.25,No Reference Price Found
US912810FS25,2023-07-31,Fund Whitestone,Government Bond,161.23,0.0,161.22999572753906,No Reference Price Found
WM,2023-05-31,Belaware,Equities,161.22,0.0,161.22000122070312,No Reference Price Found
AU0000XCLWV6,2023-08-31,Report-of-Gohen,Government Bond,161.21,0.0,161.2100067138672,No Reference Price Found
ETN,2022-11-30,Fund Whitestone,Equities,161.18,0.0,161.17999267578125,No Reference Price Found
US912810FS25,2023-03-31,Fund Whitestone,Government Bond,161.18,0.0,161.17999267578125,No Reference Price Found
AU0000XCLWV6,2023-03-31,Report-of-Gohen,Government Bond,161.17,0.0,161.1699981689453,No Reference Price Found
AU0000XCLWV6,2023-06-30,Report-of-Gohen,Government Bond,161.13,0.0,161.1300048828125,No Reference Price Found
KEYS,2023-07-31,TT_monthly_Trustmind,Equities,161.08,0.0,161.0800018310547,No Reference Price Found
AU0000XCLWV6,2023-02-28,Report-of-Gohen,Government Bond,161.06,0.0,161.05999755859375,No Reference Price Found
BE0000304130,2022-11-30,Fund Whitestone,Government Bond,161.06,0.0,161.05999755859375,No Reference Price Found
AU0000XCLWV6,2022-09-30,Report-of-Gohen,Government Bond,161.05,0.0,161.0500030517578,No Reference Price Found
US912810FS25,2023-06-30,Fund Whitestone,Government Bond,161.05,0.0,161.0500030517578,No Reference Price Found
AU0000XCLWV6,2023-01-31,Report-of-Gohen,Government Bond,161.01,0.0,161.00999450683594,No Reference Price Found
MMC,2023-02-28,Applebead,Equities,160.98,0.0,160.97999572753906,No Reference Price Found
BE0000304130,2022-08-31,Fund Whitestone,Government Bond,160.82,0.0,160.82000732421875,No Reference Price Found
AXP,2023-04-30,Applebead,Equities,160.79,0.0,160.7899932861328,No Reference Price Found
BE0000304130,2023-05-31,Fund Whitestone,Government Bond,160.71,0.0,160.7100067138672,No Reference Price Found
CDNS,2022-12-31,TT_monthly_Trustmind,Equities,160.64,0.0,160.63999938964844,No Reference Price Found
AVY,2022-09-30,Applebead,Equities,160.61,0.0,160.61000061035156,No Reference Price Found
BE0000304130,2022-12-31,Fund Whitestone,Government Bond,160.55,0.0,160.5500030517578,No Reference Price Found
CAT,2022-09-30,Virtous,Equities,160.54,0.0,160.5399932861328,No Reference Price Found
BE0000304130,2023-04-30,Fund Whitestone,Government Bond,160.52,0.0,160.52000427246094,No Reference Price Found
BE0000304130,2023-07-31,Fund Whitestone,Government Bond,160.4,0.0,160.39999389648438,No Reference Price Found
TXN,2022-08-31,TT_monthly_Trustmind,Equities,160.37,0.0,160.3699951171875,No Reference Price Found
BE0000304130,2023-08-31,Fund Whitestone,Government Bond,160.34,0.0,160.33999633789062,No Reference Price Found
AVY,2023-05-31,Applebead,Equities,160.34,0.0,160.33999633789062,No Reference Price Found
BE0000304130,2023-03-31,Fund Whitestone,Government Bond,160.3,0.0,160.3000030517578,No Reference Price Found
BE0000304130,2023-06-30,Fund Whitestone,Government Bond,160.29,0.0,160.2899932861328,No Reference Price Found
BE0000304130,2022-10-31,Fund Whitestone,Government Bond,160.27,0.0,160.27000427246094,No Reference Price Found
BE0000304130,2023-01-31,Fund Whitestone,Government Bond,160.26,0.0,160.25999450683594,No Reference Price Found
BA,2022-08-31,Leeder,Equities,160.25,0.0,160.25,No Reference Price Found
CRM,2022-11-30,Leeder,Equities,160.25,0.0,160.25,No Reference Price Found
BE0000304130,2022-09-30,Fund Whitestone,Government Bond,160.19,0.0,160.19000244140625,No Reference Price Found
ANET,2023-04-30,rpt-Catalysm,Equities,160.16,0.0,160.16000366210938,No Reference Price Found
BE0000304130,2023-02-28,Fund Whitestone,Government Bond,160.14,0.0,160.13999938964844,No Reference Price Found
EXR,2023-02-28,Applebead,Equities,160.08,0.0,160.0800018310547,No Reference Price Found
EXR,2023-03-31,Applebead,Equities,160.05,0.0,160.0500030517578,No Reference Price Found
CVX,2023-03-31,Belaware,Equities,160.04,0.0,160.0399932861328,No Reference Price Found
PEP,2022-09-30,Applebead,Equities,160.04,0.0,160.0399932861328,No Reference Price Found
KEYS,2023-02-28,TT_monthly_Trustmind,Equities,159.96,0.0,159.9600067138672,No Reference Price Found
ETN,2023-01-31,Fund Whitestone,Equities,159.95,0.0,159.9499969482422,No Reference Price Found
WM,2023-08-31,Belaware,Equities,159.9,0.0,159.89999389648438,No Reference Price Found
JNJ,2023-01-31,Belaware,Equities,159.88,0.0,159.8800048828125,No Reference Price Found
MMC,2022-10-31,Applebead,Equities,159.79,0.0,159.7899932861328,No Reference Price Found
TGT,2022-10-31,rpt-Catalysm,Equities,159.75,0.0,159.75,No Reference Price Found
NUE,2023-08-31,Virtous,Equities,159.54,0.0,159.5399932861328,No Reference Price Found
WMT,2023-07-31,Report-of-Gohen,Equities,159.29,0.0,159.2899932861328,No Reference Price Found
CA135087B949,2022-11-30,Virtous,Government Bond,159.27,0.0,159.27000427246094,No Reference Price Found
ABC,2023-03-31,Fund Whitestone,Equities,159.23,0.0,159.22999572753906,No Reference Price Found
CA135087B949,2022-12-31,Virtous,Government Bond,159.08,0.0,159.0800018310547,No Reference Price Found
MMC,2022-08-31,Applebead,Equities,159.08,0.0,159.0800018310547,No Reference Price Found
US912810PV44,2022-08-31,Virtous,Government Bond,158.9,0.0,158.89999389648438,No Reference Price Found
US912810PV44,2022-11-30,Virtous,Government Bond,158.88,0.0,158.8800048828125,No Reference Price Found
CA135087B949,2023-07-31,Virtous,Government Bond,158.88,0.0,158.8800048828125,No Reference Price Found
CA135087B949,2023-05-31,Virtous,Government Bond,158.85,0.0,158.85000610351562,No Reference Price Found
US912810PV44,2023-05-31,Virtous,Government Bond,158.82,0.0,158.82000732421875,No Reference Price Found
CA135087B949,2022-08-31,Virtous,Government Bond,158.81,0.0,158.80999755859375,No Reference Price Found
JNJ,2022-09-30,Belaware,Equities,158.79,0.0,158.7899932861328,No Reference Price Found
US912810PV44,2022-12-31,Virtous,Government Bond,158.79,0.0,158.7899932861328,No Reference Price Found
US912810PV44,2023-04-30,Virtous,Government Bond,158.72,0.0,158.72000122070312,No Reference Price Found
CA135087B949,2023-02-28,Virtous,Government Bond,158.69,0.0,158.69000244140625,No Reference Price Found
CA135087B949,2023-03-31,Virtous,Government Bond,158.68,0.0,158.67999267578125,No Reference Price Found
US912810PV44,2023-08-31,Virtous,Government Bond,158.68,0.0,158.67999267578125,No Reference Price Found
CA135087B949,2023-04-30,Virtous,Government Bond,158.67,0.0,158.6699981689453,No Reference Price Found
CA135087B949,2022-09-30,Virtous,Government Bond,158.64,0.0,158.63999938964844,No Reference Price Found
PANW,2023-01-31,Report-of-Gohen,Equities,158.64,0.0,158.63999938964844,No Reference Price Found
CA135087B949,2023-01-31,Virtous,Government Bond,158.57,0.0,158.57000732421875,No Reference Price Found
US912810PV44,2023-02-28,Virtous,Government Bond,158.55,0.0,158.5500030517578,No Reference Price Found
US912810PV44,2022-10-31,Virtous,Government Bond,158.54,0.0,158.5399932861328,No Reference Price Found
CA135087B949,2023-08-31,Virtous,Government Bond,158.53,0.0,158.52999877929688,No Reference Price Found
CA135087B949,2022-10-31,Virtous,Government Bond,158.52,0.0,158.52000427246094,No Reference Price Found
CA135087B949,2023-06-30,Virtous,Government Bond,158.52,0.0,158.52000427246094,No Reference Price Found
DLTR,2022-10-31,TT_monthly_Trustmind,Equities,158.5,0.0,158.5,No Reference Price Found
US912810PV44,2022-09-30,Virtous,Government Bond,158.5,0.0,158.5,No Reference Price Found
US912810PV44,2023-01-31,Virtous,Government Bond,158.47,0.0,158.47000122070312,No Reference Price Found
AVB,2022-12-31,Virtous,Equities,158.46,0.0,158.4600067138672,No Reference Price Found
MAR,2022-10-31,TT_monthly_Trustmind,Equities,158.44,0.0,158.44000244140625,No Reference Price Found
US912810PV44,2023-07-31,Virtous,Government Bond,158.42,0.0,158.4199981689453,No Reference Price Found
US912810PV44,2023-03-31,Virtous,Government Bond,158.37,0.0,158.3699951171875,No Reference Price Found
ECL,2023-02-28,Belaware,Equities,158.36,0.0,158.36000061035156,No Reference Price Found
US912810PV44,2023-06-30,Virtous,Government Bond,158.32,0.0,158.32000732421875,No Reference Price Found
FFIV,2023-07-31,Magnum,Equities,158.24,0.0,158.24000549316406,No Reference Price Found
TRV,2022-08-31,Report-of-Gohen,Equities,158.19,0.0,158.19000244140625,No Reference Price Found
WM,2022-09-30,Belaware,Equities,158.16,0.0,158.16000366210938,No Reference Price Found
AXP,2023-05-31,Applebead,Equities,158.02,0.0,158.02000427246094,No Reference Price Found
TXN,2023-08-31,TT_monthly_Trustmind,Equities,158.01,0.0,158.00999450683594,No Reference Price Found
JPM,2023-07-31,Magnum,Equities,157.96,0.0,157.9600067138672,No Reference Price Found
CLX,2023-06-30,Belaware,Equities,157.87,0.0,157.8699951171875,No Reference Price Found
CVX,2023-02-28,Belaware,Equities,157.7,0.0,157.6999969482422,No Reference Price Found
WMT,2023-08-31,Report-of-Gohen,Equities,157.67,0.0,157.6699981689453,No Reference Price Found
FFIV,2023-08-31,Magnum,Equities,157.57,0.0,157.57000732421875,No Reference Price Found
ARE,2023-01-31,Belaware,Equities,157.41,0.0,157.41000366210938,No Reference Price Found
CLX,2023-08-31,Belaware,Equities,157.39,0.0,157.38999938964844,No Reference Price Found
KEYS,2022-09-30,TT_monthly_Trustmind,Equities,157.36,0.0,157.36000061035156,No Reference Price Found
CVX,2023-08-31,Belaware,Equities,157.35,0.0,157.35000610351562,No Reference Price Found
DRI,2023-05-31,Applebead,Equities,157.25,0.0,157.25,No Reference Price Found
TXN,2022-10-31,TT_monthly_Trustmind,Equities,157.17,0.0,157.1699981689453,No Reference Price Found
GPC,2023-08-31,Wallington,Equities,157.08,0.0,157.0800018310547,No Reference Price Found
FFIV,2022-08-31,Magnum,Equities,157.06,0.0,157.05999755859375,No Reference Price Found
CLX,2023-05-31,Belaware,Equities,157.02,0.0,157.02000427246094,No Reference Price Found
ABBV,2022-12-31,Virtous,Equities,156.89,0.0,156.88999938964844,No Reference Price Found
JNJ,2022-08-31,Belaware,Equities,156.83,0.0,156.8300018310547,No Reference Price Found
WMT,2023-06-30,Report-of-Gohen,Equities,156.62,0.0,156.6199951171875,No Reference Price Found
ABBV,2022-11-30,Virtous,Equities,156.47,0.0,156.47000122070312,No Reference Price Found
AU000XCLWAF4,2022-11-30,Report-of-Gohen,Government Bond,156.37,0.0,156.3699951171875,No Reference Price Found
WM,2022-10-31,Belaware,Equities,156.34,0.0,156.33999633789062,No Reference Price Found
VMC,2022-09-30,TT_monthly_Trustmind,Equities,156.34,0.0,156.33999633789062,No Reference Price Found
PG,2023-07-31,Belaware,Equities,156.3,0.0,156.3000030517578,No Reference Price Found
AU000XCLWAF4,2022-08-31,Report-of-Gohen,Government Bond,156.28,0.0,156.27999877929688,No Reference Price Found
US912810SG40,2022-11-30,Magnum,Government Bond,156.24,0.0,156.24000549316406,No Reference Price Found
US912810SG40,2022-12-31,Magnum,Government Bond,156.24,0.0,156.24000549316406,No Reference Price Found
ABBV,2023-03-31,Virtous,Equities,156.19,0.0,156.19000244140625,No Reference Price Found
US912810SG40,2023-05-31,Magnum,Government Bond,156.13,0.0,156.1300048828125,No Reference Price Found
CRM,2022-08-31,Leeder,Equities,156.12,0.0,156.1199951171875,No Reference Price Found
AU000XCLWAF4,2023-05-31,Report-of-Gohen,Government Bond,156.04,0.0,156.0399932861328,No Reference Price Found
US912810SG40,2023-02-28,Magnum,Government Bond,156.01,0.0,156.00999450683594,No Reference Price Found
US912810SG40,2022-09-30,Magnum,Government Bond,156.01,0.0,156.00999450683594,No Reference Price Found
US912810SG40,2022-08-31,Magnum,Government Bond,156.0,0.0,156.0,No Reference Price Found
AU000XCLWAF4,2023-04-30,Report-of-Gohen,Government Bond,155.98,0.0,155.97999572753906,No Reference Price Found
CLX,2023-03-31,Belaware,Equities,155.96,0.0,155.9600067138672,No Reference Price Found
TGT,2022-08-31,rpt-Catalysm,Equities,155.95,0.0,155.9499969482422,No Reference Price Found
US912810SG40,2023-06-30,Magnum,Government Bond,155.93,0.0,155.92999267578125,No Reference Price Found
AXP,2022-11-30,Applebead,Equities,155.93,0.0,155.92999267578125,No Reference Price Found
US912810SG40,2023-07-31,Magnum,Government Bond,155.92,0.0,155.9199981689453,No Reference Price Found
US912810SG40,2023-04-30,Magnum,Government Bond,155.91,0.0,155.91000366210938,No Reference Price Found
US912810SG40,2023-03-31,Magnum,Government Bond,155.9,0.0,155.89999389648438,No Reference Price Found
CVX,2023-06-30,Belaware,Equities,155.85,0.0,155.85000610351562,No Reference Price Found
US912810SG40,2023-01-31,Magnum,Government Bond,155.8,0.0,155.8000030517578,No Reference Price Found
US912810SG40,2022-10-31,Magnum,Government Bond,155.75,0.0,155.75,No Reference Price Found
AU000XCLWAF4,2022-10-31,Report-of-Gohen,Government Bond,155.75,0.0,155.75,No Reference Price Found
AU000XCLWAF4,2022-12-31,Report-of-Gohen,Government Bond,155.75,0.0,155.75,No Reference Price Found
GPC,2023-07-31,Wallington,Equities,155.72,0.0,155.72000122070312,No Reference Price Found
AU000XCLWAF4,2023-07-31,Report-of-Gohen,Government Bond,155.71,0.0,155.7100067138672,No Reference Price Found
US912810SG40,2023-08-31,Magnum,Government Bond,155.7,0.0,155.6999969482422,No Reference Price Found
AU000XCLWAF4,2023-03-31,Report-of-Gohen,Government Bond,155.6,0.0,155.60000610351562,No Reference Price Found
AU000XCLWAF4,2023-08-31,Report-of-Gohen,Government Bond,155.53,0.0,155.52999877929688,No Reference Price Found
AU000XCLWAF4,2023-06-30,Report-of-Gohen,Government Bond,155.51,0.0,155.50999450683594,No Reference Price Found
ECL,2022-10-31,Belaware,Equities,155.5,0.0,155.5,No Reference Price Found
AU000XCLWAF4,2023-02-28,Report-of-Gohen,Government Bond,155.47,0.0,155.47000122070312,No Reference Price Found
WM,2022-12-31,Belaware,Equities,155.47,0.0,155.47000122070312,No Reference Price Found
AU000XCLWAF4,2022-09-30,Report-of-Gohen,Government Bond,155.43,0.0,155.42999267578125,No Reference Price Found
AU000XCLWAF4,2023-01-31,Report-of-Gohen,Government Bond,155.41,0.0,155.41000366210938,No Reference Price Found
ABC,2022-10-31,Report-of-Gohen,Equities,155.4,0.0,155.39999389648438,No Reference Price Found
PG,2023-04-30,Belaware,Equities,155.4,0.0,155.39999389648438,No Reference Price Found
DRI,2023-08-31,Applebead,Equities,155.38,0.0,155.3800048828125,No Reference Price Found
TGT,2023-04-30,rpt-Catalysm,Equities,155.36,0.0,155.36000061035156,No Reference Price Found
SJM,2022-12-31,Fund Whitestone,Equities,155.21,0.0,155.2100067138672,No Reference Price Found
SJM,2023-03-31,Fund Whitestone,Equities,155.2,0.0,155.1999969482422,No Reference Price Found
ZTS,2022-08-31,Magnum,Equities,155.16,0.0,155.16000366210938,No Reference Price Found
ANET,2023-07-31,rpt-Catalysm,Equities,155.09,0.0,155.08999633789062,No Reference Price Found
JBHT,2022-09-30,Fund Whitestone,Equities,155.03,0.0,155.02999877929688,No Reference Price Found
US912810QV35,2022-11-30,Magnum,Government Bond,154.95,0.0,154.9499969482422,No Reference Price Found
US912810QV35,2022-12-31,Magnum,Government Bond,154.94,0.0,154.94000244140625,No Reference Price Found
US912810QV35,2023-05-31,Magnum,Government Bond,154.84,0.0,154.83999633789062,No Reference Price Found
US912810QV35,2022-08-31,Magnum,Government Bond,154.77,0.0,154.77000427246094,No Reference Price Found
ETN,2022-12-31,Fund Whitestone,Equities,154.77,0.0,154.77000427246094,No Reference Price Found
EXR,2022-11-30,Applebead,Equities,154.75,0.0,154.75,No Reference Price Found
ABC,2023-02-28,Fund Whitestone,Equities,154.71,0.0,154.7100067138672,No Reference Price Found
US912810QV35,2022-09-30,Magnum,Government Bond,154.71,0.0,154.7100067138672,No Reference Price Found
US912810QV35,2023-02-28,Magnum,Government Bond,154.71,0.0,154.7100067138672,No Reference Price Found
US912810QV35,2023-04-30,Magnum,Government Bond,154.67,0.0,154.6699981689453,No Reference Price Found
US912810QV35,2023-07-31,Magnum,Government Bond,154.61,0.0,154.61000061035156,No Reference Price Found
FFIV,2022-11-30,Magnum,Equities,154.61,0.0,154.61000061035156,No Reference Price Found
US912810QV35,2023-06-30,Magnum,Government Bond,154.56,0.0,154.55999755859375,No Reference Price Found
US912810QV35,2023-01-31,Magnum,Government Bond,154.55,0.0,154.5500030517578,No Reference Price Found
US912810QV35,2023-03-31,Magnum,Government Bond,154.54,0.0,154.5399932861328,No Reference Price Found
US912810QV35,2023-08-31,Magnum,Government Bond,154.46,0.0,154.4600067138672,No Reference Price Found
US912810QV35,2022-10-31,Magnum,Government Bond,154.42,0.0,154.4199981689453,No Reference Price Found
DLTR,2023-07-31,TT_monthly_Trustmind,Equities,154.33,0.0,154.3300018310547,No Reference Price Found
ES0000012411,2022-11-30,Virtous,Government Bond,154.32,0.0,154.32000732421875,No Reference Price Found
ES0000012411,2022-08-31,Virtous,Government Bond,154.22,0.0,154.22000122070312,No Reference Price Found
A,2022-11-30,Belaware,Equities,154.2,0.0,154.1999969482422,No Reference Price Found
DGX,2022-12-31,Applebead,Equities,154.18,0.0,154.17999267578125,No Reference Price Found
CDW,2022-09-30,Leeder,Equities,154.16,0.0,154.16000366210938,No Reference Price Found
PG,2023-08-31,Belaware,Equities,154.03,0.0,154.02999877929688,No Reference Price Found
AXP,2023-08-31,Applebead,Equities,154.01,0.0,154.00999450683594,No Reference Price Found
ES0000012411,2023-05-31,Virtous,Government Bond,153.98,0.0,153.97999572753906,No Reference Price Found
NUE,2023-03-31,Virtous,Equities,153.98,0.0,153.97999572753906,No Reference Price Found
JNJ,2023-05-31,Belaware,Equities,153.94,0.0,153.94000244140625,No Reference Price Found
ECL,2023-01-31,Belaware,Equities,153.85,0.0,153.85000610351562,No Reference Price Found
ES0000012411,2022-12-31,Virtous,Government Bond,153.82,0.0,153.82000732421875,No Reference Price Found
ES0000012411,2023-04-30,Virtous,Government Bond,153.78,0.0,153.77999877929688,No Reference Price Found
DLTR,2023-04-30,TT_monthly_Trustmind,Equities,153.71,0.0,153.7100067138672,No Reference Price Found
GNRC,2023-07-31,Virtous,Equities,153.7,0.0,153.6999969482422,No Reference Price Found
ES0000012411,2023-03-31,Virtous,Government Bond,153.62,0.0,153.6199951171875,No Reference Price Found
ES0000012411,2023-06-30,Virtous,Government Bond,153.61,0.0,153.61000061035156,No Reference Price Found
ES0000012411,2023-07-31,Virtous,Government Bond,153.6,0.0,153.60000610351562,No Reference Price Found
ES0000012411,2022-10-31,Virtous,Government Bond,153.58,0.0,153.5800018310547,No Reference Price Found
MRNA,2023-03-31,Magnum,Equities,153.58,0.0,153.5800018310547,No Reference Price Found
ES0000012411,2023-08-31,Virtous,Government Bond,153.57,0.0,153.57000732421875,No Reference Price Found
ES0000012411,2023-02-28,Virtous,Government Bond,153.55,0.0,153.5500030517578,No Reference Price Found
EXR,2023-01-31,Applebead,Equities,153.45,0.0,153.4499969482422,No Reference Price Found
ES0000012411,2023-01-31,Virtous,Government Bond,153.44,0.0,153.44000244140625,No Reference Price Found
ES0000012411,2022-09-30,Virtous,Government Bond,153.41,0.0,153.41000366210938,No Reference Price Found
PKG,2023-07-31,Belaware,Equities,153.35,0.0,153.35000610351562,No Reference Price Found
WM,2023-01-31,Belaware,Equities,153.34,0.0,153.33999633789062,No Reference Price Found
CLX,2023-02-28,Belaware,Equities,153.2,0.0,153.1999969482422,No Reference Price Found
RSG,2023-06-30,Belaware,Equities,153.17,0.0,153.1699981689453,No Reference Price Found
ZTS,2022-11-30,Magnum,Equities,153.11,0.0,153.11000061035156,No Reference Price Found
MTB,2023-01-31,Leeder,Equities,153.05,0.0,153.0500030517578,No Reference Price Found
TTWO,2023-07-31,Fund Whitestone,Equities,152.94,0.0,152.94000244140625,No Reference Price Found
JKHY,2023-05-31,Fund Whitestone,Equities,152.89,0.0,152.88999938964844,No Reference Price Found
RSG,2023-08-31,Belaware,Equities,152.76,0.0,152.75999450683594,No Reference Price Found
JNJ,2023-03-31,Belaware,Equities,152.73,0.0,152.72999572753906,No Reference Price Found
DRI,2023-03-31,Applebead,Equities,152.7,0.0,152.6999969482422,No Reference Price Found
GPC,2022-08-31,Wallington,Equities,152.52,0.0,152.52000427246094,No Reference Price Found
CVX,2022-08-31,Belaware,Equities,152.5,0.0,152.5,No Reference Price Found
MTB,2023-02-28,Leeder,Equities,152.36,0.0,152.36000061035156,No Reference Price Found
SJM,2023-04-30,Fund Whitestone,Equities,152.28,0.0,152.27999877929688,No Reference Price Found
AAP,2022-09-30,Belaware,Equities,152.25,0.0,152.25,No Reference Price Found
MAR,2022-08-31,TT_monthly_Trustmind,Equities,152.14,0.0,152.13999938964844,No Reference Price Found
PWR,2023-01-31,rpt-Catalysm,Equities,152.05,0.0,152.0500030517578,No Reference Price Found
ENPH,2023-07-31,Applebead,Equities,151.83,0.0,151.8300018310547,No Reference Price Found
A,2023-01-31,Belaware,Equities,151.54,0.0,151.5399932861328,No Reference Price Found
CDNS,2022-10-31,TT_monthly_Trustmind,Equities,151.39,0.0,151.38999938964844,No Reference Price Found
DOV,2023-03-31,Leeder,Equities,151.38,0.0,151.3800048828125,No Reference Price Found
ES00000128E2,2022-11-30,Fund Whitestone,Government Bond,151.11,0.0,151.11000061035156,No Reference Price Found
RSG,2023-07-31,Belaware,Equities,151.11,0.0,151.11000061035156,No Reference Price Found
ARE,2022-11-30,Applebead,Equities,151.1,0.0,151.10000610351562,No Reference Price Found
JNJ,2023-02-28,Belaware,Equities,151.02,0.0,151.02000427246094,No Reference Price Found
ES00000128E2,2022-08-31,Fund Whitestone,Government Bond,150.98,0.0,150.97999572753906,No Reference Price Found
SJM,2022-11-30,Fund Whitestone,Equities,150.85,0.0,150.85000610351562,No Reference Price Found
NVDA,2022-08-31,Magnum,Equities,150.82,0.0,150.82000732421875,No Reference Price Found
ABBV,2023-02-28,Virtous,Equities,150.82,0.0,150.82000732421875,No Reference Price Found
PG,2023-06-30,Belaware,Equities,150.79,0.0,150.7899932861328,No Reference Price Found
TRV,2022-09-30,Report-of-Gohen,Equities,150.78,0.0,150.77999877929688,No Reference Price Found
DOV,2023-01-31,Leeder,Equities,150.76,0.0,150.75999450683594,No Reference Price Found
ES00000128E2,2023-05-31,Fund Whitestone,Government Bond,150.74,0.0,150.74000549316406,No Reference Price Found
DRI,2023-04-30,Applebead,Equities,150.72,0.0,150.72000122070312,No Reference Price Found
ES00000128E2,2022-12-31,Fund Whitestone,Government Bond,150.7,0.0,150.6999969482422,No Reference Price Found
ES00000128E2,2023-04-30,Fund Whitestone,Government Bond,150.53,0.0,150.52999877929688,No Reference Price Found
ES00000128E2,2023-07-31,Fund Whitestone,Government Bond,150.49,0.0,150.49000549316406,No Reference Price Found
FANG,2023-08-31,Fund Whitestone,Equities,150.44,0.0,150.44000244140625,No Reference Price Found
ES00000128E2,2023-06-30,Fund Whitestone,Government Bond,150.43,0.0,150.42999267578125,No Reference Price Found
ES00000128E2,2023-03-31,Fund Whitestone,Government Bond,150.42,0.0,150.4199981689453,No Reference Price Found
ES00000128E2,2023-02-28,Fund Whitestone,Government Bond,150.4,0.0,150.39999389648438,No Reference Price Found
ES00000128E2,2023-08-31,Fund Whitestone,Government Bond,150.39,0.0,150.38999938964844,No Reference Price Found
CLX,2023-07-31,Belaware,Equities,150.37,0.0,150.3699951171875,No Reference Price Found
MRNA,2022-10-31,Magnum,Equities,150.33,0.0,150.3300018310547,No Reference Price Found
ES00000128E2,2022-09-30,Fund Whitestone,Government Bond,150.31,0.0,150.30999755859375,No Reference Price Found
DLTR,2022-11-30,TT_monthly_Trustmind,Equities,150.29,0.0,150.2899932861328,No Reference Price Found
ES00000128E2,2022-10-31,Fund Whitestone,Government Bond,150.26,0.0,150.25999450683594,No Reference Price Found
TXN,2022-09-30,TT_monthly_Trustmind,Equities,150.25,0.0,150.25,No Reference Price Found
ES00000128E2,2023-01-31,Fund Whitestone,Government Bond,150.24,0.0,150.24000549316406,No Reference Price Found
DLTR,2023-01-31,TT_monthly_Trustmind,Equities,150.18,0.0,150.17999267578125,No Reference Price Found
JKHY,2023-03-31,Fund Whitestone,Equities,150.18,0.0,150.17999267578125,No Reference Price Found
WMT,2022-11-30,Report-of-Gohen,Equities,150.12,0.0,150.1199951171875,No Reference Price Found
FANG,2022-10-31,Fund Whitestone,Equities,150.03,0.0,150.02999877929688,No Reference Price Found
CBOE,2023-08-31,Belaware,Equities,149.94,0.0,149.94000244140625,No Reference Price Found
AAP,2023-01-31,Belaware,Equities,149.87,0.0,149.8699951171875,No Reference Price Found
WMT,2023-04-30,Report-of-Gohen,Equities,149.87,0.0,149.8699951171875,No Reference Price Found
AXP,2022-08-31,Applebead,Equities,149.83,0.0,149.8300018310547,No Reference Price Found
FSLR,2022-12-31,Leeder,Equities,149.79,0.0,149.7899932861328,No Reference Price Found
ZTS,2022-10-31,Magnum,Equities,149.77,0.0,149.77000427246094,No Reference Price Found
SJM,2023-01-31,Fund Whitestone,Equities,149.66,0.0,149.66000366210938,No Reference Price Found
PWR,2022-11-30,rpt-Catalysm,Equities,149.66,0.0,149.66000366210938,No Reference Price Found
DGX,2022-11-30,Applebead,Equities,149.64,0.0,149.63999938964844,No Reference Price Found
WHR,2023-01-31,Belaware,Equities,149.6,0.0,149.60000610351562,No Reference Price Found
ABBV,2023-07-31,Virtous,Equities,149.58,0.0,149.5800018310547,No Reference Price Found
SJM,2023-07-31,Fund Whitestone,Equities,149.54,0.0,149.5399932861328,No Reference Price Found
ABBV,2023-04-30,Virtous,Equities,149.46,0.0,149.4600067138672,No Reference Price Found
ADI,2022-08-31,Virtous,Equities,149.44,0.0,149.44000244140625,No Reference Price Found
DOV,2023-02-28,Leeder,Equities,149.35,0.0,149.35000610351562,No Reference Price Found
EXR,2023-04-30,Applebead,Equities,149.35,0.0,149.35000610351562,No Reference Price Found
CVX,2023-05-31,Belaware,Equities,149.19,0.0,149.19000244140625,No Reference Price Found
GNRC,2023-06-30,Virtous,Equities,149.13,0.0,149.1300048828125,No Reference Price Found
A,2022-12-31,Belaware,Equities,149.12,0.0,149.1199951171875,No Reference Price Found
META,2023-01-31,Applebead,Equities,148.97,0.0,148.97000122070312,No Reference Price Found
BR,2023-01-31,Applebead,Equities,148.88,0.0,148.8800048828125,No Reference Price Found
WHR,2022-08-31,Belaware,Equities,148.8,0.0,148.8000030517578,No Reference Price Found
PG,2022-12-31,Belaware,Equities,148.74,0.0,148.74000549316406,No Reference Price Found
WM,2023-02-28,Belaware,Equities,148.42,0.0,148.4199981689453,No Reference Price Found
NUE,2022-11-30,Virtous,Equities,148.4,0.0,148.39999389648438,No Reference Price Found
ECL,2022-11-30,Belaware,Equities,148.33,0.0,148.3300018310547,No Reference Price Found
GPC,2023-05-31,Wallington,Equities,147.98,0.0,147.97999572753906,No Reference Price Found
FSLR,2023-08-31,Leeder,Equities,147.96,0.0,147.9600067138672,No Reference Price Found
EXR,2023-06-30,Applebead,Equities,147.86,0.0,147.86000061035156,No Reference Price Found
BR,2022-10-31,Applebead,Equities,147.84,0.0,147.83999633789062,No Reference Price Found
JPM,2023-08-31,Magnum,Equities,147.74,0.0,147.74000549316406,No Reference Price Found
MAR,2022-12-31,TT_monthly_Trustmind,Equities,147.71,0.0,147.7100067138672,No Reference Price Found
NUE,2023-04-30,Virtous,Equities,147.71,0.0,147.7100067138672,No Reference Price Found
ARE,2022-08-31,Applebead,Equities,147.71,0.0,147.7100067138672,No Reference Price Found
FFIV,2023-01-31,Magnum,Equities,147.66,0.0,147.66000366210938,No Reference Price Found
DOV,2023-06-30,Leeder,Equities,147.65,0.0,147.64999389648438,No Reference Price Found
FFIV,2023-05-31,Magnum,Equities,147.58,0.0,147.5800018310547,No Reference Price Found
SJM,2023-08-31,Fund Whitestone,Equities,147.55,0.0,147.5500030517578,No Reference Price Found
GB00BN65R313,2022-11-30,Report-of-Gohen,Government Bond,147.4,0.0,147.39999389648438,No Reference Price Found
ETN,2022-10-31,Fund Whitestone,Equities,147.22,0.0,147.22000122070312,No Reference Price Found
MMC,2022-09-30,Applebead,Equities,147.17,0.0,147.1699981689453,No Reference Price Found
TTWO,2023-06-30,Fund Whitestone,Equities,147.16,0.0,147.16000366210938,No Reference Price Found
AAP,2022-11-30,Belaware,Equities,147.04,0.0,147.0399932861328,No Reference Price Found
DGX,2023-01-31,Applebead,Equities,146.99,0.0,146.99000549316406,No Reference Price Found
ZTS,2022-09-30,Magnum,Equities,146.99,0.0,146.99000549316406,No Reference Price Found
BR,2022-11-30,Applebead,Equities,146.9,0.0,146.89999389648438,No Reference Price Found
AXP,2022-10-31,Applebead,Equities,146.89,0.0,146.88999938964844,No Reference Price Found
GB00BN65R313,2022-12-31,Report-of-Gohen,Government Bond,146.89,0.0,146.88999938964844,No Reference Price Found
WHR,2023-06-30,Belaware,Equities,146.87,0.0,146.8699951171875,No Reference Price Found
PG,2023-03-31,Belaware,Equities,146.84,0.0,146.83999633789062,No Reference Price Found
GB00BN65R313,2022-08-31,Report-of-Gohen,Government Bond,146.83,0.0,146.8300018310547,No Reference Price Found
GPC,2022-09-30,Wallington,Equities,146.82,0.0,146.82000732421875,No Reference Price Found
GB00BN65R313,2023-02-28,Report-of-Gohen,Government Bond,146.76,0.0,146.75999450683594,No Reference Price Found
GB00BN65R313,2023-05-31,Report-of-Gohen,Government Bond,146.75,0.0,146.75,No Reference Price Found
GB00BN65R313,2022-10-31,Report-of-Gohen,Government Bond,146.73,0.0,146.72999572753906,No Reference Price Found
GB00BN65R313,2023-04-30,Report-of-Gohen,Government Bond,146.73,0.0,146.72999572753906,No Reference Price Found
GB00BN65R313,2023-07-31,Report-of-Gohen,Government Bond,146.7,0.0,146.6999969482422,No Reference Price Found
GB00BN65R313,2023-01-31,Report-of-Gohen,Government Bond,146.67,0.0,146.6699981689453,No Reference Price Found
ARE,2023-02-28,Applebead,Equities,146.67,0.0,146.6699981689453,No Reference Price Found
GB00BN65R313,2023-08-31,Report-of-Gohen,Government Bond,146.61,0.0,146.61000061035156,No Reference Price Found
SJM,2023-06-30,Fund Whitestone,Equities,146.58,0.0,146.5800018310547,No Reference Price Found
SJM,2022-10-31,Fund Whitestone,Equities,146.56,0.0,146.55999755859375,No Reference Price Found
GB00BN65R313,2023-03-31,Report-of-Gohen,Government Bond,146.55,0.0,146.5500030517578,No Reference Price Found
FANG,2023-07-31,Fund Whitestone,Equities,146.49,0.0,146.49000549316406,No Reference Price Found
GB00BN65R313,2022-09-30,Report-of-Gohen,Government Bond,146.46,0.0,146.4600067138672,No Reference Price Found
PG,2022-11-30,Belaware,Equities,146.39,0.0,146.38999938964844,No Reference Price Found
WMT,2023-03-31,Report-of-Gohen,Equities,146.37,0.0,146.3699951171875,No Reference Price Found
GB00BN65R313,2023-06-30,Report-of-Gohen,Government Bond,146.36,0.0,146.36000061035156,No Reference Price Found
WMT,2023-05-31,Report-of-Gohen,Equities,146.35,0.0,146.35000610351562,No Reference Price Found
FFIV,2023-06-30,Magnum,Equities,146.26,0.0,146.25999450683594,No Reference Price Found
AXP,2022-12-31,Applebead,Equities,146.19,0.0,146.19000244140625,No Reference Price Found
NVDA,2022-12-31,Magnum,Equities,146.1,0.0,146.10000610351562,No Reference Price Found
BR,2023-05-31,Applebead,Equities,146.05,0.0,146.0500030517578,No Reference Price Found
DOV,2023-07-31,Leeder,Equities,145.97,0.0,145.97000122070312,No Reference Price Found
BR,2023-03-31,Applebead,Equities,145.9,0.0,145.89999389648438,No Reference Price Found
TGT,2022-12-31,rpt-Catalysm,Equities,145.86,0.0,145.86000061035156,No Reference Price Found
SJM,2023-02-28,Fund Whitestone,Equities,145.85,0.0,145.85000610351562,No Reference Price Found
PTC,2023-07-31,Applebead,Equities,145.81,0.0,145.80999755859375,No Reference Price Found
FFIV,2023-03-31,Magnum,Equities,145.69,0.0,145.69000244140625,No Reference Price Found
DRI,2023-01-31,Applebead,Equities,145.63,0.0,145.6300048828125,No Reference Price Found
DOV,2023-04-30,Leeder,Equities,145.62,0.0,145.6199951171875,No Reference Price Found
FSLR,2022-10-31,Leeder,Equities,145.57,0.0,145.57000732421875,No Reference Price Found
ZTS,2022-12-31,Magnum,Equities,145.57,0.0,145.57000732421875,No Reference Price Found
SJM,2023-05-31,Fund Whitestone,Equities,145.51,0.0,145.50999450683594,No Reference Price Found
CLX,2022-11-30,Belaware,Equities,145.3,0.0,145.3000030517578,No Reference Price Found
DLTR,2023-02-28,TT_monthly_Trustmind,Equities,145.28,0.0,145.27999877929688,No Reference Price Found
ABC,2022-08-31,Fund Whitestone,Equities,144.87,0.0,144.8699951171875,No Reference Price Found
ABBV,2023-01-31,Virtous,Equities,144.8,0.0,144.8000030517578,No Reference Price Found
BR,2023-04-30,Applebead,Equities,144.74,0.0,144.74000549316406,No Reference Price Found
FFIV,2022-09-30,Magnum,Equities,144.73,0.0,144.72999572753906,No Reference Price Found
AAP,2022-12-31,Belaware,Equities,144.7,0.0,144.6999969482422,No Reference Price Found
ECL,2022-12-31,Belaware,Equities,144.64,0.0,144.63999938964844,No Reference Price Found
KEYS,2023-04-30,TT_monthly_Trustmind,Equities,144.64,0.0,144.63999938964844,No Reference Price Found
JPM,2023-06-30,Magnum,Equities,144.45,0.0,144.4499969482422,No Reference Price Found
TGT,2022-09-30,rpt-Catalysm,Equities,144.32,0.0,144.32000732421875,No Reference Price Found
RSG,2023-04-30,Belaware,Equities,144.15,0.0,144.14999389648438,No Reference Price Found
CRM,2022-09-30,Leeder,Equities,143.84,0.0,143.83999633789062,No Reference Price Found
PTC,2023-08-31,Applebead,Equities,143.74,0.0,143.74000549316406,No Reference Price Found
KMB,2023-04-30,rpt-Catalysm,Equities,143.62,0.0,143.6199951171875,No Reference Price Found
DLTR,2023-03-31,TT_monthly_Trustmind,Equities,143.55,0.0,143.5500030517578,No Reference Price Found
FFIV,2022-12-31,Magnum,Equities,143.51,0.0,143.50999450683594,No Reference Price Found
DLTR,2023-06-30,TT_monthly_Trustmind,Equities,143.5,0.0,143.5,No Reference Price Found
DRI,2022-11-30,Applebead,Equities,143.47,0.0,143.47000122070312,No Reference Price Found
PGR,2023-02-28,Magnum,Equities,143.31,0.0,143.30999755859375,No Reference Price Found
FANG,2022-11-30,Fund Whitestone,Equities,143.28,0.0,143.27999877929688,No Reference Price Found
EXR,2022-12-31,Applebead,Equities,143.09,0.0,143.08999633789062,No Reference Price Found
FFIV,2023-02-28,Magnum,Equities,142.98,0.0,142.97999572753906,No Reference Price Found
ECL,2022-09-30,Belaware,Equities,142.98,0.0,142.97999572753906,No Reference Price Found
FFIV,2022-10-31,Magnum,Equities,142.91,0.0,142.91000366210938,No Reference Price Found
PGR,2023-03-31,Magnum,Equities,142.85,0.0,142.85000610351562,No Reference Price Found
TEL,2023-07-31,Applebead,Equities,142.84,0.0,142.83999633789062,No Reference Price Found
CLX,2022-10-31,Belaware,Equities,142.75,0.0,142.75,No Reference Price Found
MPC,2023-08-31,TT_monthly_Trustmind,Equities,142.73,0.0,142.72999572753906,No Reference Price Found
AAP,2023-02-28,Belaware,Equities,142.66,0.0,142.66000366210938,No Reference Price Found
ARE,2022-12-31,Applebead,Equities,142.65,0.0,142.64999389648438,No Reference Price Found
CLX,2023-01-31,Belaware,Equities,142.6,0.0,142.60000610351562,No Reference Price Found
BA,2022-10-31,Leeder,Equities,142.51,0.0,142.50999450683594,No Reference Price Found
WHR,2023-07-31,Belaware,Equities,142.4,0.0,142.39999389648438,No Reference Price Found
PWR,2022-12-31,rpt-Catalysm,Equities,142.37,0.0,142.3699951171875,No Reference Price Found
MTB,2022-12-31,Leeder,Equities,142.32,0.0,142.32000732421875,No Reference Price Found
PTC,2023-06-30,Applebead,Equities,142.3,0.0,142.3000030517578,No Reference Price Found
WMT,2023-01-31,Report-of-Gohen,Equities,142.23,0.0,142.22999572753906,No Reference Price Found
BR,2022-09-30,Applebead,Equities,142.18,0.0,142.17999267578125,No Reference Price Found
ABBV,2022-10-31,Virtous,Equities,142.12,0.0,142.1199951171875,No Reference Price Found
PWR,2022-10-31,rpt-Catalysm,Equities,141.83,0.0,141.8300018310547,No Reference Price Found
EXR,2023-05-31,Applebead,Equities,141.72,0.0,141.72000122070312,No Reference Price Found
PG,2023-05-31,Belaware,Equities,141.61,0.0,141.61000061035156,No Reference Price Found
DGX,2022-10-31,Applebead,Equities,141.57,0.0,141.57000732421875,No Reference Price Found
A,2023-02-28,Belaware,Equities,141.47,0.0,141.47000122070312,No Reference Price Found
FANG,2023-01-31,Fund Whitestone,Equities,141.45,0.0,141.4499969482422,No Reference Price Found
DLTR,2022-12-31,TT_monthly_Trustmind,Equities,141.44,0.0,141.44000244140625,No Reference Price Found
DOV,2023-08-31,Leeder,Equities,141.44,0.0,141.44000244140625,No Reference Price Found
JPM,2023-02-28,Magnum,Equities,141.26,0.0,141.25999450683594,No Reference Price Found
RSG,2023-05-31,Belaware,Equities,141.17,0.0,141.1699981689453,No Reference Price Found
ARE,2022-10-31,Applebead,Equities,141.09,0.0,141.08999633789062,No Reference Price Found
PWR,2022-08-31,rpt-Catalysm,Equities,141.01,0.0,141.00999450683594,No Reference Price Found
IT0004735152,2022-08-31,Fund Whitestone,Government Bond,140.96,0.0,140.9600067138672,No Reference Price Found
DOV,2022-11-30,Leeder,Equities,140.95,0.0,140.9499969482422,No Reference Price Found
IT0004735152,2022-11-30,Fund Whitestone,Government Bond,140.89,0.0,140.88999938964844,No Reference Price Found
WHR,2022-11-30,Belaware,Equities,140.89,0.0,140.88999938964844,No Reference Price Found
PKG,2023-08-31,Belaware,Equities,140.86,0.0,140.86000061035156,No Reference Price Found
IT0004735152,2023-05-31,Fund Whitestone,Government Bond,140.82,0.0,140.82000732421875,No Reference Price Found
DRI,2023-02-28,Applebead,Equities,140.73,0.0,140.72999572753906,No Reference Price Found
RSG,2022-08-31,Belaware,Equities,140.69,0.0,140.69000244140625,No Reference Price Found
IT0004735152,2022-10-31,Fund Whitestone,Government Bond,140.66,0.0,140.66000366210938,No Reference Price Found
ADI,2022-10-31,Virtous,Equities,140.66,0.0,140.66000366210938,No Reference Price Found
PG,2023-01-31,Belaware,Equities,140.61,0.0,140.61000061035156,No Reference Price Found
IT0004735152,2023-04-30,Fund Whitestone,Government Bond,140.58,0.0,140.5800018310547,No Reference Price Found
IT0004735152,2023-08-31,Fund Whitestone,Government Bond,140.55,0.0,140.5500030517578,No Reference Price Found
IT0004735152,2022-12-31,Fund Whitestone,Government Bond,140.54,0.0,140.5399932861328,No Reference Price Found
FANG,2023-04-30,Fund Whitestone,Equities,140.52,0.0,140.52000427246094,No Reference Price Found
WMT,2023-02-28,Report-of-Gohen,Equities,140.51,0.0,140.50999450683594,No Reference Price Found
ILMN,2023-08-31,Fund Whitestone,Equities,140.47,0.0,140.47000122070312,No Reference Price Found
TTWO,2023-08-31,Fund Whitestone,Equities,140.46,0.0,140.4600067138672,No Reference Price Found
IT0004735152,2023-02-28,Fund Whitestone,Government Bond,140.45,0.0,140.4499969482422,No Reference Price Found
IT0004735152,2023-07-31,Fund Whitestone,Government Bond,140.42,0.0,140.4199981689453,No Reference Price Found
IT0004735152,2023-03-31,Fund Whitestone,Government Bond,140.39,0.0,140.38999938964844,No Reference Price Found
IT0004735152,2023-01-31,Fund Whitestone,Government Bond,140.38,0.0,140.3800048828125,No Reference Price Found
IT0004735152,2022-09-30,Fund Whitestone,Government Bond,140.33,0.0,140.3300018310547,No Reference Price Found
IT0004735152,2023-06-30,Fund Whitestone,Government Bond,140.32,0.0,140.32000732421875,No Reference Price Found
WMT,2022-12-31,Report-of-Gohen,Equities,140.18,0.0,140.17999267578125,No Reference Price Found
WMT,2022-10-31,Report-of-Gohen,Equities,140.18,0.0,140.17999267578125,No Reference Price Found
DGX,2023-03-31,Applebead,Equities,140.06,0.0,140.05999755859375,No Reference Price Found
PKG,2023-01-31,Belaware,Equities,140.0,0.0,140.0,No Reference Price Found
CLX,2022-08-31,Belaware,Equities,139.88,0.0,139.8800048828125,No Reference Price Found
MTB,2023-07-31,Leeder,Equities,139.86,0.0,139.86000061035156,No Reference Price Found
DGX,2023-06-30,Applebead,Equities,139.84,0.0,139.83999633789062,No Reference Price Found
SEDG,2023-08-31,Applebead,Equities,139.82,0.0,139.82000732421875,No Reference Price Found
DRI,2022-10-31,Applebead,Equities,139.72,0.0,139.72000122070312,No Reference Price Found
CBOE,2023-07-31,Belaware,Equities,139.68,0.0,139.67999267578125,No Reference Price Found
EXR,2023-07-31,Applebead,Equities,139.57,0.0,139.57000732421875,No Reference Price Found
PANW,2022-12-31,Report-of-Gohen,Equities,139.54,0.0,139.5399932861328,No Reference Price Found
TEL,2023-06-30,Virtous,Equities,139.52,0.0,139.52000427246094,No Reference Price Found
BR,2023-02-28,Applebead,Equities,139.39,0.0,139.38999938964844,No Reference Price Found
ANET,2022-11-30,rpt-Catalysm,Equities,139.3,0.0,139.3000030517578,No Reference Price Found
CBOE,2023-04-30,Belaware,Equities,139.17,0.0,139.1699981689453,No Reference Price Found
ABBV,2023-08-31,Virtous,Equities,138.83,0.0,138.8300018310547,No Reference Price Found
MRNA,2023-02-28,Magnum,Equities,138.81,0.0,138.80999755859375,No Reference Price Found
ANET,2023-02-28,rpt-Catalysm,Equities,138.7,0.0,138.6999969482422,No Reference Price Found
MAR,2022-09-30,TT_monthly_Trustmind,Equities,138.68,0.0,138.67999267578125,No Reference Price Found
CVX,2022-09-30,Belaware,Equities,138.62,0.0,138.6199951171875,No Reference Price Found
DGX,2023-04-30,Applebead,Equities,138.1,0.0,138.10000610351562,No Reference Price Found
KMB,2023-06-30,Belaware,Equities,138.06,0.0,138.05999755859375,No Reference Price Found
CBOE,2023-06-30,Belaware,Equities,138.01,0.0,138.00999450683594,No Reference Price Found
JPM,2023-01-31,Magnum,Equities,137.92,0.0,137.9199981689453,No Reference Price Found
A,2023-03-31,Belaware,Equities,137.85,0.0,137.85000610351562,No Reference Price Found
RSG,2022-11-30,Belaware,Equities,137.8,0.0,137.8000030517578,No Reference Price Found
TTWO,2023-05-31,Fund Whitestone,Equities,137.73,0.0,137.72999572753906,No Reference Price Found
A,2022-10-31,Belaware,Equities,137.66,0.0,137.66000366210938,No Reference Price Found
ETSY,2023-01-31,rpt-Catalysm,Equities,137.58,0.0,137.5800018310547,No Reference Price Found
PKG,2023-03-31,Belaware,Equities,137.51,0.0,137.50999450683594,No Reference Price Found
ADI,2022-09-30,Virtous,Equities,137.42,0.0,137.4199981689453,No Reference Price Found
JPM,2023-04-30,Magnum,Equities,137.3,0.0,137.3000030517578,No Reference Price Found
VLO,2023-03-31,Leeder,Equities,137.22,0.0,137.22000122070312,No Reference Price Found
CLX,2022-12-31,Belaware,Equities,137.16,0.0,137.16000366210938,No Reference Price Found
DGX,2023-02-28,Applebead,Equities,136.97,0.0,136.97000122070312,No Reference Price Found
VLO,2023-01-31,Leeder,Equities,136.65,0.0,136.64999389648438,No Reference Price Found
J,2023-08-31,Leeder,Equities,136.5,0.0,136.5,No Reference Price Found
ABBV,2023-05-31,Virtous,Equities,136.45,0.0,136.4499969482422,No Reference Price Found
DE0001030559,2022-11-30,Fund Whitestone,Government Bond,136.43,0.0,136.42999267578125,No Reference Price Found
DE0001030559,2022-08-31,Fund Whitestone,Government Bond,136.35,0.0,136.35000610351562,No Reference Price Found
EA,2023-07-31,Magnum,Equities,136.35,0.0,136.35000610351562,No Reference Price Found
DE0001030559,2023-05-31,Fund Whitestone,Government Bond,136.32,0.0,136.32000732421875,No Reference Price Found
PGR,2023-04-30,Magnum,Equities,136.3,0.0,136.3000030517578,No Reference Price Found
SJM,2022-08-31,Fund Whitestone,Equities,136.18,0.0,136.17999267578125,No Reference Price Found
PGR,2023-01-31,Magnum,Equities,136.15,0.0,136.14999389648438,No Reference Price Found
ARE,2022-09-30,Applebead,Equities,136.12,0.0,136.1199951171875,No Reference Price Found
DE0001030559,2022-12-31,Fund Whitestone,Government Bond,136.11,0.0,136.11000061035156,No Reference Price Found
DLTR,2022-09-30,TT_monthly_Trustmind,Equities,136.1,0.0,136.10000610351562,No Reference Price Found
DE0001030559,2022-10-31,Fund Whitestone,Government Bond,136.08,0.0,136.0800018310547,No Reference Price Found
FANG,2023-02-28,Fund Whitestone,Equities,136.08,0.0,136.0800018310547,No Reference Price Found
DE0001030559,2023-04-30,Fund Whitestone,Government Bond,136.07,0.0,136.07000732421875,No Reference Price Found
WHR,2022-12-31,Belaware,Equities,136.01,0.0,136.00999450683594,No Reference Price Found
DE0001030559,2023-07-31,Fund Whitestone,Government Bond,135.99,0.0,135.99000549316406,No Reference Price Found
DE0001030559,2023-08-31,Fund Whitestone,Government Bond,135.99,0.0,135.99000549316406,No Reference Price Found
DE0001030559,2023-02-28,Fund Whitestone,Government Bond,135.97,0.0,135.97000122070312,No Reference Price Found
WHR,2023-04-30,Belaware,Equities,135.95,0.0,135.9499969482422,No Reference Price Found
DE0001030559,2023-03-31,Fund Whitestone,Government Bond,135.93,0.0,135.92999267578125,No Reference Price Found
DE0001030559,2023-06-30,Fund Whitestone,Government Bond,135.89,0.0,135.88999938964844,No Reference Price Found
DE0001030559,2023-01-31,Fund Whitestone,Government Bond,135.88,0.0,135.8800048828125,No Reference Price Found
DE0001030559,2022-09-30,Fund Whitestone,Government Bond,135.85,0.0,135.85000610351562,No Reference Price Found
PG,2023-02-28,Belaware,Equities,135.85,0.0,135.85000610351562,No Reference Price Found
META,2022-09-30,Applebead,Equities,135.68,0.0,135.67999267578125,No Reference Price Found
DLTR,2022-08-31,TT_monthly_Trustmind,Equities,135.68,0.0,135.67999267578125,No Reference Price Found
TGT,2023-07-31,rpt-Catalysm,Equities,135.31,0.0,135.30999755859375,No Reference Price Found
DGX,2023-07-31,Applebead,Equities,135.21,0.0,135.2100067138672,No Reference Price Found
A,2023-04-30,Belaware,Equities,135.17,0.0,135.1699981689453,No Reference Price Found
JPM,2022-11-30,Magnum,Equities,135.17,0.0,135.1699981689453,No Reference Price Found
IT0004243512,2022-11-30,Magnum,Government Bond,135.08,0.0,135.0800018310547,No Reference Price Found
IT0004243512,2023-05-31,Magnum,Government Bond,135.08,0.0,135.0800018310547,No Reference Price Found
IT0004243512,2022-10-31,Magnum,Government Bond,135.04,0.0,135.0399932861328,No Reference Price Found
IT0004243512,2023-02-28,Magnum,Government Bond,135.04,0.0,135.0399932861328,No Reference Price Found
IT0004243512,2022-08-31,Magnum,Government Bond,135.03,0.0,135.02999877929688,No Reference Price Found
DRI,2022-12-31,Applebead,Equities,135.02,0.0,135.02000427246094,No Reference Price Found
IT0004243512,2023-01-31,Magnum,Government Bond,134.98,0.0,134.97999572753906,No Reference Price Found
IT0004243512,2023-08-31,Magnum,Government Bond,134.94,0.0,134.94000244140625,No Reference Price Found
IT0004243512,2023-04-30,Magnum,Government Bond,134.93,0.0,134.92999267578125,No Reference Price Found
IT0004243512,2022-09-30,Magnum,Government Bond,134.92,0.0,134.9199981689453,No Reference Price Found
NVDA,2022-10-31,Magnum,Equities,134.9,0.0,134.89999389648438,No Reference Price Found
PTC,2023-01-31,Applebead,Equities,134.88,0.0,134.8800048828125,No Reference Price Found
DLTR,2023-05-31,TT_monthly_Trustmind,Equities,134.88,0.0,134.8800048828125,No Reference Price Found
IT0004243512,2023-06-30,Magnum,Government Bond,134.86,0.0,134.86000061035156,No Reference Price Found
IT0004243512,2023-07-31,Magnum,Government Bond,134.86,0.0,134.86000061035156,No Reference Price Found
IT0004243512,2023-03-31,Magnum,Government Bond,134.85,0.0,134.85000610351562,No Reference Price Found
IT0004243512,2022-12-31,Magnum,Government Bond,134.85,0.0,134.85000610351562,No Reference Price Found
JPM,2023-05-31,Magnum,Equities,134.78,0.0,134.77999877929688,No Reference Price Found
RSG,2023-03-31,Belaware,Equities,134.78,0.0,134.77999877929688,No Reference Price Found
RSG,2022-09-30,Belaware,Equities,134.59,0.0,134.58999633789062,No Reference Price Found
DOV,2022-12-31,Leeder,Equities,134.45,0.0,134.4499969482422,No Reference Price Found
PG,2022-08-31,Belaware,Equities,134.42,0.0,134.4199981689453,No Reference Price Found
PTC,2023-05-31,Applebead,Equities,134.4,0.0,134.39999389648438,No Reference Price Found
FFIV,2023-04-30,Magnum,Equities,134.36,0.0,134.36000061035156,No Reference Price Found
PKG,2023-02-28,Belaware,Equities,134.13,0.0,134.1300048828125,No Reference Price Found
ETN,2022-08-31,Fund Whitestone,Equities,134.05,0.0,134.0500030517578,No Reference Price Found
PKG,2023-04-30,Belaware,Equities,133.98,0.0,133.97999572753906,No Reference Price Found
ABC,2022-09-30,Fund Whitestone,Equities,133.77,0.0,133.77000427246094,No Reference Price Found
CBOE,2023-03-31,Belaware,Equities,133.73,0.0,133.72999572753906,No Reference Price Found
SJM,2022-09-30,Fund Whitestone,Equities,133.67,0.0,133.6699981689453,No Reference Price Found
ALL,2022-12-31,TT_monthly_Trustmind,Equities,133.58,0.0,133.5800018310547,No Reference Price Found
FANG,2023-03-31,Fund Whitestone,Equities,133.57,0.0,133.57000732421875,No Reference Price Found
DOV,2023-05-31,Leeder,Equities,133.33,0.0,133.3300018310547,No Reference Price Found
KMB,2022-12-31,Belaware,Equities,133.28,0.0,133.27999877929688,No Reference Price Found
ABBV,2023-06-30,Virtous,Equities,133.25,0.0,133.25,No Reference Price Found
MPC,2023-03-31,TT_monthly_Trustmind,Equities,133.24,0.0,133.24000549316406,No Reference Price Found
KMB,2023-08-31,Belaware,Equities,133.12,0.0,133.1199951171875,No Reference Price Found
KMB,2023-05-31,Belaware,Equities,133.11,0.0,133.11000061035156,No Reference Price Found
GOOG,2023-07-31,Applebead,Equities,133.11,0.0,133.11000061035156,No Reference Price Found
KMB,2023-03-31,Belaware,Equities,133.05,0.0,133.0500030517578,No Reference Price Found
AXP,2022-09-30,Applebead,Equities,132.98,0.0,132.97999572753906,No Reference Price Found
FR0013327491,2022-11-30,Virtous,Government Bond,132.98,0.0,132.97999572753906,No Reference Price Found
GOOG,2023-08-31,Applebead,Equities,132.91,0.0,132.91000366210938,No Reference Price Found
MRNA,2023-04-30,Magnum,Equities,132.89,0.0,132.88999938964844,No Reference Price Found
WHR,2023-08-31,Belaware,Equities,132.87,0.0,132.8699951171875,No Reference Price Found
BR,2022-12-31,Applebead,Equities,132.81,0.0,132.80999755859375,No Reference Price Found
FR0013327491,2022-08-31,Virtous,Government Bond,132.79,0.0,132.7899932861328,No Reference Price Found
WHR,2023-02-28,Belaware,Equities,132.66,0.0,132.66000366210938,No Reference Price Found
FR0013327491,2023-05-31,Virtous,Government Bond,132.61,0.0,132.61000061035156,No Reference Price Found
CRM,2022-12-31,Leeder,Equities,132.59,0.0,132.58999633789062,No Reference Price Found
FR0013327491,2022-12-31,Virtous,Government Bond,132.57,0.0,132.57000732421875,No Reference Price Found
FR0013327491,2023-04-30,Virtous,Government Bond,132.46,0.0,132.4600067138672,No Reference Price Found
FR0013327491,2023-07-31,Virtous,Government Bond,132.42,0.0,132.4199981689453,No Reference Price Found
CBOE,2023-05-31,Belaware,Equities,132.42,0.0,132.4199981689453,No Reference Price Found
FANG,2022-12-31,Fund Whitestone,Equities,132.4,0.0,132.39999389648438,No Reference Price Found
FR0013327491,2023-08-31,Virtous,Government Bond,132.39,0.0,132.38999938964844,No Reference Price Found
FR0013327491,2023-02-28,Virtous,Government Bond,132.37,0.0,132.3699951171875,No Reference Price Found
MPC,2023-07-31,TT_monthly_Trustmind,Equities,132.35,0.0,132.35000610351562,No Reference Price Found
FR0013327491,2023-06-30,Virtous,Government Bond,132.34,0.0,132.33999633789062,No Reference Price Found
FR0013327491,2023-03-31,Virtous,Government Bond,132.33,0.0,132.3300018310547,No Reference Price Found
FSLR,2022-09-30,Leeder,Equities,132.27,0.0,132.27000427246094,No Reference Price Found
MRNA,2022-08-31,Magnum,Equities,132.27,0.0,132.27000427246094,No Reference Price Found
PGR,2023-06-30,Magnum,Equities,132.27,0.0,132.27000427246094,No Reference Price Found
FR0013327491,2022-09-30,Virtous,Government Bond,132.21,0.0,132.2100067138672,No Reference Price Found
FR0013327491,2023-01-31,Virtous,Government Bond,132.2,0.0,132.1999969482422,No Reference Price Found
FR0013327491,2022-10-31,Virtous,Government Bond,132.18,0.0,132.17999267578125,No Reference Price Found
CA135087G997,2022-11-30,Report-of-Gohen,Government Bond,132.17,0.0,132.1699981689453,No Reference Price Found
PG,2022-10-31,Belaware,Equities,132.17,0.0,132.1699981689453,No Reference Price Found
QCOM,2023-07-31,rpt-Catalysm,Equities,132.17,0.0,132.1699981689453,No Reference Price Found
PKG,2023-06-30,Belaware,Equities,132.16,0.0,132.16000366210938,No Reference Price Found
ETSY,2022-11-30,rpt-Catalysm,Equities,132.09,0.0,132.08999633789062,No Reference Price Found
PKG,2022-11-30,Belaware,Equities,132.06,0.0,132.05999755859375,No Reference Price Found
KMB,2022-11-30,Belaware,Equities,132.03,0.0,132.02999877929688,No Reference Price Found
CA135087G997,2022-12-31,Report-of-Gohen,Government Bond,132.01,0.0,132.00999450683594,No Reference Price Found
DGX,2023-05-31,Applebead,Equities,131.97,0.0,131.97000122070312,No Reference Price Found
ALL,2022-11-30,Fund Whitestone,Equities,131.9,0.0,131.89999389648438,No Reference Price Found
PGR,2022-11-30,Magnum,Equities,131.86,0.0,131.86000061035156,No Reference Price Found
CA135087G997,2023-07-31,Report-of-Gohen,Government Bond,131.83,0.0,131.8300018310547,No Reference Price Found
CA135087G997,2023-05-31,Report-of-Gohen,Government Bond,131.81,0.0,131.80999755859375,No Reference Price Found
CA135087G997,2022-08-31,Report-of-Gohen,Government Bond,131.75,0.0,131.75,No Reference Price Found
FMC,2023-01-31,TT_monthly_Trustmind,Equities,131.75,0.0,131.75,No Reference Price Found
CA135087G997,2023-02-28,Report-of-Gohen,Government Bond,131.69,0.0,131.69000244140625,No Reference Price Found
CA135087G997,2023-03-31,Report-of-Gohen,Government Bond,131.69,0.0,131.69000244140625,No Reference Price Found
CA135087G997,2023-04-30,Report-of-Gohen,Government Bond,131.68,0.0,131.67999267578125,No Reference Price Found
CA135087G997,2022-09-30,Report-of-Gohen,Government Bond,131.65,0.0,131.64999389648438,No Reference Price Found
NUE,2023-05-31,Virtous,Equities,131.64,0.0,131.63999938964844,No Reference Price Found
PKG,2022-08-31,Belaware,Equities,131.61,0.0,131.61000061035156,No Reference Price Found
CA135087G997,2023-01-31,Report-of-Gohen,Government Bond,131.57,0.0,131.57000732421875,No Reference Price Found
CA135087G997,2023-06-30,Report-of-Gohen,Government Bond,131.54,0.0,131.5399932861328,No Reference Price Found
CA135087G997,2023-08-31,Report-of-Gohen,Government Bond,131.54,0.0,131.5399932861328,No Reference Price Found
CA135087G997,2022-10-31,Report-of-Gohen,Government Bond,131.53,0.0,131.52999877929688,No Reference Price Found
QCOM,2023-01-31,rpt-Catalysm,Equities,131.49,0.0,131.49000549316406,No Reference Price Found
PGR,2023-08-31,Magnum,Equities,131.49,0.0,131.49000549316406,No Reference Price Found
WHR,2022-10-31,Belaware,Equities,131.36,0.0,131.36000061035156,No Reference Price Found
RSG,2022-10-31,Belaware,Equities,131.2,0.0,131.1999969482422,No Reference Price Found
JPM,2022-12-31,Magnum,Equities,131.18,0.0,131.17999267578125,No Reference Price Found
ES0000012C12,2022-11-30,Magnum,Government Bond,131.1,0.0,131.10000610351562,No Reference Price Found
ES0000012C12,2022-08-31,Magnum,Government Bond,131.02,0.0,131.02000427246094,No Reference Price Found
NUE,2022-12-31,Virtous,Equities,130.95,0.0,130.9499969482422,No Reference Price Found
NUE,2022-08-31,Virtous,Equities,130.95,0.0,130.9499969482422,No Reference Price Found
ETN,2022-09-30,Fund Whitestone,Equities,130.83,0.0,130.8300018310547,No Reference Price Found
ES0000012C12,2023-05-31,Magnum,Government Bond,130.79,0.0,130.7899932861328,No Reference Price Found
TGT,2023-06-30,rpt-Catalysm,Equities,130.78,0.0,130.77999877929688,No Reference Price Found
ES0000012C12,2022-12-31,Magnum,Government Bond,130.68,0.0,130.67999267578125,No Reference Price Found
ES0000012C12,2023-04-30,Magnum,Government Bond,130.62,0.0,130.6199951171875,No Reference Price Found
FANG,2023-06-30,Fund Whitestone,Equities,130.62,0.0,130.6199951171875,No Reference Price Found
WMT,2022-08-31,Report-of-Gohen,Equities,130.55,0.0,130.5500030517578,No Reference Price Found
ES0000012C12,2023-07-31,Magnum,Government Bond,130.51,0.0,130.50999450683594,No Reference Price Found
ES0000012C12,2023-08-31,Magnum,Government Bond,130.5,0.0,130.5,No Reference Price Found
ES0000012C12,2023-03-31,Magnum,Government Bond,130.48,0.0,130.47999572753906,No Reference Price Found
ES0000012C12,2022-10-31,Magnum,Government Bond,130.46,0.0,130.4600067138672,No Reference Price Found
US912810SM18,2022-11-30,Fund Whitestone,Government Bond,130.45,0.0,130.4499969482422,No Reference Price Found
US912810SM18,2022-12-31,Fund Whitestone,Government Bond,130.45,0.0,130.4499969482422,No Reference Price Found
ES0000012C12,2023-02-28,Magnum,Government Bond,130.44,0.0,130.44000244140625,No Reference Price Found
ES0000012C12,2023-06-30,Magnum,Government Bond,130.42,0.0,130.4199981689453,No Reference Price Found
VLO,2022-11-30,Leeder,Equities,130.39,0.0,130.38999938964844,No Reference Price Found
US912810SM18,2023-05-31,Fund Whitestone,Government Bond,130.36,0.0,130.36000061035156,No Reference Price Found
EA,2022-11-30,Magnum,Equities,130.36,0.0,130.36000061035156,No Reference Price Found
ES0000012C12,2023-01-31,Magnum,Government Bond,130.35,0.0,130.35000610351562,No Reference Price Found
ES0000012C12,2022-09-30,Magnum,Government Bond,130.31,0.0,130.30999755859375,No Reference Price Found
US912810SM18,2023-02-28,Fund Whitestone,Government Bond,130.26,0.0,130.25999450683594,No Reference Price Found
US912810SM18,2022-08-31,Fund Whitestone,Government Bond,130.26,0.0,130.25999450683594,No Reference Price Found
US912810SM18,2022-09-30,Fund Whitestone,Government Bond,130.26,0.0,130.25999450683594,No Reference Price Found
US912810SM18,2023-06-30,Fund Whitestone,Government Bond,130.2,0.0,130.1999969482422,No Reference Price Found
US912810SM18,2023-07-31,Fund Whitestone,Government Bond,130.19,0.0,130.19000244140625,No Reference Price Found
US912810SM18,2023-04-30,Fund Whitestone,Government Bond,130.18,0.0,130.17999267578125,No Reference Price Found
US912810SM18,2023-03-31,Fund Whitestone,Government Bond,130.17,0.0,130.1699981689453,No Reference Price Found
US912810SM18,2023-01-31,Fund Whitestone,Government Bond,130.09,0.0,130.08999633789062,No Reference Price Found
US912810SM18,2022-10-31,Fund Whitestone,Government Bond,130.04,0.0,130.0399932861328,No Reference Price Found
NUE,2022-10-31,Virtous,Equities,130.02,0.0,130.02000427246094,No Reference Price Found
US912810SM18,2023-08-31,Fund Whitestone,Government Bond,130.0,0.0,130.0,No Reference Price Found
TEL,2023-03-31,Applebead,Equities,129.92,0.0,129.9199981689453,No Reference Price Found
TGT,2023-05-31,rpt-Catalysm,Equities,129.82,0.0,129.82000732421875,No Reference Price Found
QCOM,2022-08-31,rpt-Catalysm,Equities,129.73,0.0,129.72999572753906,No Reference Price Found
EA,2023-06-30,Magnum,Equities,129.7,0.0,129.6999969482422,No Reference Price Found
VLO,2023-02-28,Leeder,Equities,129.49,0.0,129.49000549316406,No Reference Price Found
PGR,2022-12-31,Magnum,Equities,129.42,0.0,129.4199981689453,No Reference Price Found
DOV,2022-10-31,Leeder,Equities,129.29,0.0,129.2899932861328,No Reference Price Found
ABBV,2022-08-31,Virtous,Equities,129.22,0.0,129.22000122070312,No Reference Price Found
KMB,2023-07-31,Belaware,Equities,129.1,0.0,129.10000610351562,No Reference Price Found
ABBV,2022-09-30,Virtous,Equities,128.98,0.0,128.97999572753906,No Reference Price Found
EXR,2023-08-31,Applebead,Equities,128.98,0.0,128.97999572753906,No Reference Price Found
FMC,2022-11-30,TT_monthly_Trustmind,Equities,128.69,0.0,128.69000244140625,No Reference Price Found
WHR,2023-03-31,Belaware,Equities,128.58,0.0,128.5800018310547,No Reference Price Found
VLO,2023-08-31,Leeder,Equities,128.42,0.0,128.4199981689453,No Reference Price Found
JPM,2023-03-31,Magnum,Equities,128.41,0.0,128.41000366210938,No Reference Price Found
EA,2023-01-31,Magnum,Equities,128.27,0.0,128.27000427246094,No Reference Price Found
PTC,2023-03-31,Applebead,Equities,128.23,0.0,128.22999572753906,No Reference Price Found
PGR,2022-10-31,Magnum,Equities,128.12,0.0,128.1199951171875,No Reference Price Found
RSG,2022-12-31,Belaware,Equities,128.1,0.0,128.10000610351562,No Reference Price Found
WHR,2022-09-30,Belaware,Equities,128.1,0.0,128.10000610351562,No Reference Price Found
RSG,2023-02-28,Belaware,Equities,128.04,0.0,128.0399932861328,No Reference Price Found
EA,2023-05-31,Magnum,Equities,128.0,0.0,128.0,No Reference Price Found
VLO,2023-07-31,Leeder,Equities,127.89,0.0,127.88999938964844,No Reference Price Found
FMC,2023-02-28,TT_monthly_Trustmind,Equities,127.81,0.0,127.80999755859375,No Reference Price Found
PGR,2023-05-31,Magnum,Equities,127.81,0.0,127.80999755859375,No Reference Price Found
WMT,2022-09-30,Report-of-Gohen,Equities,127.74,0.0,127.73999786376953,No Reference Price Found
ALL,2023-02-28,Fund Whitestone,Equities,127.72,0.0,127.72000122070312,No Reference Price Found
MRNA,2023-05-31,Magnum,Equities,127.71,0.0,127.70999908447266,No Reference Price Found
KMB,2023-01-31,Belaware,Equities,127.65,0.0,127.6500015258789,No Reference Price Found
WHR,2023-05-31,Belaware,Equities,127.62,0.0,127.62000274658203,No Reference Price Found
FSLR,2022-08-31,Leeder,Equities,127.55,0.0,127.55000305175781,No Reference Price Found
A,2022-08-31,Belaware,Equities,127.39,0.0,127.38999938964844,No Reference Price Found
FANG,2022-08-31,Fund Whitestone,Equities,127.27,0.0,127.2699966430664,No Reference Price Found
PTC,2022-11-30,Applebead,Equities,127.21,0.0,127.20999908447266,No Reference Price Found
PWR,2022-09-30,rpt-Catalysm,Equities,127.2,0.0,127.19999694824219,No Reference Price Found
DGX,2023-08-31,Applebead,Equities,127.19,0.0,127.19000244140625,No Reference Price Found
EA,2023-04-30,Magnum,Equities,127.09,0.0,127.08999633789062,No Reference Price Found
LEN,2023-07-31,Belaware,Equities,126.83,0.0,126.83000183105469,No Reference Price Found
DHI,2023-07-31,Magnum,Equities,126.76,0.0,126.76000213623047,No Reference Price Found
QCOM,2023-03-31,rpt-Catalysm,Equities,126.7,0.0,126.69999694824219,No Reference Price Found
ALL,2023-01-31,Fund Whitestone,Equities,126.55,0.0,126.55000305175781,No Reference Price Found
US912828B253,2023-05-31,Magnum,Government Bond,126.52,0.0,126.5199966430664,No Reference Price Found
US912828B253,2023-08-31,Virtous,Government Bond,126.49,0.0,126.48999786376953,No Reference Price Found
US912828B253,2022-08-31,Magnum,Government Bond,126.48,0.0,126.4800033569336,No Reference Price Found
US912828B253,2022-11-30,Magnum,Government Bond,126.45,0.0,126.44999694824219,No Reference Price Found
US912828B253,2023-04-30,Magnum,Government Bond,126.45,0.0,126.44999694824219,No Reference Price Found
FANG,2023-05-31,Fund Whitestone,Equities,126.43,0.0,126.43000030517578,No Reference Price Found
US912828B253,2022-12-31,Magnum,Government Bond,126.4,0.0,126.4000015258789,No Reference Price Found
US912828B253,2022-10-31,Magnum,Government Bond,126.37,0.0,126.37000274658203,No Reference Price Found
US912828B253,2023-02-28,Magnum,Government Bond,126.34,0.0,126.33999633789062,No Reference Price Found
EA,2022-08-31,Magnum,Equities,126.28,0.0,126.27999877929688,No Reference Price Found
US912828B253,2023-01-31,Magnum,Government Bond,126.27,0.0,126.2699966430664,No Reference Price Found
MPC,2023-01-31,TT_monthly_Trustmind,Equities,126.26,0.0,126.26000213623047,No Reference Price Found
US912828B253,2022-09-30,Magnum,Government Bond,126.21,0.0,126.20999908447266,No Reference Price Found
US912828B253,2023-07-31,Magnum,Government Bond,126.21,0.0,126.20999908447266,No Reference Price Found
US912828B253,2023-03-31,Magnum,Government Bond,126.15,0.0,126.1500015258789,No Reference Price Found
TEL,2023-02-28,Applebead,Equities,126.13,0.0,126.12999725341797,No Reference Price Found
ANET,2023-01-31,Wallington,Equities,126.02,0.0,126.0199966430664,No Reference Price Found
US912828B253,2023-06-30,Magnum,Government Bond,126.0,0.0,126.0,No Reference Price Found
PGR,2023-07-31,Magnum,Equities,125.98,0.0,125.9800033569336,No Reference Price Found
CBOE,2022-11-30,Belaware,Equities,125.87,0.0,125.87000274658203,No Reference Price Found
KEYS,2023-08-31,TT_monthly_Trustmind,Equities,125.86,0.0,125.86000061035156,No Reference Price Found
US9128283R96,2022-08-31,Magnum,Government Bond,125.86,0.0,125.86000061035156,No Reference Price Found
US9128283R96,2022-11-30,Magnum,Government Bond,125.84,0.0,125.83999633789062,No Reference Price Found
US9128283R96,2023-05-31,Magnum,Government Bond,125.8,0.0,125.80000305175781,No Reference Price Found
PTC,2023-04-30,Applebead,Equities,125.79,0.0,125.79000091552734,No Reference Price Found
US9128283R96,2022-12-31,Magnum,Government Bond,125.77,0.0,125.7699966430664,No Reference Price Found
J,2022-11-30,Leeder,Equities,125.72,0.0,125.72000122070312,No Reference Price Found
US9128283R96,2023-04-30,Magnum,Government Bond,125.71,0.0,125.70999908447266,No Reference Price Found
CBOE,2023-02-28,Belaware,Equities,125.69,0.0,125.69000244140625,No Reference Price Found
ARE,2023-07-31,Applebead,Equities,125.68,0.0,125.68000030517578,No Reference Price Found
US9128283R96,2023-08-31,Magnum,Government Bond,125.68,0.0,125.68000030517578,No Reference Price Found
US9128283R96,2023-02-28,Magnum,Government Bond,125.58,0.0,125.58000183105469,No Reference Price Found
US9128283R96,2022-10-31,Magnum,Government Bond,125.57,0.0,125.56999969482422,No Reference Price Found
US9128283R96,2022-09-30,Magnum,Government Bond,125.54,0.0,125.54000091552734,No Reference Price Found
US9128283R96,2023-01-31,Magnum,Government Bond,125.52,0.0,125.5199966430664,No Reference Price Found
DLTR,2023-08-31,TT_monthly_Trustmind,Equities,125.5,0.0,125.5,No Reference Price Found
PKG,2022-12-31,Belaware,Equities,125.49,0.0,125.48999786376953,No Reference Price Found
US9128283R96,2023-07-31,Magnum,Government Bond,125.47,0.0,125.47000122070312,No Reference Price Found
US9128283R96,2023-03-31,Magnum,Government Bond,125.43,0.0,125.43000030517578,No Reference Price Found
TEL,2023-01-31,Applebead,Equities,125.43,0.0,125.43000030517578,No Reference Price Found
J,2023-07-31,Leeder,Equities,125.41,0.0,125.41000366210938,No Reference Price Found
US9128283R96,2023-06-30,Magnum,Government Bond,125.4,0.0,125.4000015258789,No Reference Price Found
EA,2022-10-31,Magnum,Equities,125.37,0.0,125.37000274658203,No Reference Price Found
PTC,2023-02-28,Applebead,Equities,125.33,0.0,125.33000183105469,No Reference Price Found
AAP,2023-04-30,Belaware,Equities,125.09,0.0,125.08999633789062,No Reference Price Found
LEN,2023-06-30,Applebead,Equities,124.93,0.0,124.93000030517578,No Reference Price Found
QCOM,2022-11-30,rpt-Catalysm,Equities,124.86,0.0,124.86000061035156,No Reference Price Found
SPG,2023-07-31,Report-of-Gohen,Equities,124.6,0.0,124.5999984741211,No Reference Price Found
PAYX,2023-07-31,Leeder,Equities,124.57,0.0,124.56999969482422,No Reference Price Found
CBOE,2022-12-31,Belaware,Equities,124.51,0.0,124.51000213623047,No Reference Price Found
US912828WU04,2023-05-31,Virtous,Government Bond,124.5,0.0,124.5,No Reference Price Found
MTB,2023-04-30,Leeder,Equities,124.49,0.0,124.48999786376953,No Reference Price Found
SPG,2023-01-31,Report-of-Gohen,Equities,124.49,0.0,124.48999786376953,No Reference Price Found
US912828WU04,2023-08-31,Magnum,Government Bond,124.48,0.0,124.4800033569336,No Reference Price Found
US912828WU04,2022-08-31,Magnum,Government Bond,124.47,0.0,124.47000122070312,No Reference Price Found
US912828WU04,2023-04-30,Magnum,Government Bond,124.44,0.0,124.44000244140625,No Reference Price Found
US912828WU04,2022-11-30,Magnum,Government Bond,124.43,0.0,124.43000030517578,No Reference Price Found
CLX,2022-09-30,Belaware,Equities,124.42,0.0,124.41999816894531,No Reference Price Found
TEL,2022-11-30,Applebead,Equities,124.41,0.0,124.41000366210938,No Reference Price Found
US912828WU04,2022-12-31,Magnum,Government Bond,124.39,0.0,124.38999938964844,No Reference Price Found
US912828WU04,2022-10-31,Magnum,Government Bond,124.36,0.0,124.36000061035156,No Reference Price Found
US912828WU04,2023-02-28,Magnum,Government Bond,124.32,0.0,124.31999969482422,No Reference Price Found
TTWO,2023-04-30,Fund Whitestone,Equities,124.29,0.0,124.29000091552734,No Reference Price Found
US912828WU04,2023-01-31,Magnum,Government Bond,124.26,0.0,124.26000213623047,No Reference Price Found
ARE,2023-03-31,Applebead,Equities,124.21,0.0,124.20999908447266,No Reference Price Found
US912828WU04,2023-07-31,Magnum,Government Bond,124.2,0.0,124.19999694824219,No Reference Price Found
US912828WU04,2022-09-30,Magnum,Government Bond,124.2,0.0,124.19999694824219,No Reference Price Found
US912828WU04,2023-03-31,Magnum,Government Bond,124.14,0.0,124.13999938964844,No Reference Price Found
CPT,2022-08-31,Report-of-Gohen,Equities,124.09,0.0,124.08999633789062,No Reference Price Found
US912828WU04,2023-06-30,Magnum,Government Bond,124.0,0.0,124.0,No Reference Price Found
RSG,2023-01-31,Belaware,Equities,123.96,0.0,123.95999908447266,No Reference Price Found
TEL,2022-08-31,Virtous,Equities,123.95,0.0,123.94999694824219,No Reference Price Found
VLO,2022-12-31,Leeder,Equities,123.8,0.0,123.80000305175781,No Reference Price Found
MTB,2023-06-30,Leeder,Equities,123.76,0.0,123.76000213623047,No Reference Price Found
DOV,2022-08-31,Leeder,Equities,123.63,0.0,123.62999725341797,No Reference Price Found
ALL,2022-10-31,Fund Whitestone,Equities,123.57,0.0,123.56999969482422,No Reference Price Found
J,2022-08-31,Leeder,Equities,123.52,0.0,123.5199966430664,No Reference Price Found
FMC,2022-12-31,TT_monthly_Trustmind,Equities,123.51,0.0,123.51000213623047,No Reference Price Found
SE0005703550,2023-04-30,Report-of-Gohen,Government Bond,123.44,0.0,123.44000244140625,No Reference Price Found
SE0005703550,2023-05-31,Report-of-Gohen,Government Bond,123.44,0.0,123.44000244140625,No Reference Price Found
TEL,2023-08-31,Applebead,Equities,123.43,0.0,123.43000030517578,No Reference Price Found
SE0005703550,2022-10-31,Report-of-Gohen,Government Bond,123.41,0.0,123.41000366210938,No Reference Price Found
GOOG,2023-05-31,Applebead,Equities,123.37,0.0,123.37000274658203,No Reference Price Found
SE0005703550,2022-08-31,Report-of-Gohen,Government Bond,123.35,0.0,123.3499984741211,No Reference Price Found
SE0005703550,2022-11-30,Report-of-Gohen,Government Bond,123.33,0.0,123.33000183105469,No Reference Price Found
TROW,2023-07-31,Belaware,Equities,123.26,0.0,123.26000213623047,No Reference Price Found
SE0005703550,2023-02-28,Report-of-Gohen,Government Bond,123.25,0.0,123.25,No Reference Price Found
SE0005703550,2023-07-31,Report-of-Gohen,Government Bond,123.16,0.0,123.16000366210938,No Reference Price Found
MTB,2023-08-31,Leeder,Equities,123.15,0.0,123.1500015258789,No Reference Price Found
JPM,2022-10-31,Magnum,Equities,123.14,0.0,123.13999938964844,No Reference Price Found
SE0005703550,2023-06-30,Report-of-Gohen,Government Bond,123.13,0.0,123.12999725341797,No Reference Price Found
SE0005703550,2023-01-31,Report-of-Gohen,Government Bond,123.12,0.0,123.12000274658203,No Reference Price Found
SE0005703550,2023-08-31,Report-of-Gohen,Government Bond,123.1,0.0,123.0999984741211,No Reference Price Found
SE0005703550,2022-12-31,Report-of-Gohen,Government Bond,123.08,0.0,123.08000183105469,No Reference Price Found
GPN,2022-08-31,Belaware,Equities,123.06,0.0,123.05999755859375,No Reference Price Found
CBOE,2022-10-31,Belaware,Equities,123.06,0.0,123.05999755859375,No Reference Price Found
PG,2022-09-30,Belaware,Equities,123.03,0.0,123.02999877929688,No Reference Price Found
KMB,2022-08-31,Belaware,Equities,123.01,0.0,123.01000213623047,No Reference Price Found
SE0005703550,2022-09-30,Report-of-Gohen,Government Bond,122.98,0.0,122.9800033569336,No Reference Price Found
FMC,2023-04-30,TT_monthly_Trustmind,Equities,122.89,0.0,122.88999938964844,No Reference Price Found
PKG,2023-05-31,Belaware,Equities,122.86,0.0,122.86000061035156,No Reference Price Found
DGX,2022-08-31,Applebead,Equities,122.83,0.0,122.83000183105469,No Reference Price Found
ARE,2023-04-30,Applebead,Equities,122.81,0.0,122.80999755859375,No Reference Price Found
SE0005703550,2023-03-31,Report-of-Gohen,Government Bond,122.79,0.0,122.79000091552734,No Reference Price Found
KMB,2023-02-28,Belaware,Equities,122.78,0.0,122.77999877929688,No Reference Price Found
J,2023-01-31,Leeder,Equities,122.75,0.0,122.75,No Reference Price Found
TTWO,2022-08-31,Fund Whitestone,Equities,122.56,0.0,122.55999755859375,No Reference Price Found
EXPE,2023-07-31,Wallington,Equities,122.53,0.0,122.52999877929688,No Reference Price Found
PAYX,2023-08-31,Leeder,Equities,122.48,0.0,122.4800033569336,No Reference Price Found
PGR,2022-08-31,Magnum,Equities,122.28,0.0,122.27999877929688,No Reference Price Found
DRI,2022-09-30,Applebead,Equities,122.18,0.0,122.18000030517578,No Reference Price Found
MPC,2023-02-28,TT_monthly_Trustmind,Equities,122.14,0.0,122.13999938964844,No Reference Price Found
CBOE,2023-01-31,Belaware,Equities,121.94,0.0,121.94000244140625,No Reference Price Found
QCOM,2023-02-28,rpt-Catalysm,Equities,121.93,0.0,121.93000030517578,No Reference Price Found
TEL,2023-05-31,Applebead,Equities,121.92,0.0,121.91999816894531,No Reference Price Found
ALL,2022-09-30,TT_monthly_Trustmind,Equities,121.89,0.0,121.88999938964844,No Reference Price Found
EA,2022-12-31,Magnum,Equities,121.79,0.0,121.79000091552734,No Reference Price Found
A,2023-07-31,Belaware,Equities,121.77,0.0,121.7699966430664,No Reference Price Found
DE0001030567,2023-05-31,Virtous,Government Bond,121.71,0.0,121.70999908447266,No Reference Price Found
VLO,2022-10-31,Leeder,Equities,121.67,0.0,121.66999816894531,No Reference Price Found
DE0001030567,2022-08-31,Fund Whitestone,Government Bond,121.66,0.0,121.66000366210938,No Reference Price Found
COP,2022-10-31,Applebead,Equities,121.63,0.0,121.62999725341797,No Reference Price Found
DE0001030567,2022-11-30,Fund Whitestone,Government Bond,121.62,0.0,121.62000274658203,No Reference Price Found
DE0001030567,2022-10-31,Fund Whitestone,Government Bond,121.6,0.0,121.5999984741211,No Reference Price Found
DE0001030567,2023-04-30,Virtous,Government Bond,121.57,0.0,121.56999969482422,No Reference Price Found
MRNA,2023-06-30,Magnum,Equities,121.5,0.0,121.5,No Reference Price Found
DE0001030567,2023-08-31,Fund Whitestone,Government Bond,121.48,0.0,121.4800033569336,No Reference Price Found
DE0001030567,2023-02-28,Fund Whitestone,Government Bond,121.45,0.0,121.44999694824219,No Reference Price Found
FMC,2023-03-31,TT_monthly_Trustmind,Equities,121.45,0.0,121.44999694824219,No Reference Price Found
DHI,2023-06-30,Magnum,Equities,121.44,0.0,121.44000244140625,No Reference Price Found
DE0001030567,2022-12-31,Fund Whitestone,Government Bond,121.43,0.0,121.43000030517578,No Reference Price Found
ETSY,2023-02-28,rpt-Catalysm,Equities,121.41,0.0,121.41000366210938,No Reference Price Found
DE0001030567,2023-01-31,Fund Whitestone,Government Bond,121.38,0.0,121.37999725341797,No Reference Price Found
DE0001030567,2023-07-31,Magnum,Government Bond,121.38,0.0,121.37999725341797,No Reference Price Found
ANET,2022-12-31,rpt-Catalysm,Equities,121.35,0.0,121.3499984741211,No Reference Price Found
NVDA,2022-09-30,Magnum,Equities,121.33,0.0,121.33000183105469,No Reference Price Found
DE0001030567,2023-03-31,Fund Whitestone,Government Bond,121.32,0.0,121.31999969482422,No Reference Price Found
DE0001030567,2022-09-30,Fund Whitestone,Government Bond,121.32,0.0,121.31999969482422,No Reference Price Found
PAYX,2022-11-30,Leeder,Equities,121.3,0.0,121.30000305175781,No Reference Price Found
DE0001030567,2023-06-30,Fund Whitestone,Government Bond,121.24,0.0,121.23999786376953,No Reference Price Found
TEL,2023-04-30,Applebead,Equities,121.22,0.0,121.22000122070312,No Reference Price Found
KMB,2022-10-31,Belaware,Equities,121.16,0.0,121.16000366210938,No Reference Price Found
IT0005024234,2022-11-30,Virtous,Government Bond,121.08,0.0,121.08000183105469,No Reference Price Found
BA,2022-09-30,Leeder,Equities,121.08,0.0,121.08000183105469,No Reference Price Found
IT0005024234,2022-08-31,Virtous,Government Bond,121.05,0.0,121.05000305175781,No Reference Price Found
GOOG,2023-06-30,rpt-Catalysm,Equities,120.97,0.0,120.97000122070312,No Reference Price Found
ATO,2023-07-31,Magnum,Equities,120.94,0.0,120.94000244140625,No Reference Price Found
TROW,2022-11-30,Belaware,Equities,120.9,0.0,120.9000015258789,No Reference Price Found
CPT,2023-01-31,Report-of-Gohen,Equities,120.88,0.0,120.87999725341797,No Reference Price Found
IT0005024234,2023-05-31,Virtous,Government Bond,120.88,0.0,120.87999725341797,No Reference Price Found
ANET,2022-10-31,rpt-Catalysm,Equities,120.86,0.0,120.86000061035156,No Reference Price Found
A,2022-09-30,Belaware,Equities,120.73,0.0,120.7300033569336,No Reference Price Found
IT0005024234,2022-12-31,Virtous,Government Bond,120.7,0.0,120.69999694824219,No Reference Price Found
IT0005024234,2023-04-30,Virtous,Government Bond,120.69,0.0,120.69000244140625,No Reference Price Found
IT0005024234,2022-10-31,Virtous,Government Bond,120.61,0.0,120.61000061035156,No Reference Price Found
GNRC,2023-01-31,Virtous,Equities,120.6,0.0,120.5999984741211,No Reference Price Found
FR0013410552,2022-11-30,Report-of-Gohen,Government Bond,120.6,0.0,120.5999984741211,No Reference Price Found
IT0005024234,2023-08-31,Virtous,Government Bond,120.59,0.0,120.58999633789062,No Reference Price Found
IT0005024234,2023-07-31,Virtous,Government Bond,120.57,0.0,120.56999969482422,No Reference Price Found
MPC,2023-04-30,TT_monthly_Trustmind,Equities,120.56,0.0,120.55999755859375,No Reference Price Found
FR0013410552,2022-08-31,Report-of-Gohen,Government Bond,120.56,0.0,120.55999755859375,No Reference Price Found
IT0005024234,2023-03-31,Virtous,Government Bond,120.55,0.0,120.55000305175781,No Reference Price Found
IT0005024234,2023-02-28,Virtous,Government Bond,120.53,0.0,120.52999877929688,No Reference Price Found
IT0005024234,2023-06-30,Virtous,Government Bond,120.53,0.0,120.52999877929688,No Reference Price Found
IT0005024234,2023-01-31,Virtous,Government Bond,120.52,0.0,120.5199966430664,No Reference Price Found
FR0013410552,2023-05-31,Report-of-Gohen,Government Bond,120.47,0.0,120.47000122070312,No Reference Price Found
IT0005024234,2022-09-30,Virtous,Government Bond,120.45,0.0,120.44999694824219,No Reference Price Found
META,2022-12-31,rpt-Catalysm,Equities,120.34,0.0,120.33999633789062,No Reference Price Found
DGX,2022-09-30,Applebead,Equities,120.27,0.0,120.2699966430664,No Reference Price Found
EA,2023-03-31,Magnum,Equities,120.27,0.0,120.2699966430664,No Reference Price Found
FR0013410552,2023-04-30,Report-of-Gohen,Government Bond,120.26,0.0,120.26000213623047,No Reference Price Found
FR0013410552,2022-12-31,Report-of-Gohen,Government Bond,120.26,0.0,120.26000213623047,No Reference Price Found
A,2023-06-30,Belaware,Equities,120.25,0.0,120.25,No Reference Price Found
FR0013410552,2023-08-31,Report-of-Gohen,Government Bond,120.2,0.0,120.19999694824219,No Reference Price Found
FR0013410552,2023-07-31,Report-of-Gohen,Government Bond,120.18,0.0,120.18000030517578,No Reference Price Found
FR0013410552,2022-10-31,Report-of-Gohen,Government Bond,120.18,0.0,120.18000030517578,No Reference Price Found
FR0013410552,2023-02-28,Report-of-Gohen,Government Bond,120.16,0.0,120.16000366210938,No Reference Price Found
FR0013410552,2023-03-31,Report-of-Gohen,Government Bond,120.11,0.0,120.11000061035156,No Reference Price Found
FR0013410552,2023-06-30,Report-of-Gohen,Government Bond,120.11,0.0,120.11000061035156,No Reference Price Found
FR0013410552,2023-01-31,Report-of-Gohen,Government Bond,120.06,0.0,120.05999755859375,No Reference Price Found
MHK,2023-01-31,Applebead,Equities,120.06,0.0,120.05999755859375,No Reference Price Found
PTC,2022-12-31,Applebead,Equities,120.04,0.0,120.04000091552734,No Reference Price Found
TEL,2022-10-31,Applebead,Equities,120.04,0.0,120.04000091552734,No Reference Price Found
FR0013410552,2022-09-30,Report-of-Gohen,Government Bond,120.02,0.0,120.0199966430664,No Reference Price Found
ALLE,2023-06-30,Wallington,Equities,120.02,0.0,120.0199966430664,No Reference Price Found
GNRC,2023-02-28,Virtous,Equities,120.01,0.0,120.01000213623047,No Reference Price Found
ANET,2022-08-31,rpt-Catalysm,Equities,119.88,0.0,119.87999725341797,No Reference Price Found
PAYX,2022-08-31,Leeder,Equities,119.8,0.0,119.80000305175781,No Reference Price Found
ETSY,2022-12-31,rpt-Catalysm,Equities,119.78,0.0,119.77999877929688,No Reference Price Found
US912828Z377,2022-11-30,Virtous,Government Bond,119.7,0.0,119.69999694824219,No Reference Price Found
US912828Z377,2022-08-31,Virtous,Government Bond,119.69,0.0,119.69000244140625,No Reference Price Found
AAP,2023-03-31,Belaware,Equities,119.68,0.0,119.68000030517578,No Reference Price Found
MPC,2022-11-30,TT_monthly_Trustmind,Equities,119.67,0.0,119.66999816894531,No Reference Price Found
DRI,2022-08-31,Applebead,Equities,119.65,0.0,119.6500015258789,No Reference Price Found
US912828Z377,2022-12-31,Virtous,Government Bond,119.62,0.0,119.62000274658203,No Reference Price Found
US912828Z377,2023-05-31,Virtous,Government Bond,119.62,0.0,119.62000274658203,No Reference Price Found
COP,2022-11-30,Applebead,Equities,119.61,0.0,119.61000061035156,No Reference Price Found
US912828Z377,2023-04-30,Virtous,Government Bond,119.55,0.0,119.55000305175781,No Reference Price Found
US912828Z377,2023-08-31,Virtous,Government Bond,119.45,0.0,119.44999694824219,No Reference Price Found
US912828Z377,2023-02-28,Virtous,Government Bond,119.42,0.0,119.41999816894531,No Reference Price Found
US912828Z377,2022-09-30,Virtous,Government Bond,119.41,0.0,119.41000366210938,No Reference Price Found
US912828Z377,2022-10-31,Virtous,Government Bond,119.4,0.0,119.4000015258789,No Reference Price Found
US912828Z377,2023-01-31,Virtous,Government Bond,119.39,0.0,119.38999938964844,No Reference Price Found
US912828Z377,2023-07-31,Virtous,Government Bond,119.37,0.0,119.37000274658203,No Reference Price Found
US912828Z377,2023-06-30,Virtous,Government Bond,119.3,0.0,119.30000305175781,No Reference Price Found
US912828Z377,2023-03-31,Virtous,Government Bond,119.3,0.0,119.30000305175781,No Reference Price Found
TTWO,2023-03-31,Fund Whitestone,Equities,119.3,0.0,119.30000305175781,No Reference Price Found
J,2022-12-31,Leeder,Equities,119.29,0.0,119.29000091552734,No Reference Price Found
MTB,2023-05-31,Leeder,Equities,119.16,0.0,119.16000366210938,No Reference Price Found
QCOM,2023-06-30,rpt-Catalysm,Equities,119.04,0.0,119.04000091552734,No Reference Price Found
J,2023-02-28,Leeder,Equities,118.98,0.0,118.9800033569336,No Reference Price Found
COP,2023-01-31,Applebead,Equities,118.75,0.0,118.75,No Reference Price Found
ORCL,2023-06-30,rpt-Catalysm,Equities,118.67,0.0,118.66999816894531,No Reference Price Found
J,2023-06-30,Leeder,Equities,118.65,0.0,118.6500015258789,No Reference Price Found
TTWO,2022-10-31,Fund Whitestone,Equities,118.48,0.0,118.4800033569336,No Reference Price Found
MTB,2023-03-31,Leeder,Equities,118.33,0.0,118.33000183105469,No Reference Price Found
SPG,2023-02-28,Report-of-Gohen,Equities,118.32,0.0,118.31999969482422,No Reference Price Found
WAB,2023-07-31,Wallington,Equities,118.26,0.0,118.26000213623047,No Reference Price Found
MRNA,2022-09-30,Magnum,Equities,118.25,0.0,118.25,No Reference Price Found
AMD,2023-05-31,Fund Whitestone,Equities,118.21,0.0,118.20999908447266,No Reference Price Found
EA,2023-08-31,Magnum,Equities,118.12,0.0,118.12000274658203,No Reference Price Found
META,2022-11-30,Applebead,Equities,118.1,0.0,118.0999984741211,No Reference Price Found
ALLE,2023-08-31,Wallington,Equities,118.04,0.0,118.04000091552734,No Reference Price Found
TGT,2023-08-31,rpt-Catalysm,Equities,117.99,0.0,117.98999786376953,No Reference Price Found
ALL,2022-08-31,Fund Whitestone,Equities,117.94,0.0,117.94000244140625,No Reference Price Found
ATO,2022-11-30,Magnum,Equities,117.93,0.0,117.93000030517578,No Reference Price Found
PTC,2022-10-31,Applebead,Equities,117.83,0.0,117.83000183105469,No Reference Price Found
MRNA,2023-07-31,Magnum,Equities,117.66,0.0,117.66000366210938,No Reference Price Found
A,2023-08-31,Belaware,Equities,117.59,0.0,117.58999633789062,No Reference Price Found
SWKS,2023-03-31,Belaware,Equities,117.25,0.0,117.25,No Reference Price Found
ORCL,2023-07-31,rpt-Catalysm,Equities,117.23,0.0,117.2300033569336,No Reference Price Found
COP,2023-07-31,Applebead,Equities,117.21,0.0,117.20999908447266,No Reference Price Found
FMC,2022-10-31,TT_monthly_Trustmind,Equities,117.12,0.0,117.12000274658203,No Reference Price Found
CPT,2022-11-30,Report-of-Gohen,Equities,117.1,0.0,117.0999984741211,No Reference Price Found
J,2023-03-31,Leeder,Equities,117.0,0.0,117.0,No Reference Price Found
COF,2023-01-31,Belaware,Equities,116.98,0.0,116.9800033569336,No Reference Price Found
DHI,2023-08-31,Magnum,Equities,116.92,0.0,116.91999816894531,No Reference Price Found
ALLE,2023-07-31,Wallington,Equities,116.86,0.0,116.86000061035156,No Reference Price Found
ATO,2023-08-31,Magnum,Equities,116.85,0.0,116.8499984741211,No Reference Price Found
COP,2023-08-31,Applebead,Equities,116.83,0.0,116.83000183105469,No Reference Price Found
PKG,2022-10-31,Belaware,Equities,116.82,0.0,116.81999969482422,No Reference Price Found
JP1201401C92,2023-02-28,Magnum,Government Bond,116.79,0.0,116.79000091552734,No Reference Price Found
JP1201401C92,2023-08-31,Magnum,Government Bond,116.75,0.0,116.75,No Reference Price Found
JP1201401C92,2023-03-31,Magnum,Government Bond,116.73,0.0,116.7300033569336,No Reference Price Found
JP1201401C92,2023-04-30,Magnum,Government Bond,116.73,0.0,116.7300033569336,No Reference Price Found
JP1201401C92,2022-08-31,Magnum,Government Bond,116.72,0.0,116.72000122070312,No Reference Price Found
JP1201401C92,2022-10-31,Magnum,Government Bond,116.72,0.0,116.72000122070312,No Reference Price Found
JP1201401C92,2023-01-31,Magnum,Government Bond,116.69,0.0,116.69000244140625,No Reference Price Found
JP1201401C92,2023-06-30,Magnum,Government Bond,116.67,0.0,116.66999816894531,No Reference Price Found
RJF,2022-10-31,Report-of-Gohen,Equities,116.67,0.0,116.66999816894531,No Reference Price Found
JP1201401C92,2022-12-31,Magnum,Government Bond,116.66,0.0,116.66000366210938,No Reference Price Found
JP1201401C92,2023-07-31,Magnum,Government Bond,116.64,0.0,116.63999938964844,No Reference Price Found
JP1201401C92,2023-05-31,Magnum,Government Bond,116.64,0.0,116.63999938964844,No Reference Price Found
JP1201401C92,2022-11-30,Magnum,Government Bond,116.6,0.0,116.5999984741211,No Reference Price Found
JP1201401C92,2022-09-30,Magnum,Government Bond,116.6,0.0,116.5999984741211,No Reference Price Found
ALLE,2023-01-31,Wallington,Equities,116.6,0.0,116.5999984741211,No Reference Price Found
CBOE,2022-08-31,Belaware,Equities,116.6,0.0,116.5999984741211,No Reference Price Found
COF,2023-07-31,Belaware,Equities,116.4,0.0,116.4000015258789,No Reference Price Found
VLO,2023-06-30,Leeder,Equities,116.37,0.0,116.37000274658203,No Reference Price Found
XOM,2023-04-30,Fund Whitestone,Equities,116.37,0.0,116.37000274658203,No Reference Price Found
APTV,2023-02-28,Belaware,Equities,116.28,0.0,116.27999877929688,No Reference Price Found
CPT,2022-09-30,Report-of-Gohen,Equities,116.25,0.0,116.25,No Reference Price Found
ICE,2023-08-31,Belaware,Equities,116.09,0.0,116.08999633789062,No Reference Price Found
MPC,2023-06-30,TT_monthly_Trustmind,Equities,116.01,0.0,116.01000213623047,No Reference Price Found
CBOE,2022-09-30,Belaware,Equities,116.01,0.0,116.01000213623047,No Reference Price Found
QCOM,2023-04-30,rpt-Catalysm,Equities,115.99,0.0,115.98999786376953,No Reference Price Found
DFS,2023-06-30,Magnum,Equities,115.93,0.0,115.93000030517578,No Reference Price Found
GNRC,2022-10-31,Virtous,Equities,115.91,0.0,115.91000366210938,No Reference Price Found
PGR,2022-09-30,Magnum,Equities,115.86,0.0,115.86000061035156,No Reference Price Found
ORCL,2023-08-31,rpt-Catalysm,Equities,115.72,0.0,115.72000122070312,No Reference Price Found
LEN,2023-08-31,TT_monthly_Trustmind,Equities,115.65,0.0,115.6500015258789,No Reference Price Found
ATO,2023-06-30,Magnum,Equities,115.6,0.0,115.5999984741211,No Reference Price Found
SPG,2023-06-30,Report-of-Gohen,Equities,115.48,0.0,115.4800033569336,No Reference Price Found
RJF,2022-11-30,Report-of-Gohen,Equities,115.45,0.0,115.44999694824219,No Reference Price Found
A,2023-05-31,Belaware,Equities,115.45,0.0,115.44999694824219,No Reference Price Found
QCOM,2022-10-31,rpt-Catalysm,Equities,115.4,0.0,115.4000015258789,No Reference Price Found
DOV,2022-09-30,Leeder,Equities,115.34,0.0,115.33999633789062,No Reference Price Found
ATO,2023-01-31,Magnum,Equities,115.32,0.0,115.31999969482422,No Reference Price Found
EA,2022-09-30,Magnum,Equities,115.17,0.0,115.16999816894531,No Reference Price Found
GPN,2023-08-31,Belaware,Equities,115.13,0.0,115.12999725341797,No Reference Price Found
FANG,2022-09-30,Fund Whitestone,Equities,115.03,0.0,115.02999877929688,No Reference Price Found
COP,2022-12-31,Applebead,Equities,114.97,0.0,114.97000122070312,No Reference Price Found
J,2023-04-30,Leeder,Equities,114.96,0.0,114.95999908447266,No Reference Price Found
TROW,2022-08-31,Belaware,Equities,114.95,0.0,114.94999694824219,No Reference Price Found
PAYX,2022-10-31,Leeder,Equities,114.91,0.0,114.91000366210938,No Reference Price Found
PTC,2022-08-31,Applebead,Equities,114.89,0.0,114.88999938964844,No Reference Price Found
ALL,2023-04-30,Fund Whitestone,Equities,114.81,0.0,114.80999755859375,No Reference Price Found
ICE,2023-07-31,Belaware,Equities,114.8,0.0,114.80000305175781,No Reference Price Found
GNRC,2023-08-31,Virtous,Equities,114.65,0.0,114.6500015258789,No Reference Price Found
ATO,2023-05-31,Magnum,Equities,114.55,0.0,114.55000305175781,No Reference Price Found
J,2022-10-31,Leeder,Equities,114.47,0.0,114.47000122070312,No Reference Price Found
AMD,2023-07-31,Fund Whitestone,Equities,114.4,0.0,114.4000015258789,No Reference Price Found
DFS,2023-01-31,Magnum,Equities,114.38,0.0,114.37999725341797,No Reference Price Found
SWKS,2023-07-31,Belaware,Equities,114.37,0.0,114.37000274658203,No Reference Price Found
MPC,2022-12-31,TT_monthly_Trustmind,Equities,114.35,0.0,114.3499984741211,No Reference Price Found
EXPE,2023-01-31,Wallington,Equities,114.3,0.0,114.30000305175781,No Reference Price Found
FR0013519253,2022-11-30,Report-of-Gohen,Government Bond,114.24,0.0,114.23999786376953,No Reference Price Found
FR0013519253,2022-08-31,Report-of-Gohen,Government Bond,114.21,0.0,114.20999908447266,No Reference Price Found
FR0013519253,2023-05-31,Report-of-Gohen,Government Bond,114.19,0.0,114.19000244140625,No Reference Price Found
US91282CCA71,2022-08-31,Magnum,Government Bond,114.15,0.0,114.1500015258789,No Reference Price Found
US91282CCA71,2022-11-30,Magnum,Government Bond,114.14,0.0,114.13999938964844,No Reference Price Found
US91282CCA71,2023-05-31,Magnum,Government Bond,114.1,0.0,114.0999984741211,No Reference Price Found
US91282CCA71,2022-12-31,Magnum,Government Bond,114.07,0.0,114.06999969482422,No Reference Price Found
US91282CCA71,2023-04-30,Magnum,Government Bond,114.02,0.0,114.0199966430664,No Reference Price Found
SPG,2022-11-30,Report-of-Gohen,Equities,114.0,0.0,114.0,No Reference Price Found
FR0013519253,2022-10-31,Report-of-Gohen,Government Bond,113.99,0.0,113.98999786376953,No Reference Price Found
US91282CCA71,2023-08-31,Magnum,Government Bond,113.99,0.0,113.98999786376953,No Reference Price Found
FR0013519253,2023-04-30,Report-of-Gohen,Government Bond,113.98,0.0,113.9800033569336,No Reference Price Found
FR0013519253,2023-08-31,Report-of-Gohen,Government Bond,113.93,0.0,113.93000030517578,No Reference Price Found
ETR,2022-11-30,Belaware,Equities,113.93,0.0,113.93000030517578,No Reference Price Found
FR0013519253,2022-12-31,Report-of-Gohen,Government Bond,113.92,0.0,113.91999816894531,No Reference Price Found
AMD,2023-06-30,Fund Whitestone,Equities,113.91,0.0,113.91000366210938,No Reference Price Found
US91282CCA71,2023-02-28,Magnum,Government Bond,113.9,0.0,113.9000015258789,No Reference Price Found
US91282CCA71,2022-10-31,Magnum,Government Bond,113.89,0.0,113.88999938964844,No Reference Price Found
TROW,2023-01-31,Belaware,Equities,113.88,0.0,113.87999725341797,No Reference Price Found
US91282CCA71,2022-09-30,Magnum,Government Bond,113.87,0.0,113.87000274658203,No Reference Price Found
FR0013519253,2023-02-28,Report-of-Gohen,Government Bond,113.87,0.0,113.87000274658203,No Reference Price Found
FR0013519253,2023-07-31,Report-of-Gohen,Government Bond,113.87,0.0,113.87000274658203,No Reference Price Found
SPG,2022-12-31,Report-of-Gohen,Equities,113.85,0.0,113.8499984741211,No Reference Price Found
US91282CCA71,2023-01-31,Magnum,Government Bond,113.84,0.0,113.83999633789062,No Reference Price Found
FR0013519253,2023-03-31,Report-of-Gohen,Government Bond,113.81,0.0,113.80999755859375,No Reference Price Found
FR0013519253,2023-06-30,Report-of-Gohen,Government Bond,113.8,0.0,113.80000305175781,No Reference Price Found
US91282CCA71,2023-07-31,Magnum,Government Bond,113.8,0.0,113.80000305175781,No Reference Price Found
US91282CCA71,2023-03-31,Magnum,Government Bond,113.77,0.0,113.7699966430664,No Reference Price Found
FR0013519253,2023-01-31,Report-of-Gohen,Government Bond,113.77,0.0,113.7699966430664,No Reference Price Found
FR0013519253,2022-09-30,Report-of-Gohen,Government Bond,113.74,0.0,113.73999786376953,No Reference Price Found
US91282CCA71,2023-06-30,Magnum,Government Bond,113.73,0.0,113.7300033569336,No Reference Price Found
WYNN,2023-04-30,Applebead,Equities,113.72,0.0,113.72000122070312,No Reference Price Found
SPG,2023-08-31,Report-of-Gohen,Equities,113.56,0.0,113.55999755859375,No Reference Price Found
VLO,2022-08-31,Leeder,Equities,113.5,0.0,113.5,No Reference Price Found
ARE,2023-06-30,Applebead,Equities,113.49,0.0,113.48999786376953,No Reference Price Found
QCOM,2023-05-31,rpt-Catalysm,Equities,113.41,0.0,113.41000366210938,No Reference Price Found
GPN,2022-10-31,Belaware,Equities,113.4,0.0,113.4000015258789,No Reference Price Found
PAYX,2023-01-31,Leeder,Equities,113.31,0.0,113.30999755859375,No Reference Price Found
TEL,2022-12-31,Virtous,Equities,113.25,0.0,113.25,No Reference Price Found
TTWO,2023-01-31,Fund Whitestone,Equities,113.23,0.0,113.2300033569336,No Reference Price Found
XOM,2023-01-31,Fund Whitestone,Equities,113.21,0.0,113.20999908447266,No Reference Price Found
SBUX,2023-04-30,Magnum,Equities,113.12,0.0,113.12000274658203,No Reference Price Found
APTV,2023-01-31,Belaware,Equities,113.09,0.0,113.08999633789062,No Reference Price Found
ICE,2023-06-30,Belaware,Equities,113.08,0.0,113.08000183105469,No Reference Price Found
PAYX,2022-12-31,Leeder,Equities,113.02,0.0,113.0199966430664,No Reference Price Found
ARE,2023-08-31,Applebead,Equities,112.91,0.0,112.91000366210938,No Reference Price Found
ANET,2022-09-30,rpt-Catalysm,Equities,112.89,0.0,112.88999938964844,No Reference Price Found
PAYX,2023-03-31,Leeder,Equities,112.82,0.0,112.81999969482422,No Reference Price Found
XYL,2023-07-31,Applebead,Equities,112.75,0.0,112.75,No Reference Price Found
VLO,2023-04-30,Leeder,Equities,112.72,0.0,112.72000122070312,No Reference Price Found
ATO,2023-04-30,Magnum,Equities,112.69,0.0,112.69000244140625,No Reference Price Found
ALL,2023-07-31,Virtous,Equities,112.68,0.0,112.68000030517578,No Reference Price Found
XYL,2023-06-30,Applebead,Equities,112.62,0.0,112.62000274658203,No Reference Price Found
CPT,2023-02-28,Report-of-Gohen,Equities,112.59,0.0,112.58999633789062,No Reference Price Found
LEN,2023-04-30,Applebead,Equities,112.47,0.0,112.47000122070312,No Reference Price Found
CPT,2022-10-31,Report-of-Gohen,Equities,112.45,0.0,112.44999694824219,No Reference Price Found
GPN,2023-04-30,Belaware,Equities,112.43,0.0,112.43000030517578,No Reference Price Found
ALLE,2022-11-30,Wallington,Equities,112.31,0.0,112.30999755859375,No Reference Price Found
ARE,2023-05-31,Applebead,Equities,112.21,0.0,112.20999908447266,No Reference Price Found
APTV,2023-03-31,Belaware,Equities,112.19,0.0,112.19000244140625,No Reference Price Found
GPN,2023-01-31,Belaware,Equities,112.16,0.0,112.16000366210938,No Reference Price Found
TROW,2023-06-30,Belaware,Equities,112.02,0.0,112.0199966430664,No Reference Price Found
ETR,2022-08-31,Belaware,Equities,111.86,0.0,111.86000061035156,No Reference Price Found
ALLE,2023-02-28,Wallington,Equities,111.8,0.0,111.80000305175781,No Reference Price Found
RJF,2023-01-31,Report-of-Gohen,Equities,111.8,0.0,111.80000305175781,No Reference Price Found
TROW,2023-03-31,Belaware,Equities,111.67,0.0,111.66999816894531,No Reference Price Found
CPT,2023-08-31,Report-of-Gohen,Equities,111.66,0.0,111.66000366210938,No Reference Price Found
GPN,2023-02-28,Belaware,Equities,111.64,0.0,111.63999938964844,No Reference Price Found
XYL,2022-11-30,Applebead,Equities,111.63,0.0,111.62999725341797,No Reference Price Found
CHRW,2022-08-31,Fund Whitestone,Equities,111.49,0.0,111.48999786376953,No Reference Price Found
SPG,2023-04-30,Report-of-Gohen,Equities,111.46,0.0,111.45999908447266,No Reference Price Found
ATO,2023-02-28,Magnum,Equities,111.38,0.0,111.37999725341797,No Reference Price Found
WYNN,2023-03-31,Applebead,Equities,111.36,0.0,111.36000061035156,No Reference Price Found
ETSY,2023-03-31,rpt-Catalysm,Equities,111.33,0.0,111.33000183105469,No Reference Price Found
TROW,2023-04-30,Belaware,Equities,111.1,0.0,111.0999984741211,No Reference Price Found
PAYX,2023-06-30,Leeder,Equities,111.07,0.0,111.06999969482422,No Reference Price Found
ATO,2023-03-31,Magnum,Equities,110.94,0.0,110.94000244140625,No Reference Price Found
MPC,2022-10-31,TT_monthly_Trustmind,Equities,110.93,0.0,110.93000030517578,No Reference Price Found
SWKS,2023-02-28,Belaware,Equities,110.88,0.0,110.87999725341797,No Reference Price Found
QCOM,2022-09-30,rpt-Catalysm,Equities,110.81,0.0,110.80999755859375,No Reference Price Found
EA,2023-02-28,Magnum,Equities,110.77,0.0,110.7699966430664,No Reference Price Found
SWKS,2023-06-30,Belaware,Equities,110.69,0.0,110.69000244140625,No Reference Price Found
ATO,2022-08-31,Magnum,Equities,110.54,0.0,110.54000091552734,No Reference Price Found
DFS,2023-02-28,Magnum,Equities,110.36,0.0,110.36000061035156,No Reference Price Found
MHK,2022-08-31,Applebead,Equities,110.36,0.0,110.36000061035156,No Reference Price Found
JPM,2022-08-31,Magnum,Equities,110.27,0.0,110.2699966430664,No Reference Price Found
GPN,2023-07-31,Belaware,Equities,110.25,0.0,110.25,No Reference Price Found
ETR,2022-12-31,Belaware,Equities,110.24,0.0,110.23999786376953,No Reference Price Found
IFF,2023-01-31,Applebead,Equities,110.21,0.0,110.20999908447266,No Reference Price Found
SPG,2023-03-31,Report-of-Gohen,Equities,110.13,0.0,110.12999725341797,No Reference Price Found
RJF,2023-07-31,Report-of-Gohen,Equities,110.07,0.0,110.06999969482422,No Reference Price Found
ALLE,2023-04-30,Wallington,Equities,110.06,0.0,110.05999755859375,No Reference Price Found
QRVO,2023-07-31,Applebead,Equities,110.02,0.0,110.0199966430664,No Reference Price Found
ATO,2022-12-31,Magnum,Equities,109.95,0.0,109.94999694824219,No Reference Price Found
ALL,2023-03-31,Fund Whitestone,Equities,109.9,0.0,109.9000015258789,No Reference Price Found
XYL,2022-12-31,Applebead,Equities,109.86,0.0,109.86000061035156,No Reference Price Found
TROW,2023-02-28,Belaware,Equities,109.78,0.0,109.77999877929688,No Reference Price Found
CPT,2022-12-31,Report-of-Gohen,Equities,109.76,0.0,109.76000213623047,No Reference Price Found
ES00000127G9,2022-08-31,Virtous,Government Bond,109.71,0.0,109.70999908447266,No Reference Price Found
BG,2023-08-31,Magnum,Equities,109.68,0.0,109.68000030517578,No Reference Price Found
ES00000127G9,2022-11-30,Virtous,Government Bond,109.56,0.0,109.55999755859375,No Reference Price Found
ES00000127G9,2023-05-31,Virtous,Government Bond,109.56,0.0,109.55999755859375,No Reference Price Found
KMB,2022-09-30,Belaware,Equities,109.56,0.0,109.55999755859375,No Reference Price Found
TTWO,2023-02-28,Fund Whitestone,Equities,109.55,0.0,109.55000305175781,No Reference Price Found
WAB,2023-06-30,Wallington,Equities,109.51,0.0,109.51000213623047,No Reference Price Found
APTV,2023-07-31,Belaware,Equities,109.49,0.0,109.48999786376953,No Reference Price Found
ES00000127G9,2023-04-30,Virtous,Government Bond,109.4,0.0,109.4000015258789,No Reference Price Found
EXPE,2023-06-30,Wallington,Equities,109.39,0.0,109.38999938964844,No Reference Price Found
J,2023-05-31,Leeder,Equities,109.38,0.0,109.37999725341797,No Reference Price Found
ES00000127G9,2022-12-31,Virtous,Government Bond,109.34,0.0,109.33999633789062,No Reference Price Found
DHI,2023-04-30,Magnum,Equities,109.34,0.0,109.33999633789062,No Reference Price Found
ES00000127G9,2022-10-31,Virtous,Government Bond,109.33,0.0,109.33000183105469,No Reference Price Found
ES00000127G9,2023-08-31,Virtous,Government Bond,109.32,0.0,109.31999969482422,No Reference Price Found
ES00000127G9,2023-07-31,Virtous,Government Bond,109.31,0.0,109.30999755859375,No Reference Price Found
ES00000127G9,2023-06-30,Virtous,Government Bond,109.27,0.0,109.2699966430664,No Reference Price Found
ES00000127G9,2023-03-31,Virtous,Government Bond,109.24,0.0,109.23999786376953,No Reference Price Found
ES00000127G9,2023-02-28,Virtous,Government Bond,109.23,0.0,109.2300033569336,No Reference Price Found
ES00000127G9,2023-01-31,Virtous,Government Bond,109.22,0.0,109.22000122070312,No Reference Price Found
WAB,2023-08-31,Wallington,Equities,109.22,0.0,109.22000122070312,No Reference Price Found
GOOG,2022-08-31,Applebead,Equities,109.15,0.0,109.1500015258789,No Reference Price Found
PKG,2022-09-30,Belaware,Equities,109.13,0.0,109.12999725341797,No Reference Price Found
ES00000127G9,2022-09-30,Virtous,Government Bond,109.12,0.0,109.12000274658203,No Reference Price Found
RCL,2023-07-31,Fund Whitestone,Equities,109.11,0.0,109.11000061035156,No Reference Price Found
CPT,2023-07-31,Report-of-Gohen,Equities,109.09,0.0,109.08999633789062,No Reference Price Found
TROW,2023-08-31,Belaware,Equities,109.06,0.0,109.05999755859375,No Reference Price Found
ALL,2023-06-30,Leeder,Equities,109.04,0.0,109.04000091552734,No Reference Price Found
CPT,2023-04-30,Report-of-Gohen,Equities,109.03,0.0,109.02999877929688,No Reference Price Found
TTWO,2022-09-30,Fund Whitestone,Equities,109.0,0.0,109.0,No Reference Price Found
PAYX,2022-09-30,Leeder,Equities,108.99,0.0,108.98999786376953,No Reference Price Found
EXPE,2023-02-28,Wallington,Equities,108.97,0.0,108.97000122070312,No Reference Price Found
GNRC,2023-05-31,Virtous,Equities,108.92,0.0,108.91999816894531,No Reference Price Found
CPT,2023-06-30,Report-of-Gohen,Equities,108.87,0.0,108.87000274658203,No Reference Price Found
COF,2023-06-30,Belaware,Equities,108.79,0.0,108.79000091552734,No Reference Price Found
PAYX,2023-02-28,Leeder,Equities,108.7,0.0,108.69999694824219,No Reference Price Found
WYNN,2023-07-31,Applebead,Equities,108.69,0.0,108.69000244140625,No Reference Price Found
QRVO,2023-01-31,Wallington,Equities,108.66,0.0,108.66000366210938,No Reference Price Found
XOM,2022-11-30,Fund Whitestone,Equities,108.65,0.0,108.6500015258789,No Reference Price Found
ES0000012B39,2022-08-31,Fund Whitestone,Government Bond,108.62,0.0,108.62000274658203,No Reference Price Found
ES0000012B39,2022-11-30,Fund Whitestone,Government Bond,108.52,0.0,108.5199966430664,No Reference Price Found
QCOM,2023-08-31,rpt-Catalysm,Equities,108.52,0.0,108.5199966430664,No Reference Price Found
QCOM,2022-12-31,rpt-Catalysm,Equities,108.52,0.0,108.5199966430664,No Reference Price Found
ICE,2023-04-30,Belaware,Equities,108.51,0.0,108.51000213623047,No Reference Price Found
SWKS,2023-01-31,Belaware,Equities,108.39,0.0,108.38999938964844,No Reference Price Found
ES0000012B39,2023-05-31,Fund Whitestone,Government Bond,108.39,0.0,108.38999938964844,No Reference Price Found
TEL,2022-09-30,Applebead,Equities,108.38,0.0,108.37999725341797,No Reference Price Found
ES0000012B39,2023-04-30,Fund Whitestone,Government Bond,108.23,0.0,108.2300033569336,No Reference Price Found
ES0000012B39,2022-12-31,Fund Whitestone,Government Bond,108.22,0.0,108.22000122070312,No Reference Price Found
GOOG,2023-04-30,Applebead,Equities,108.22,0.0,108.22000122070312,No Reference Price Found
ES0000012B39,2022-10-31,Fund Whitestone,Government Bond,108.18,0.0,108.18000030517578,No Reference Price Found
PAYX,2023-04-30,Leeder,Equities,108.17,0.0,108.16999816894531,No Reference Price Found
ES0000012B39,2023-06-30,Fund Whitestone,Government Bond,108.14,0.0,108.13999938964844,No Reference Price Found
ES0000012B39,2023-08-31,Fund Whitestone,Government Bond,108.14,0.0,108.13999938964844,No Reference Price Found
ES0000012B39,2023-07-31,Fund Whitestone,Government Bond,108.11,0.0,108.11000061035156,No Reference Price Found
ES0000012B39,2023-03-31,Fund Whitestone,Government Bond,108.09,0.0,108.08999633789062,No Reference Price Found
ES0000012B39,2023-02-28,Fund Whitestone,Government Bond,108.08,0.0,108.08000183105469,No Reference Price Found
XOM,2023-02-28,Fund Whitestone,Equities,108.08,0.0,108.08000183105469,No Reference Price Found
LDOS,2022-11-30,Magnum,Equities,108.07,0.0,108.06999969482422,No Reference Price Found
ES0000012B39,2023-01-31,Fund Whitestone,Government Bond,108.06,0.0,108.05999755859375,No Reference Price Found
ES0000012B39,2022-09-30,Fund Whitestone,Government Bond,108.02,0.0,108.0199966430664,No Reference Price Found
BG,2023-07-31,Magnum,Equities,108.02,0.0,108.0199966430664,No Reference Price Found
GNRC,2023-03-31,Virtous,Equities,108.01,0.0,108.01000213623047,No Reference Price Found
WYNN,2023-02-28,Applebead,Equities,107.84,0.0,107.83999633789062,No Reference Price Found
XOM,2023-03-31,Fund Whitestone,Equities,107.83,0.0,107.83000183105469,No Reference Price Found
J,2022-09-30,Leeder,Equities,107.79,0.0,107.79000091552734,No Reference Price Found
COF,2023-02-28,Belaware,Equities,107.76,0.0,107.76000213623047,No Reference Price Found
ON,2023-07-31,Magnum,Equities,107.75,0.0,107.75,No Reference Price Found
EXPE,2023-08-31,Wallington,Equities,107.65,0.0,107.6500015258789,No Reference Price Found
XOM,2022-12-31,Fund Whitestone,Equities,107.63,0.0,107.62999725341797,No Reference Price Found
ALL,2023-05-31,Fund Whitestone,Equities,107.56,0.0,107.55999755859375,No Reference Price Found
RJF,2023-02-28,Report-of-Gohen,Equities,107.53,0.0,107.52999877929688,No Reference Price Found
SBUX,2023-01-31,Magnum,Equities,107.48,0.0,107.4800033569336,No Reference Price Found
GPN,2022-09-30,Belaware,Equities,107.24,0.0,107.23999786376953,No Reference Price Found
XOM,2022-10-31,Fund Whitestone,Equities,107.24,0.0,107.23999786376953,No Reference Price Found
ICE,2022-11-30,Belaware,Equities,107.04,0.0,107.04000091552734,No Reference Price Found
XOM,2023-08-31,Fund Whitestone,Equities,107.0,0.0,107.0,No Reference Price Found
EXPE,2022-11-30,Wallington,Equities,106.84,0.0,106.83999633789062,No Reference Price Found
LEN,2023-05-31,Applebead,Equities,106.8,0.0,106.80000305175781,No Reference Price Found
ICE,2023-01-31,Belaware,Equities,106.67,0.0,106.66999816894531,No Reference Price Found
APTV,2022-11-30,Belaware,Equities,106.67,0.0,106.66999816894531,No Reference Price Found
ETR,2023-03-31,Belaware,Equities,106.66,0.0,106.66000366210938,No Reference Price Found
TROW,2022-12-31,Belaware,Equities,106.64,0.0,106.63999938964844,No Reference Price Found
DHI,2023-05-31,Magnum,Equities,106.62,0.0,106.62000274658203,No Reference Price Found
CEG,2023-08-31,Fund Whitestone,Equities,106.56,0.0,106.55999755859375,No Reference Price Found
IFF,2022-08-31,Applebead,Equities,106.55,0.0,106.55000305175781,No Reference Price Found
ETR,2023-04-30,Belaware,Equities,106.5,0.0,106.5,No Reference Price Found
XOM,2023-06-30,Fund Whitestone,Equities,106.38,0.0,106.37999725341797,No Reference Price Found
XOM,2023-07-31,Fund Whitestone,Equities,106.37,0.0,106.37000274658203,No Reference Price Found
MHK,2023-07-31,Applebead,Equities,106.34,0.0,106.33999633789062,No Reference Price Found
ALLE,2023-03-31,Wallington,Equities,106.32,0.0,106.31999969482422,No Reference Price Found
MX0MG00000H9,2022-08-31,Fund Whitestone,Government Bond,106.28,0.0,106.27999877929688,No Reference Price Found
VLO,2023-05-31,Leeder,Equities,106.19,0.0,106.19000244140625,No Reference Price Found
DFS,2022-11-30,Magnum,Equities,106.18,0.0,106.18000030517578,No Reference Price Found
MX0MG00000H9,2022-11-30,Fund Whitestone,Government Bond,106.16,0.0,106.16000366210938,No Reference Price Found
MX0MG00000H9,2023-04-30,Fund Whitestone,Government Bond,106.15,0.0,106.1500015258789,No Reference Price Found
MX0MG00000H9,2023-05-31,Fund Whitestone,Government Bond,106.13,0.0,106.12999725341797,No Reference Price Found
MX0MG00000H9,2022-12-31,Fund Whitestone,Government Bond,106.13,0.0,106.12999725341797,No Reference Price Found
ETR,2023-01-31,Belaware,Equities,106.11,0.0,106.11000061035156,No Reference Price Found
RCL,2023-08-31,Fund Whitestone,Equities,106.04,0.0,106.04000091552734,No Reference Price Found
MRNA,2023-08-31,Magnum,Equities,106.01,0.0,106.01000213623047,No Reference Price Found
TROW,2023-05-31,Belaware,Equities,105.99,0.0,105.98999786376953,No Reference Price Found
FMC,2022-08-31,TT_monthly_Trustmind,Equities,105.94,0.0,105.94000244140625,No Reference Price Found
MX0MG00000H9,2022-09-30,Fund Whitestone,Government Bond,105.93,0.0,105.93000030517578,No Reference Price Found
RJF,2022-12-31,Report-of-Gohen,Equities,105.93,0.0,105.93000030517578,No Reference Price Found
MHK,2023-04-30,Applebead,Equities,105.9,0.0,105.9000015258789,No Reference Price Found
GRMN,2023-07-31,Belaware,Equities,105.89,0.0,105.88999938964844,No Reference Price Found
MX0MG00000H9,2023-07-31,Fund Whitestone,Government Bond,105.89,0.0,105.88999938964844,No Reference Price Found
NUE,2022-09-30,Virtous,Equities,105.88,0.0,105.87999725341797,No Reference Price Found
MX0MG00000H9,2023-02-28,Fund Whitestone,Government Bond,105.86,0.0,105.86000061035156,No Reference Price Found
MX0MG00000H9,2023-06-30,Fund Whitestone,Government Bond,105.85,0.0,105.8499984741211,No Reference Price Found
MX0MG00000H9,2023-08-31,Fund Whitestone,Government Bond,105.84,0.0,105.83999633789062,No Reference Price Found
MX0MG00000H9,2023-01-31,Fund Whitestone,Government Bond,105.84,0.0,105.83999633789062,No Reference Price Found
AT0000A1K9C8,2022-11-30,Virtous,Government Bond,105.83,0.0,105.83000183105469,No Reference Price Found
MX0MG00000H9,2022-10-31,Fund Whitestone,Government Bond,105.8,0.0,105.80000305175781,No Reference Price Found
MX0MG00000H9,2023-03-31,Fund Whitestone,Government Bond,105.77,0.0,105.7699966430664,No Reference Price Found
DVA,2023-08-31,Belaware,Equities,105.72,0.0,105.72000122070312,No Reference Price Found
AT0000A1K9C8,2022-08-31,Virtous,Government Bond,105.69,0.0,105.69000244140625,No Reference Price Found
TTWO,2022-11-30,Fund Whitestone,Equities,105.69,0.0,105.69000244140625,No Reference Price Found
ETSY,2022-08-31,rpt-Catalysm,Equities,105.61,0.0,105.61000061035156,No Reference Price Found
AT0000A1K9C8,2023-05-31,Virtous,Government Bond,105.6,0.0,105.5999984741211,No Reference Price Found
ORCL,2023-05-31,rpt-Catalysm,Equities,105.57,0.0,105.56999969482422,No Reference Price Found
ICE,2023-05-31,Belaware,Equities,105.54,0.0,105.54000091552734,No Reference Price Found
GNRC,2022-11-30,Virtous,Equities,105.52,0.0,105.5199966430664,No Reference Price Found
AT0000A1K9C8,2022-12-31,Virtous,Government Bond,105.5,0.0,105.5,No Reference Price Found
AT0000A1K9C8,2023-04-30,Virtous,Government Bond,105.47,0.0,105.47000122070312,No Reference Price Found
AT0000A1K9C8,2023-08-31,Virtous,Government Bond,105.41,0.0,105.41000366210938,No Reference Price Found
AT0000A1K9C8,2023-07-31,Virtous,Government Bond,105.38,0.0,105.37999725341797,No Reference Price Found
AT0000A1K9C8,2023-02-28,Virtous,Government Bond,105.37,0.0,105.37000274658203,No Reference Price Found
AT0000A1K9C8,2023-06-30,Virtous,Government Bond,105.35,0.0,105.3499984741211,No Reference Price Found
AT0000A1K9C8,2023-03-31,Virtous,Government Bond,105.33,0.0,105.33000183105469,No Reference Price Found
WYNN,2023-06-30,Applebead,Equities,105.33,0.0,105.33000183105469,No Reference Price Found
AT0000A1K9C8,2022-10-31,Virtous,Government Bond,105.26,0.0,105.26000213623047,No Reference Price Found
AT0000A1K9C8,2023-01-31,Virtous,Government Bond,105.24,0.0,105.23999786376953,No Reference Price Found
SWKS,2023-04-30,Belaware,Equities,105.24,0.0,105.23999786376953,No Reference Price Found
AT0000A1K9C8,2022-09-30,Virtous,Government Bond,105.23,0.0,105.2300033569336,No Reference Price Found
ALL,2023-08-31,Fund Whitestone,Equities,105.21,0.0,105.20999908447266,No Reference Price Found
DK0009923807,2022-11-30,Fund Whitestone,Government Bond,105.06,0.0,105.05999755859375,No Reference Price Found
GPN,2023-03-31,Belaware,Equities,104.98,0.0,104.9800033569336,No Reference Price Found
DK0009923807,2022-08-31,Fund Whitestone,Government Bond,104.92,0.0,104.91999816894531,No Reference Price Found
DK0009923807,2023-05-31,Fund Whitestone,Government Bond,104.83,0.0,104.83000183105469,No Reference Price Found
DK0009923807,2022-12-31,Fund Whitestone,Government Bond,104.73,0.0,104.7300033569336,No Reference Price Found
DFS,2023-07-31,Magnum,Equities,104.72,0.0,104.72000122070312,No Reference Price Found
NL0011819040,2023-05-31,Magnum,Government Bond,104.68,0.0,104.68000030517578,No Reference Price Found
DK0009923807,2023-04-30,Fund Whitestone,Government Bond,104.67,0.0,104.66999816894531,No Reference Price Found
DK0009923807,2023-02-28,Fund Whitestone,Government Bond,104.66,0.0,104.66000366210938,No Reference Price Found
DK0009923807,2023-06-30,Fund Whitestone,Government Bond,104.65,0.0,104.6500015258789,No Reference Price Found
DK0009923807,2023-07-31,Fund Whitestone,Government Bond,104.62,0.0,104.62000274658203,No Reference Price Found
DK0009923807,2023-08-31,Fund Whitestone,Government Bond,104.61,0.0,104.61000061035156,No Reference Price Found
PTC,2022-09-30,Applebead,Equities,104.6,0.0,104.5999984741211,No Reference Price Found
NL0011819040,2022-08-31,Magnum,Government Bond,104.59,0.0,104.58999633789062,No Reference Price Found
NL0011819040,2022-10-31,Magnum,Government Bond,104.59,0.0,104.58999633789062,No Reference Price Found
DK0009923807,2022-10-31,Fund Whitestone,Government Bond,104.56,0.0,104.55999755859375,No Reference Price Found
DK0009923807,2023-03-31,Fund Whitestone,Government Bond,104.56,0.0,104.55999755859375,No Reference Price Found
NL0011819040,2022-11-30,Magnum,Government Bond,104.55,0.0,104.55000305175781,No Reference Price Found
DK0009923807,2023-01-31,Fund Whitestone,Government Bond,104.53,0.0,104.52999877929688,No Reference Price Found
DK0009923807,2022-09-30,Fund Whitestone,Government Bond,104.48,0.0,104.4800033569336,No Reference Price Found
NL0011819040,2023-04-30,Magnum,Government Bond,104.47,0.0,104.47000122070312,No Reference Price Found
NL0011819040,2023-08-31,Magnum,Government Bond,104.45,0.0,104.44999694824219,No Reference Price Found
LEN,2023-03-31,Applebead,Equities,104.44,0.0,104.44000244140625,No Reference Price Found
ALLE,2022-12-31,Wallington,Equities,104.41,0.0,104.41000366210938,No Reference Price Found
MPC,2023-05-31,TT_monthly_Trustmind,Equities,104.38,0.0,104.37999725341797,No Reference Price Found
NL0011819040,2022-12-31,Magnum,Government Bond,104.36,0.0,104.36000061035156,No Reference Price Found
NL0011819040,2023-02-28,Magnum,Government Bond,104.36,0.0,104.36000061035156,No Reference Price Found
NL0011819040,2023-07-31,Magnum,Government Bond,104.35,0.0,104.3499984741211,No Reference Price Found
XYL,2023-03-31,Applebead,Equities,104.35,0.0,104.3499984741211,No Reference Price Found
NL0011819040,2023-01-31,Magnum,Government Bond,104.34,0.0,104.33999633789062,No Reference Price Found
ALLE,2023-05-31,Wallington,Equities,104.34,0.0,104.33999633789062,No Reference Price Found
FMC,2023-06-30,TT_monthly_Trustmind,Equities,104.34,0.0,104.33999633789062,No Reference Price Found
LDOS,2022-12-31,Magnum,Equities,104.33,0.0,104.33000183105469,No Reference Price Found
GRMN,2023-06-30,Belaware,Equities,104.29,0.0,104.29000091552734,No Reference Price Found
NL0011819040,2023-03-31,Magnum,Government Bond,104.29,0.0,104.29000091552734,No Reference Price Found
NL0011819040,2022-09-30,Magnum,Government Bond,104.29,0.0,104.29000091552734,No Reference Price Found
SWKS,2023-08-31,Belaware,Equities,104.25,0.0,104.25,No Reference Price Found
NL0011819040,2023-06-30,Magnum,Government Bond,104.22,0.0,104.22000122070312,No Reference Price Found
PAYX,2023-05-31,Leeder,Equities,104.18,0.0,104.18000030517578,No Reference Price Found
COP,2022-08-31,Applebead,Equities,104.17,0.0,104.16999816894531,No Reference Price Found
TTWO,2022-12-31,Fund Whitestone,Equities,104.13,0.0,104.12999725341797,No Reference Price Found
FMC,2022-09-30,TT_monthly_Trustmind,Equities,104.12,0.0,104.12000274658203,No Reference Price Found
SPG,2022-10-31,Report-of-Gohen,Equities,104.02,0.0,104.0199966430664,No Reference Price Found
GOOG,2023-03-31,Applebead,Equities,104.0,0.0,104.0,No Reference Price Found
WAB,2023-02-28,Wallington,Equities,103.99,0.0,103.98999786376953,No Reference Price Found
GRMN,2023-08-31,Belaware,Equities,103.97,0.0,103.97000122070312,No Reference Price Found
ETR,2022-10-31,Belaware,Equities,103.94,0.0,103.94000244140625,No Reference Price Found
ICE,2023-03-31,Belaware,Equities,103.89,0.0,103.88999938964844,No Reference Price Found
ATO,2022-10-31,Magnum,Equities,103.88,0.0,103.87999725341797,No Reference Price Found
CPT,2023-03-31,Report-of-Gohen,Equities,103.87,0.0,103.87000274658203,No Reference Price Found
RJF,2023-06-30,Report-of-Gohen,Equities,103.77,0.0,103.7699966430664,No Reference Price Found
RCL,2023-06-30,Fund Whitestone,Equities,103.74,0.0,103.73999786376953,No Reference Price Found
AMD,2023-08-31,Fund Whitestone,Equities,103.71,0.0,103.70999908447266,No Reference Price Found
PRU,2022-11-30,Leeder,Equities,103.68,0.0,103.68000030517578,No Reference Price Found
COF,2023-05-31,Belaware,Equities,103.66,0.0,103.66000366210938,No Reference Price Found
COF,2022-10-31,Belaware,Equities,103.6,0.0,103.5999984741211,No Reference Price Found
ALLE,2022-10-31,Wallington,Equities,103.54,0.0,103.54000091552734,No Reference Price Found
VLO,2022-09-30,Leeder,Equities,103.54,0.0,103.54000091552734,No Reference Price Found
SWKS,2023-05-31,Belaware,Equities,103.51,0.0,103.51000213623047,No Reference Price Found
CPT,2023-05-31,Report-of-Gohen,Equities,103.5,0.0,103.5,No Reference Price Found
FMC,2023-05-31,TT_monthly_Trustmind,Equities,103.5,0.0,103.5,No Reference Price Found
XYL,2023-04-30,Applebead,Equities,103.49,0.0,103.48999786376953,No Reference Price Found
SPG,2023-05-31,Report-of-Gohen,Equities,103.42,0.0,103.41999816894531,No Reference Price Found
COF,2022-08-31,Belaware,Equities,103.41,0.0,103.41000366210938,No Reference Price Found
XYL,2023-01-31,Applebead,Equities,103.34,0.0,103.33999633789062,No Reference Price Found
WAB,2023-01-31,Wallington,Equities,103.3,0.0,103.30000305175781,No Reference Price Found
COP,2023-06-30,Applebead,Equities,103.16,0.0,103.16000366210938,No Reference Price Found
MHK,2023-06-30,Applebead,Equities,103.16,0.0,103.16000366210938,No Reference Price Found
WYNN,2023-01-31,Applebead,Equities,103.13,0.0,103.12999725341797,No Reference Price Found
SBUX,2023-03-31,Magnum,Equities,103.06,0.0,103.05999755859375,No Reference Price Found
GPN,2022-11-30,Belaware,Equities,103.0,0.0,103.0,No Reference Price Found
IFF,2022-11-30,Applebead,Equities,102.89,0.0,102.88999938964844,No Reference Price Found
APTV,2023-04-30,Belaware,Equities,102.86,0.0,102.86000061035156,No Reference Price Found
MHK,2023-02-28,Applebead,Equities,102.85,0.0,102.8499984741211,No Reference Price Found
BG,2022-11-30,Magnum,Equities,102.84,0.0,102.83999633789062,No Reference Price Found
TROW,2022-10-31,Belaware,Equities,102.75,0.0,102.75,No Reference Price Found
IFF,2022-12-31,Applebead,Equities,102.74,0.0,102.73999786376953,No Reference Price Found
RJF,2022-08-31,Wallington,Equities,102.71,0.0,102.70999908447266,No Reference Price Found
ETR,2023-07-31,Belaware,Equities,102.7,0.0,102.69999694824219,No Reference Price Found
EXPE,2022-08-31,Wallington,Equities,102.65,0.0,102.6500015258789,No Reference Price Found
GRMN,2023-05-31,Belaware,Equities,102.44,0.0,102.44000244140625,No Reference Price Found
MHK,2023-08-31,Applebead,Equities,102.39,0.0,102.38999938964844,No Reference Price Found
AKAM,2023-08-31,TT_monthly_Trustmind,Equities,102.31,0.0,102.30999755859375,No Reference Price Found
XYL,2023-02-28,Applebead,Equities,102.31,0.0,102.30999755859375,No Reference Price Found
MHK,2022-12-31,Applebead,Equities,102.22,0.0,102.22000122070312,No Reference Price Found
GNRC,2023-04-30,Virtous,Equities,102.22,0.0,102.22000122070312,No Reference Price Found
APTV,2023-06-30,Belaware,Equities,102.09,0.0,102.08999633789062,No Reference Price Found
QRVO,2023-06-30,Applebead,Equities,102.03,0.0,102.02999877929688,No Reference Price Found
DVA,2023-07-31,Belaware,Equities,101.99,0.0,101.98999786376953,No Reference Price Found
DFS,2023-04-30,Magnum,Equities,101.95,0.0,101.94999694824219,No Reference Price Found
DFS,2023-05-31,Magnum,Equities,101.93,0.0,101.93000030517578,No Reference Price Found
CND100045210,2022-12-31,Fund Whitestone,Government Bond,101.92,0.0,101.91999816894531,No Reference Price Found
CND100045210,2022-11-30,Fund Whitestone,Government Bond,101.91,0.0,101.91000366210938,No Reference Price Found
CND100045210,2022-10-31,Fund Whitestone,Government Bond,101.88,0.0,101.87999725341797,No Reference Price Found
CND100045210,2023-05-31,Fund Whitestone,Government Bond,101.86,0.0,101.86000061035156,No Reference Price Found
CND100045210,2022-09-30,Fund Whitestone,Government Bond,101.86,0.0,101.86000061035156,No Reference Price Found
CND100045210,2023-06-30,Fund Whitestone,Government Bond,101.84,0.0,101.83999633789062,No Reference Price Found
ETR,2023-02-28,Belaware,Equities,101.84,0.0,101.83999633789062,No Reference Price Found
CND100045210,2023-03-31,Fund Whitestone,Government Bond,101.83,0.0,101.83000183105469,No Reference Price Found
CND100045210,2023-04-30,Fund Whitestone,Government Bond,101.83,0.0,101.83000183105469,No Reference Price Found
CND100045210,2023-01-31,Fund Whitestone,Government Bond,101.82,0.0,101.81999969482422,No Reference Price Found
CND100045210,2023-08-31,Fund Whitestone,Government Bond,101.82,0.0,101.81999969482422,No Reference Price Found
CND100045210,2023-07-31,Fund Whitestone,Government Bond,101.81,0.0,101.80999755859375,No Reference Price Found
CND100045210,2023-02-28,Fund Whitestone,Government Bond,101.8,0.0,101.80000305175781,No Reference Price Found
CND100045210,2022-08-31,Fund Whitestone,Government Bond,101.8,0.0,101.80000305175781,No Reference Price Found
DFS,2022-10-31,Magnum,Equities,101.79,0.0,101.79000091552734,No Reference Price Found
ICE,2022-12-31,Belaware,Equities,101.75,0.0,101.75,No Reference Price Found
LEN,2023-01-31,Applebead,Equities,101.75,0.0,101.75,No Reference Price Found
CND100047QT4,2023-05-31,Virtous,Government Bond,101.72,0.0,101.72000122070312,No Reference Price Found
CND100047QT4,2023-02-28,Virtous,Government Bond,101.72,0.0,101.72000122070312,No Reference Price Found
CND100047QT4,2022-09-30,Virtous,Government Bond,101.7,0.0,101.69999694824219,No Reference Price Found
CND100047QT4,2023-08-31,Virtous,Government Bond,101.7,0.0,101.69999694824219,No Reference Price Found
CND100047QT4,2023-04-30,Virtous,Government Bond,101.69,0.0,101.69000244140625,No Reference Price Found
CND100047QT4,2022-10-31,Virtous,Government Bond,101.69,0.0,101.69000244140625,No Reference Price Found
CND100047QT4,2022-08-31,Virtous,Government Bond,101.69,0.0,101.69000244140625,No Reference Price Found
CND100047QT4,2023-03-31,Virtous,Government Bond,101.67,0.0,101.66999816894531,No Reference Price Found
CND100047QT4,2023-01-31,Virtous,Government Bond,101.67,0.0,101.66999816894531,No Reference Price Found
CND100047QT4,2023-06-30,Virtous,Government Bond,101.67,0.0,101.66999816894531,No Reference Price Found
CND100047QT4,2023-07-31,Virtous,Government Bond,101.66,0.0,101.66000366210938,No Reference Price Found
ETSY,2023-07-31,rpt-Catalysm,Equities,101.65,0.0,101.6500015258789,No Reference Price Found
CND100047QT4,2022-11-30,Virtous,Government Bond,101.65,0.0,101.6500015258789,No Reference Price Found
TROW,2022-09-30,Belaware,Equities,101.64,0.0,101.63999938964844,No Reference Price Found
CND100047QT4,2022-12-31,Virtous,Government Bond,101.61,0.0,101.61000061035156,No Reference Price Found
QRVO,2023-03-31,Applebead,Equities,101.57,0.0,101.56999969482422,No Reference Price Found
XYL,2022-10-31,Applebead,Equities,101.5,0.0,101.5,No Reference Price Found
COF,2022-11-30,Belaware,Equities,101.48,0.0,101.4800033569336,No Reference Price Found
GOOG,2022-11-30,Leeder,Equities,101.45,0.0,101.44999694824219,No Reference Price Found
QRVO,2023-08-31,Applebead,Equities,101.41,0.0,101.41000366210938,No Reference Price Found
XOM,2023-05-31,Fund Whitestone,Equities,101.35,0.0,101.3499984741211,No Reference Price Found
XYL,2023-08-31,Applebead,Equities,101.35,0.0,101.3499984741211,No Reference Price Found
MHK,2022-11-30,Applebead,Equities,101.33,0.0,101.33000183105469,No Reference Price Found
JPM,2022-09-30,Magnum,Equities,101.32,0.0,101.31999969482422,No Reference Price Found
COP,2023-04-30,Applebead,Equities,101.31,0.0,101.30999755859375,No Reference Price Found
COP,2023-02-28,Applebead,Equities,101.14,0.0,101.13999938964844,No Reference Price Found
SBUX,2023-08-31,Magnum,Equities,101.1,0.0,101.0999984741211,No Reference Price Found
SBUX,2023-02-28,Magnum,Equities,101.05,0.0,101.05000305175781,No Reference Price Found
JP1103571L10,2023-08-31,Fund Whitestone,Government Bond,101.05,0.0,101.05000305175781,No Reference Price Found
SBUX,2023-07-31,Magnum,Equities,101.03,0.0,101.02999877929688,No Reference Price Found
ETSY,2023-04-30,rpt-Catalysm,Equities,101.03,0.0,101.02999877929688,No Reference Price Found
JP1103571L10,2022-08-31,Fund Whitestone,Government Bond,101.01,0.0,101.01000213623047,No Reference Price Found
JP1103571L10,2023-06-30,Fund Whitestone,Government Bond,101.0,0.0,101.0,No Reference Price Found
JP1103571L10,2023-02-28,Fund Whitestone,Government Bond,100.99,0.0,100.98999786376953,No Reference Price Found
JP1103571L10,2023-03-31,Fund Whitestone,Government Bond,100.99,0.0,100.98999786376953,No Reference Price Found
JP1103571L10,2022-10-31,Fund Whitestone,Government Bond,100.99,0.0,100.98999786376953,No Reference Price Found
JP1103571L10,2022-11-30,Fund Whitestone,Government Bond,100.99,0.0,100.98999786376953,No Reference Price Found
JP1103571L10,2022-12-31,Fund Whitestone,Government Bond,100.99,0.0,100.98999786376953,No Reference Price Found
JP1103571L10,2022-09-30,Fund Whitestone,Government Bond,100.98,0.0,100.9800033569336,No Reference Price Found
JP1103571L10,2023-05-31,Fund Whitestone,Government Bond,100.97,0.0,100.97000122070312,No Reference Price Found
ICE,2023-02-28,Belaware,Equities,100.97,0.0,100.97000122070312,No Reference Price Found
JP1103571L10,2023-04-30,Fund Whitestone,Government Bond,100.96,0.0,100.95999908447266,No Reference Price Found
JP1103571L10,2023-07-31,Fund Whitestone,Government Bond,100.95,0.0,100.94999694824219,No Reference Price Found
JP1103571L10,2023-01-31,Fund Whitestone,Government Bond,100.91,0.0,100.91000366210938,No Reference Price Found
QRVO,2023-02-28,Applebead,Equities,100.89,0.0,100.88999938964844,No Reference Price Found
WAB,2023-03-31,Wallington,Equities,100.73,0.0,100.7300033569336,No Reference Price Found
PRU,2023-01-31,Leeder,Equities,100.71,0.0,100.70999908447266,No Reference Price Found
GNRC,2022-12-31,Virtous,Equities,100.66,0.0,100.66000366210938,No Reference Price Found
SBUX,2022-11-30,Magnum,Equities,100.65,0.0,100.6500015258789,No Reference Price Found
WAB,2022-11-30,Wallington,Equities,100.59,0.0,100.58999633789062,No Reference Price Found
CHRW,2023-08-31,Fund Whitestone,Equities,100.55,0.0,100.55000305175781,No Reference Price Found
DVA,2023-06-30,Belaware,Equities,100.47,0.0,100.47000122070312,No Reference Price Found
LDOS,2022-10-31,Magnum,Equities,100.42,0.0,100.41999816894531,No Reference Price Found
GRMN,2023-03-31,Belaware,Equities,100.23,0.0,100.2300033569336,No Reference Price Found
MHK,2023-03-31,Applebead,Equities,100.22,0.0,100.22000122070312,No Reference Price Found
CHRW,2023-04-30,Fund Whitestone,Equities,100.22,0.0,100.22000122070312,No Reference Price Found
XYL,2023-05-31,Applebead,Equities,100.2,0.0,100.19999694824219,No Reference Price Found
CHRW,2023-07-31,Fund Whitestone,Equities,100.18,0.0,100.18000030517578,No Reference Price Found
ETSY,2022-09-30,rpt-Catalysm,Equities,100.13,0.0,100.12999725341797,No Reference Price Found
CHD,2023-06-30,Fund Whitestone,Equities,99.95,0.0,99.94999694824219,No Reference Price Found
GOOG,2023-01-31,Applebead,Equities,99.87,0.0,99.87000274658203,No Reference Price Found
PRU,2022-10-31,Leeder,Equities,99.82,0.0,99.81999969482422,No Reference Price Found
WEC,2022-08-31,Fund Whitestone,Equities,99.72,0.0,99.72000122070312,No Reference Price Found
WAB,2022-12-31,Wallington,Equities,99.32,0.0,99.31999969482422,No Reference Price Found
ATO,2022-09-30,Magnum,Equities,99.3,0.0,99.30000305175781,No Reference Price Found
ICE,2022-08-31,Belaware,Equities,99.29,0.0,99.29000091552734,No Reference Price Found
QRVO,2022-11-30,Applebead,Equities,99.25,0.0,99.25,No Reference Price Found
RTX,2022-12-31,Magnum,Equities,99.06,0.0,99.05999755859375,No Reference Price Found
CHRW,2023-01-31,Fund Whitestone,Equities,98.91,0.0,98.91000366210938,No Reference Price Found
GPN,2022-12-31,Belaware,Equities,98.82,0.0,98.81999969482422,No Reference Price Found
CHRW,2023-03-31,Fund Whitestone,Equities,98.73,0.0,98.7300033569336,No Reference Price Found
COP,2022-09-30,Applebead,Equities,98.72,0.0,98.72000122070312,No Reference Price Found
CHRW,2023-02-28,Fund Whitestone,Equities,98.71,0.0,98.70999908447266,No Reference Price Found
RTX,2023-04-30,Magnum,Equities,98.6,0.0,98.5999984741211,No Reference Price Found
SBUX,2023-06-30,Magnum,Equities,98.53,0.0,98.52999877929688,No Reference Price Found
GPN,2023-06-30,Belaware,Equities,98.52,0.0,98.5199966430664,No Reference Price Found
LDOS,2023-08-31,Magnum,Equities,98.47,0.0,98.47000122070312,No Reference Price Found
CHD,2023-08-31,Fund Whitestone,Equities,98.44,0.0,98.44000244140625,No Reference Price Found
WYNN,2023-05-31,Applebead,Equities,98.44,0.0,98.44000244140625,No Reference Price Found
MPC,2022-08-31,TT_monthly_Trustmind,Equities,98.37,0.0,98.37000274658203,No Reference Price Found
CHRW,2022-11-30,Fund Whitestone,Equities,98.36,0.0,98.36000061035156,No Reference Price Found
COP,2023-05-31,Applebead,Equities,98.28,0.0,98.27999877929688,No Reference Price Found
ETR,2023-05-31,Belaware,Equities,98.2,0.0,98.19999694824219,No Reference Price Found
ON,2023-08-31,Magnum,Equities,98.07,0.0,98.06999969482422,No Reference Price Found
GB00BL68HJ26,2022-11-30,Fund Whitestone,Government Bond,98.06,0.0,98.05999755859375,No Reference Price Found
LDOS,2023-01-31,Magnum,Equities,98.03,0.0,98.02999877929688,No Reference Price Found
DHI,2023-01-31,Magnum,Equities,98.02,0.0,98.0199966430664,No Reference Price Found
AMD,2023-03-31,Fund Whitestone,Equities,98.01,0.0,98.01000213623047,No Reference Price Found
RTX,2023-01-31,Magnum,Equities,98.01,0.0,98.01000213623047,No Reference Price Found
CA135087K940,2022-11-30,Report-of-Gohen,Government Bond,97.98,0.0,97.9800033569336,No Reference Price Found
DFS,2022-08-31,Magnum,Equities,97.92,0.0,97.91999816894531,No Reference Price Found
BG,2022-12-31,Magnum,Equities,97.87,0.0,97.87000274658203,No Reference Price Found
CA135087K940,2023-04-30,Report-of-Gohen,Government Bond,97.78,0.0,97.77999877929688,No Reference Price Found
CA135087K940,2023-08-31,Virtous,Government Bond,97.76,0.0,97.76000213623047,No Reference Price Found
CA135087K940,2022-08-31,Report-of-Gohen,Government Bond,97.76,0.0,97.76000213623047,No Reference Price Found
CA135087K940,2023-07-31,Report-of-Gohen,Government Bond,97.75,0.0,97.75,No Reference Price Found
CA135087K940,2022-12-31,Report-of-Gohen,Government Bond,97.74,0.0,97.73999786376953,No Reference Price Found
CA135087K940,2023-05-31,Report-of-Gohen,Government Bond,97.73,0.0,97.7300033569336,No Reference Price Found
SBUX,2022-12-31,Magnum,Equities,97.7,0.0,97.69999694824219,No Reference Price Found
COP,2023-03-31,Applebead,Equities,97.69,0.0,97.69000244140625,No Reference Price Found
GB00BL68HJ26,2022-08-31,Fund Whitestone,Government Bond,97.67,0.0,97.66999816894531,No Reference Price Found
CA135087K940,2022-10-31,Report-of-Gohen,Government Bond,97.66,0.0,97.66000366210938,No Reference Price Found
GB00BL68HJ26,2023-02-28,Fund Whitestone,Government Bond,97.65,0.0,97.6500015258789,No Reference Price Found
ETR,2022-09-30,Belaware,Equities,97.62,0.0,97.62000274658203,No Reference Price Found
GB00BL68HJ26,2023-04-30,Fund Whitestone,Government Bond,97.6,0.0,97.5999984741211,No Reference Price Found
GB00BL68HJ26,2023-01-31,Fund Whitestone,Government Bond,97.6,0.0,97.5999984741211,No Reference Price Found
RJF,2022-09-30,Wallington,Equities,97.59,0.0,97.58999633789062,No Reference Price Found
LYB,2023-07-31,Applebead,Equities,97.59,0.0,97.58999633789062,No Reference Price Found
GB00BL68HJ26,2023-08-31,Fund Whitestone,Government Bond,97.58,0.0,97.58000183105469,No Reference Price Found
CA135087K940,2023-02-28,Report-of-Gohen,Government Bond,97.58,0.0,97.58000183105469,No Reference Price Found
GB00BL68HJ26,2023-05-31,Fund Whitestone,Government Bond,97.57,0.0,97.56999969482422,No Reference Price Found
GB00BL68HJ26,2022-12-31,Fund Whitestone,Government Bond,97.57,0.0,97.56999969482422,No Reference Price Found
CA135087K940,2022-09-30,Virtous,Government Bond,97.56,0.0,97.55999755859375,No Reference Price Found
CA135087K940,2023-01-31,Report-of-Gohen,Government Bond,97.55,0.0,97.55000305175781,No Reference Price Found
CA135087K940,2023-03-31,Report-of-Gohen,Government Bond,97.54,0.0,97.54000091552734,No Reference Price Found
GRMN,2023-04-30,Belaware,Equities,97.49,0.0,97.48999786376953,No Reference Price Found
GB00BL68HJ26,2023-07-31,Fund Whitestone,Government Bond,97.47,0.0,97.47000122070312,No Reference Price Found
GRMN,2023-01-31,Belaware,Equities,97.45,0.0,97.44999694824219,No Reference Price Found
GPN,2023-05-31,Belaware,Equities,97.45,0.0,97.44999694824219,No Reference Price Found
DFS,2023-03-31,Magnum,Equities,97.39,0.0,97.38999938964844,No Reference Price Found
CA135087K940,2023-06-30,Report-of-Gohen,Government Bond,97.39,0.0,97.38999938964844,No Reference Price Found
ETR,2023-06-30,Belaware,Equities,97.37,0.0,97.37000274658203,No Reference Price Found
WAB,2023-04-30,Wallington,Equities,97.35,0.0,97.3499984741211,No Reference Price Found
GB00BL68HJ26,2023-03-31,Fund Whitestone,Government Bond,97.33,0.0,97.33000183105469,No Reference Price Found
COF,2023-08-31,Belaware,Equities,97.28,0.0,97.27999877929688,No Reference Price Found
RTX,2023-06-30,Magnum,Equities,97.28,0.0,97.27999877929688,No Reference Price Found
DHI,2023-03-31,Magnum,Equities,97.27,0.0,97.2699966430664,No Reference Price Found
GB00BL68HJ26,2022-09-30,Fund Whitestone,Government Bond,97.27,0.0,97.2699966430664,No Reference Price Found
QRVO,2023-05-31,Applebead,Equities,97.26,0.0,97.26000213623047,No Reference Price Found
GB00BL68HJ26,2022-10-31,Fund Whitestone,Government Bond,97.25,0.0,97.25,No Reference Price Found
BG,2023-01-31,Magnum,Equities,97.21,0.0,97.20999908447266,No Reference Price Found
PRU,2023-02-28,Leeder,Equities,97.15,0.0,97.1500015258789,No Reference Price Found
GB00BL68HJ26,2023-06-30,Fund Whitestone,Government Bond,97.13,0.0,97.12999725341797,No Reference Price Found
SBUX,2023-05-31,Magnum,Equities,97.12,0.0,97.12000274658203,No Reference Price Found
EXPE,2023-03-31,Wallington,Equities,97.03,0.0,97.02999877929688,No Reference Price Found
MPC,2022-09-30,TT_monthly_Trustmind,Equities,96.98,0.0,96.9800033569336,No Reference Price Found
RTX,2022-11-30,Magnum,Equities,96.9,0.0,96.9000015258789,No Reference Price Found
RTX,2023-02-28,Magnum,Equities,96.82,0.0,96.81999969482422,No Reference Price Found
SWKS,2022-08-31,Belaware,Equities,96.76,0.0,96.76000213623047,No Reference Price Found
WYNN,2023-08-31,Applebead,Equities,96.73,0.0,96.7300033569336,No Reference Price Found
GRMN,2023-02-28,Belaware,Equities,96.71,0.0,96.70999908447266,No Reference Price Found
BG,2022-08-31,Magnum,Equities,96.67,0.0,96.66999816894531,No Reference Price Found
RTX,2023-03-31,Magnum,Equities,96.66,0.0,96.66000366210938,No Reference Price Found
WEC,2022-11-30,Fund Whitestone,Equities,96.63,0.0,96.62999725341797,No Reference Price Found
CHD,2023-04-30,Fund Whitestone,Equities,96.57,0.0,96.56999969482422,No Reference Price Found
AEP,2022-08-31,Magnum,Equities,96.47,0.0,96.47000122070312,No Reference Price Found
CEG,2023-07-31,Fund Whitestone,Equities,96.39,0.0,96.38999938964844,No Reference Price Found
LDOS,2023-02-28,Magnum,Equities,96.28,0.0,96.27999877929688,No Reference Price Found
FMC,2023-07-31,TT_monthly_Trustmind,Equities,96.23,0.0,96.2300033569336,No Reference Price Found
BG,2022-10-31,Magnum,Equities,96.21,0.0,96.20999908447266,No Reference Price Found
LYB,2023-08-31,Applebead,Equities,96.19,0.0,96.19000244140625,No Reference Price Found
GOOG,2022-09-30,rpt-Catalysm,Equities,96.15,0.0,96.1500015258789,No Reference Price Found
LEN,2023-02-28,Belaware,Equities,96.13,0.0,96.12999725341797,No Reference Price Found
COF,2023-04-30,Belaware,Equities,96.12,0.0,96.12000274658203,No Reference Price Found
IFF,2023-04-30,Applebead,Equities,95.96,0.0,95.95999908447266,No Reference Price Found
CHRW,2022-10-31,Fund Whitestone,Equities,95.91,0.0,95.91000366210938,No Reference Price Found
ADM,2022-11-30,Fund Whitestone,Equities,95.88,0.0,95.87999725341797,No Reference Price Found
DFS,2022-12-31,Magnum,Equities,95.86,0.0,95.86000061035156,No Reference Price Found
RJF,2023-08-31,Report-of-Gohen,Equities,95.86,0.0,95.86000061035156,No Reference Price Found
EXPE,2023-05-31,Wallington,Equities,95.71,0.0,95.70999908447266,No Reference Price Found
SPG,2022-08-31,Report-of-Gohen,Equities,95.69,0.0,95.69000244140625,No Reference Price Found
MS,2023-01-31,Leeder,Equities,95.61,0.0,95.61000061035156,No Reference Price Found
PRU,2022-12-31,Leeder,Equities,95.45,0.0,95.44999694824219,No Reference Price Found
CHD,2023-07-31,Fund Whitestone,Equities,95.4,0.0,95.4000015258789,No Reference Price Found
NTRS,2023-01-31,Belaware,Equities,95.23,0.0,95.2300033569336,No Reference Price Found
PRU,2023-07-31,Leeder,Equities,95.19,0.0,95.19000244140625,No Reference Price Found
CEG,2022-11-30,Fund Whitestone,Equities,95.18,0.0,95.18000030517578,No Reference Price Found
OMC,2023-06-30,Wallington,Equities,95.15,0.0,95.1500015258789,No Reference Price Found
EMR,2023-08-31,Leeder,Equities,95.07,0.0,95.06999969482422,No Reference Price Found
COF,2023-03-31,Belaware,Equities,94.99,0.0,94.98999786376953,No Reference Price Found
ADM,2022-10-31,Fund Whitestone,Equities,94.97,0.0,94.97000122070312,No Reference Price Found
IFF,2022-10-31,Applebead,Equities,94.91,0.0,94.91000366210938,No Reference Price Found
AKAM,2022-11-30,TT_monthly_Trustmind,Equities,94.86,0.0,94.86000061035156,No Reference Price Found
MS,2023-02-28,Leeder,Equities,94.79,0.0,94.79000091552734,No Reference Price Found
MHK,2022-10-31,Applebead,Equities,94.75,0.0,94.75,No Reference Price Found
APTV,2023-08-31,Belaware,Equities,94.74,0.0,94.73999786376953,No Reference Price Found
GOOG,2022-10-31,Applebead,Equities,94.66,0.0,94.66000366210938,No Reference Price Found
ON,2023-06-30,Magnum,Equities,94.58,0.0,94.58000183105469,No Reference Price Found
CAH,2023-06-30,Wallington,Equities,94.57,0.0,94.56999969482422,No Reference Price Found
WEC,2023-04-30,Fund Whitestone,Equities,94.53,0.0,94.52999877929688,No Reference Price Found
CHRW,2022-09-30,Fund Whitestone,Equities,94.52,0.0,94.5199966430664,No Reference Price Found
AKAM,2023-07-31,TT_monthly_Trustmind,Equities,94.5,0.0,94.5,No Reference Price Found
SWKS,2022-11-30,Belaware,Equities,94.5,0.0,94.5,No Reference Price Found
ICE,2022-10-31,Belaware,Equities,94.45,0.0,94.44999694824219,No Reference Price Found
PRU,2023-08-31,Leeder,Equities,94.4,0.0,94.4000015258789,No Reference Price Found
ORCL,2023-04-30,rpt-Catalysm,Equities,94.39,0.0,94.38999938964844,No Reference Price Found
EMR,2022-12-31,Leeder,Equities,94.37,0.0,94.37000274658203,No Reference Price Found
CHRW,2023-06-30,Fund Whitestone,Equities,94.35,0.0,94.3499984741211,No Reference Price Found
EW,2023-06-30,Applebead,Equities,94.33,0.0,94.33000183105469,No Reference Price Found
BG,2023-03-31,Magnum,Equities,94.29,0.0,94.29000091552734,No Reference Price Found
BG,2023-02-28,Magnum,Equities,94.27,0.0,94.2699966430664,No Reference Price Found
EMR,2022-11-30,Leeder,Equities,94.08,0.0,94.08000183105469,No Reference Price Found
AEP,2022-11-30,Magnum,Equities,94.07,0.0,94.06999969482422,No Reference Price Found
EXPE,2023-04-30,Wallington,Equities,93.96,0.0,93.95999908447266,No Reference Price Found
CHRW,2023-05-31,Fund Whitestone,Equities,93.93,0.0,93.93000030517578,No Reference Price Found
ETSY,2022-10-31,rpt-Catalysm,Equities,93.91,0.0,93.91000366210938,No Reference Price Found
BG,2023-06-30,Magnum,Equities,93.79,0.0,93.79000091552734,No Reference Price Found
ETR,2023-08-31,Belaware,Equities,93.73,0.0,93.7300033569336,No Reference Price Found
EXPE,2022-09-30,Wallington,Equities,93.69,0.0,93.69000244140625,No Reference Price Found
DVA,2023-05-31,Belaware,Equities,93.67,0.0,93.66999816894531,No Reference Price Found
OMC,2023-03-31,Wallington,Equities,93.64,0.0,93.63999938964844,No Reference Price Found
LDOS,2022-08-31,Magnum,Equities,93.59,0.0,93.58999633789062,No Reference Price Found
ALLE,2022-08-31,Wallington,Equities,93.58,0.0,93.58000183105469,No Reference Price Found
NTRS,2023-02-28,Belaware,Equities,93.57,0.0,93.56999969482422,No Reference Price Found
LDOS,2023-07-31,Magnum,Equities,93.53,0.0,93.52999877929688,No Reference Price Found
CEG,2022-10-31,Fund Whitestone,Equities,93.48,0.0,93.4800033569336,No Reference Price Found
EXPE,2022-10-31,Wallington,Equities,93.47,0.0,93.47000122070312,No Reference Price Found
MCHP,2023-07-31,Virtous,Equities,93.46,0.0,93.45999908447266,No Reference Price Found
APTV,2022-08-31,Belaware,Equities,93.43,0.0,93.43000030517578,No Reference Price Found
WEC,2023-03-31,Fund Whitestone,Equities,93.17,0.0,93.16999816894531,No Reference Price Found
META,2022-10-31,Applebead,Equities,93.16,0.0,93.16000366210938,No Reference Price Found
APTV,2022-12-31,Belaware,Equities,93.13,0.0,93.12999725341797,No Reference Price Found
LYB,2023-01-31,Applebead,Equities,92.96,0.0,92.95999908447266,No Reference Price Found
RJF,2023-03-31,Report-of-Gohen,Equities,92.89,0.0,92.88999938964844,No Reference Price Found
LDOS,2023-04-30,Magnum,Equities,92.86,0.0,92.86000061035156,No Reference Price Found
JP1400131L54,2023-04-30,Report-of-Gohen,Government Bond,92.76,0.0,92.76000213623047,No Reference Price Found
JP1400131L54,2023-08-31,Report-of-Gohen,Government Bond,92.7,0.0,92.69999694824219,No Reference Price Found
JP1400131L54,2023-02-28,Report-of-Gohen,Government Bond,92.68,0.0,92.68000030517578,No Reference Price Found
WAB,2022-10-31,Wallington,Equities,92.68,0.0,92.68000030517578,No Reference Price Found
JP1400131L54,2022-08-31,Report-of-Gohen,Government Bond,92.66,0.0,92.66000366210938,No Reference Price Found
JP1400131L54,2023-03-31,Report-of-Gohen,Government Bond,92.65,0.0,92.6500015258789,No Reference Price Found
JP1400131L54,2022-10-31,Report-of-Gohen,Government Bond,92.64,0.0,92.63999938964844,No Reference Price Found
JP1400131L54,2023-01-31,Report-of-Gohen,Government Bond,92.63,0.0,92.62999725341797,No Reference Price Found
JP1400131L54,2023-07-31,Report-of-Gohen,Government Bond,92.62,0.0,92.62000274658203,No Reference Price Found
JP1400131L54,2023-06-30,Report-of-Gohen,Government Bond,92.6,0.0,92.5999984741211,No Reference Price Found
JP1400131L54,2022-12-31,Report-of-Gohen,Government Bond,92.59,0.0,92.58999633789062,No Reference Price Found
JP1400131L54,2023-05-31,Report-of-Gohen,Government Bond,92.58,0.0,92.58000183105469,No Reference Price Found
JP1400131L54,2022-11-30,Report-of-Gohen,Government Bond,92.53,0.0,92.52999877929688,No Reference Price Found
RTX,2022-10-31,Magnum,Equities,92.53,0.0,92.52999877929688,No Reference Price Found
XOM,2022-08-31,Fund Whitestone,Equities,92.51,0.0,92.51000213623047,No Reference Price Found
JP1400131L54,2022-09-30,Report-of-Gohen,Government Bond,92.5,0.0,92.5,No Reference Price Found
WAB,2023-05-31,Wallington,Equities,92.49,0.0,92.48999786376953,No Reference Price Found
BG,2023-04-30,Magnum,Equities,92.39,0.0,92.38999938964844,No Reference Price Found
LYB,2023-02-28,Applebead,Equities,92.28,0.0,92.27999877929688,No Reference Price Found
AEP,2022-12-31,Magnum,Equities,92.27,0.0,92.2699966430664,No Reference Price Found
ORCL,2023-03-31,rpt-Catalysm,Equities,92.2,0.0,92.19999694824219,No Reference Price Found
CHD,2023-05-31,Fund Whitestone,Equities,92.19,0.0,92.19000244140625,No Reference Price Found
AKAM,2023-05-31,TT_monthly_Trustmind,Equities,92.12,0.0,92.12000274658203,No Reference Price Found
BG,2023-05-31,Magnum,Equities,92.09,0.0,92.08999633789062,No Reference Price Found
DHI,2023-02-28,Magnum,Equities,92.08,0.0,92.08000183105469,No Reference Price Found
QRVO,2023-04-30,Applebead,Equities,92.08,0.0,92.08000183105469,No Reference Price Found
LYB,2023-04-30,Applebead,Equities,92.08,0.0,92.08000183105469,No Reference Price Found
MHK,2023-05-31,Applebead,Equities,92.04,0.0,92.04000091552734,No Reference Price Found
NTRS,2022-08-31,Belaware,Equities,91.87,0.0,91.87000274658203,No Reference Price Found
ATVI,2023-07-31,Fund Whitestone,Equities,91.77,0.0,91.7699966430664,No Reference Price Found
LDOS,2023-03-31,Magnum,Equities,91.66,0.0,91.66000366210938,No Reference Price Found
WEC,2023-01-31,Fund Whitestone,Equities,91.61,0.0,91.61000061035156,No Reference Price Found
MS,2023-07-31,Leeder,Equities,91.56,0.0,91.55999755859375,No Reference Price Found
RTX,2023-05-31,Magnum,Equities,91.5,0.0,91.5,No Reference Price Found
CAH,2023-07-31,Wallington,Equities,91.47,0.0,91.47000122070312,No Reference Price Found
WEC,2022-12-31,Fund Whitestone,Equities,91.39,0.0,91.38999938964844,No Reference Price Found
COF,2022-12-31,Belaware,Equities,91.38,0.0,91.37999725341797,No Reference Price Found
LYB,2023-03-31,Applebead,Equities,91.38,0.0,91.37999725341797,No Reference Price Found
IFF,2023-02-28,Applebead,Equities,91.33,0.0,91.33000183105469,No Reference Price Found
CEG,2023-06-30,Fund Whitestone,Equities,91.31,0.0,91.30999755859375,No Reference Price Found
AEP,2023-01-31,Magnum,Equities,91.31,0.0,91.30999755859375,No Reference Price Found
ADM,2022-12-31,Fund Whitestone,Equities,91.31,0.0,91.30999755859375,No Reference Price Found
MHK,2022-09-30,Applebead,Equities,91.19,0.0,91.19000244140625,No Reference Price Found
LYV,2023-06-30,Applebead,Equities,91.11,0.0,91.11000061035156,No Reference Price Found
APTV,2022-10-31,Belaware,Equities,91.07,0.0,91.06999969482422,No Reference Price Found
IFF,2023-03-31,Applebead,Equities,91.01,0.0,91.01000213623047,No Reference Price Found
GRMN,2022-11-30,Belaware,Equities,90.96,0.0,90.95999908447266,No Reference Price Found
GRMN,2022-12-31,Belaware,Equities,90.96,0.0,90.95999908447266,No Reference Price Found
PRU,2022-08-31,Leeder,Equities,90.87,0.0,90.87000274658203,No Reference Price Found
EMR,2023-07-31,Leeder,Equities,90.86,0.0,90.86000061035156,No Reference Price Found
MS,2022-11-30,Leeder,Equities,90.69,0.0,90.69000244140625,No Reference Price Found
NTRS,2022-11-30,Belaware,Equities,90.66,0.0,90.66000366210938,No Reference Price Found
LYB,2023-06-30,Applebead,Equities,90.65,0.0,90.6500015258789,No Reference Price Found
AEP,2023-04-30,Magnum,Equities,90.65,0.0,90.6500015258789,No Reference Price Found
QRVO,2022-12-31,Applebead,Equities,90.64,0.0,90.63999938964844,No Reference Price Found
CHRW,2022-12-31,Fund Whitestone,Equities,90.41,0.0,90.41000366210938,No Reference Price Found
DVA,2023-04-30,Belaware,Equities,90.36,0.0,90.36000061035156,No Reference Price Found
LYV,2022-08-31,Applebead,Equities,90.36,0.0,90.36000061035156,No Reference Price Found
GOOG,2023-02-28,Applebead,Equities,90.3,0.0,90.30000305175781,No Reference Price Found
AKAM,2022-08-31,TT_monthly_Trustmind,Equities,90.28,0.0,90.27999877929688,No Reference Price Found
XYL,2022-08-31,Applebead,Equities,90.28,0.0,90.27999877929688,No Reference Price Found
RJF,2023-04-30,Wallington,Equities,90.16,0.0,90.16000366210938,No Reference Price Found
EW,2022-08-31,Applebead,Equities,90.1,0.0,90.0999984741211,No Reference Price Found
COF,2022-09-30,Belaware,Equities,90.07,0.0,90.06999969482422,No Reference Price Found
SWKS,2022-12-31,Belaware,Equities,90.06,0.0,90.05999755859375,No Reference Price Found
CAH,2023-08-31,Wallington,Equities,90.0,0.0,90.0,No Reference Price Found
RJF,2023-05-31,Wallington,Equities,89.98,0.0,89.9800033569336,No Reference Price Found
OMC,2023-04-30,Wallington,Equities,89.9,0.0,89.9000015258789,No Reference Price Found
EMR,2023-06-30,Leeder,Equities,89.9,0.0,89.9000015258789,No Reference Price Found
AKAM,2023-06-30,TT_monthly_Trustmind,Equities,89.87,0.0,89.87000274658203,No Reference Price Found
QRVO,2022-08-31,Applebead,Equities,89.78,0.0,89.77999877929688,No Reference Price Found
STT,2023-01-31,Applebead,Equities,89.78,0.0,89.77999877929688,No Reference Price Found
CNC,2022-08-31,Magnum,Equities,89.74,0.0,89.73999786376953,No Reference Price Found
LEN,2022-12-31,Applebead,Equities,89.58,0.0,89.58000183105469,No Reference Price Found
MKC,2023-07-31,Wallington,Equities,89.48,0.0,89.4800033569336,No Reference Price Found
AMD,2023-04-30,Fund Whitestone,Equities,89.37,0.0,89.37000274658203,No Reference Price Found
ICE,2022-09-30,Belaware,Equities,89.29,0.0,89.29000091552734,No Reference Price Found
AEP,2023-03-31,Magnum,Equities,89.24,0.0,89.23999786376953,No Reference Price Found
OMC,2023-02-28,Wallington,Equities,89.2,0.0,89.19999694824219,No Reference Price Found
MS,2023-04-30,Leeder,Equities,89.15,0.0,89.1500015258789,No Reference Price Found
MCHP,2023-06-30,Virtous,Equities,89.13,0.0,89.12999725341797,No Reference Price Found
ENPH,2023-08-31,Applebead,Equities,89.12,0.0,89.12000274658203,No Reference Price Found
WEC,2023-07-31,Fund Whitestone,Equities,89.06,0.0,89.05999755859375,No Reference Price Found
CSGP,2023-06-30,Fund Whitestone,Equities,89.0,0.0,89.0,No Reference Price Found
AKAM,2023-01-31,TT_monthly_Trustmind,Equities,88.95,0.0,88.94999694824219,No Reference Price Found
GOOG,2022-12-31,Applebead,Equities,88.73,0.0,88.7300033569336,No Reference Price Found
TJX,2023-08-31,Applebead,Equities,88.7,0.0,88.69999694824219,No Reference Price Found
FIS,2022-08-31,Virtous,Equities,88.67,0.0,88.66999816894531,No Reference Price Found
EMR,2023-01-31,Leeder,Equities,88.63,0.0,88.62999725341797,No Reference Price Found
ALLE,2022-09-30,Wallington,Equities,88.63,0.0,88.62999725341797,No Reference Price Found
DFS,2022-09-30,TT_monthly_Trustmind,Equities,88.6,0.0,88.5999984741211,No Reference Price Found
DHI,2022-12-31,Magnum,Equities,88.53,0.0,88.52999877929688,No Reference Price Found
LDOS,2023-06-30,Magnum,Equities,88.48,0.0,88.4800033569336,No Reference Price Found
GB00BMBL1F74,2022-11-30,Magnum,Government Bond,88.45,0.0,88.44999694824219,No Reference Price Found
FMC,2023-08-31,TT_monthly_Trustmind,Equities,88.34,0.0,88.33999633789062,No Reference Price Found
AKAM,2022-10-31,TT_monthly_Trustmind,Equities,88.33,0.0,88.33000183105469,No Reference Price Found
IFF,2022-09-30,Applebead,Equities,88.32,0.0,88.31999969482422,No Reference Price Found
APH,2023-07-31,Fund Whitestone,Equities,88.31,0.0,88.30999755859375,No Reference Price Found
WEC,2022-10-31,Fund Whitestone,Equities,88.3,0.0,88.30000305175781,No Reference Price Found
GB00BMBL1F74,2022-10-31,Magnum,Government Bond,88.21,0.0,88.20999908447266,No Reference Price Found
GB00BMBL1F74,2022-12-31,Magnum,Government Bond,88.08,0.0,88.08000183105469,No Reference Price Found
APTV,2023-05-31,Belaware,Equities,88.08,0.0,88.08000183105469,No Reference Price Found
GB00BMBL1F74,2022-08-31,Magnum,Government Bond,88.07,0.0,88.06999969482422,No Reference Price Found
GB00BMBL1F74,2023-07-31,Magnum,Government Bond,88.06,0.0,88.05999755859375,No Reference Price Found
GB00BMBL1F74,2023-02-28,Magnum,Government Bond,88.06,0.0,88.05999755859375,No Reference Price Found
GB00BMBL1F74,2023-05-31,Magnum,Government Bond,88.04,0.0,88.04000091552734,No Reference Price Found
GB00BMBL1F74,2023-04-30,Magnum,Government Bond,88.02,0.0,88.0199966430664,No Reference Price Found
GB00BMBL1F74,2023-01-31,Magnum,Government Bond,88.0,0.0,88.0,No Reference Price Found
EW,2023-04-30,Applebead,Equities,87.98,0.0,87.9800033569336,No Reference Price Found
GB00BMBL1F74,2023-08-31,Magnum,Government Bond,87.96,0.0,87.95999908447266,No Reference Price Found
GB00BMBL1F74,2023-03-31,Magnum,Government Bond,87.93,0.0,87.93000030517578,No Reference Price Found
CHD,2023-03-31,Fund Whitestone,Equities,87.91,0.0,87.91000366210938,No Reference Price Found
GB00BMBL1F74,2022-09-30,Magnum,Government Bond,87.9,0.0,87.9000015258789,No Reference Price Found
GB00BMBL1F74,2023-06-30,Magnum,Government Bond,87.84,0.0,87.83999633789062,No Reference Price Found
ORCL,2023-01-31,rpt-Catalysm,Equities,87.77,0.0,87.7699966430664,No Reference Price Found
LYV,2023-07-31,Applebead,Equities,87.75,0.0,87.75,No Reference Price Found
EXPE,2022-12-31,Wallington,Equities,87.6,0.0,87.5999984741211,No Reference Price Found
RTX,2022-08-31,Magnum,Equities,87.59,0.0,87.58999633789062,No Reference Price Found
OMC,2023-05-31,Wallington,Equities,87.54,0.0,87.54000091552734,No Reference Price Found
MKC,2023-04-30,Wallington,Equities,87.45,0.0,87.44999694824219,No Reference Price Found
WEC,2023-06-30,Fund Whitestone,Equities,87.45,0.0,87.44999694824219,No Reference Price Found
RTX,2023-07-31,Magnum,Equities,87.32,0.0,87.31999969482422,No Reference Price Found
NTRS,2023-03-31,Belaware,Equities,87.26,0.0,87.26000213623047,No Reference Price Found
CSGP,2023-08-31,Fund Whitestone,Equities,87.2,0.0,87.19999694824219,No Reference Price Found
STT,2023-02-28,Applebead,Equities,87.18,0.0,87.18000030517578,No Reference Price Found
WEC,2023-02-28,Fund Whitestone,Equities,87.15,0.0,87.1500015258789,No Reference Price Found
WAB,2022-08-31,Wallington,Equities,87.08,0.0,87.08000183105469,No Reference Price Found
CNC,2022-11-30,Magnum,Equities,87.05,0.0,87.05000305175781,No Reference Price Found
PRU,2023-06-30,Report-of-Gohen,Equities,87.03,0.0,87.02999877929688,No Reference Price Found
LEN,2022-11-30,TT_monthly_Trustmind,Equities,86.94,0.0,86.94000244140625,No Reference Price Found
NTRS,2022-12-31,Belaware,Equities,86.91,0.0,86.91000366210938,No Reference Price Found
MKC,2023-06-30,Wallington,Equities,86.83,0.0,86.83000183105469,No Reference Price Found
ORCL,2023-02-28,rpt-Catalysm,Equities,86.72,0.0,86.72000122070312,No Reference Price Found
PCAR,2023-08-31,Leeder,Equities,86.68,0.0,86.68000030517578,No Reference Price Found
BBY,2023-01-31,Applebead,Equities,86.63,0.0,86.62999725341797,No Reference Price Found
LYV,2023-08-31,Applebead,Equities,86.59,0.0,86.58999633789062,No Reference Price Found
WEC,2023-05-31,Fund Whitestone,Equities,86.57,0.0,86.56999969482422,No Reference Price Found
XYL,2022-09-30,Applebead,Equities,86.57,0.0,86.56999969482422,No Reference Price Found
WEC,2022-09-30,Fund Whitestone,Equities,86.47,0.0,86.47000122070312,No Reference Price Found
LDOS,2022-09-30,Magnum,Equities,86.46,0.0,86.45999908447266,No Reference Price Found
AEP,2023-02-28,Magnum,Equities,86.28,0.0,86.27999877929688,No Reference Price Found
MS,2023-03-31,Leeder,Equities,86.25,0.0,86.25,No Reference Price Found
TJX,2023-07-31,Applebead,Equities,86.2,0.0,86.19999694824219,No Reference Price Found
HSIC,2023-01-31,Belaware,Equities,86.15,0.0,86.1500015258789,No Reference Price Found
GRMN,2022-10-31,Belaware,Equities,86.12,0.0,86.12000274658203,No Reference Price Found
EMR,2023-03-31,Leeder,Equities,86.12,0.0,86.12000274658203,No Reference Price Found
QRVO,2022-10-31,Applebead,Equities,86.08,0.0,86.08000183105469,No Reference Price Found
ADM,2022-08-31,Fund Whitestone,Equities,86.07,0.0,86.06999969482422,No Reference Price Found
HOLX,2023-04-30,Applebead,Equities,86.01,0.0,86.01000213623047,No Reference Price Found
PCAR,2023-07-31,Leeder,Equities,85.86,0.0,85.86000061035156,No Reference Price Found
APH,2023-08-31,Fund Whitestone,Equities,85.85,0.0,85.8499984741211,No Reference Price Found
GRMN,2022-08-31,Belaware,Equities,85.84,0.0,85.83999633789062,No Reference Price Found
SPG,2022-09-30,Report-of-Gohen,Equities,85.66,0.0,85.66000366210938,No Reference Price Found
CEG,2022-12-31,Fund Whitestone,Equities,85.37,0.0,85.37000274658203,No Reference Price Found
MKC,2023-05-31,Wallington,Equities,85.34,0.0,85.33999633789062,No Reference Price Found
DVA,2022-08-31,Belaware,Equities,85.29,0.0,85.29000091552734,No Reference Price Found
DHI,2022-11-30,Magnum,Equities,85.16,0.0,85.16000366210938,No Reference Price Found
CNC,2022-10-31,Magnum,Equities,85.13,0.0,85.12999725341797,No Reference Price Found
APH,2023-06-30,Fund Whitestone,Equities,84.95,0.0,84.94999694824219,No Reference Price Found
SYY,2022-10-31,Applebead,Equities,84.89,0.0,84.88999938964844,No Reference Price Found
AMD,2022-08-31,Fund Whitestone,Equities,84.87,0.0,84.87000274658203,No Reference Price Found
SYY,2022-11-30,Applebead,Equities,84.84,0.0,84.83999633789062,No Reference Price Found
SBUX,2022-10-31,Magnum,Equities,84.79,0.0,84.79000091552734,No Reference Price Found
OMC,2023-01-31,Wallington,Equities,84.69,0.0,84.69000244140625,No Reference Price Found
ATVI,2023-03-31,Fund Whitestone,Equities,84.68,0.0,84.68000030517578,No Reference Price Found
AEP,2022-10-31,Magnum,Equities,84.65,0.0,84.6500015258789,No Reference Price Found
OMC,2023-07-31,Wallington,Equities,84.62,0.0,84.62000274658203,No Reference Price Found
MS,2023-06-30,Leeder,Equities,84.62,0.0,84.62000274658203,No Reference Price Found
IFF,2023-07-31,Applebead,Equities,84.61,0.0,84.61000061035156,No Reference Price Found
ETSY,2023-06-30,rpt-Catalysm,Equities,84.61,0.0,84.61000061035156,No Reference Price Found
EMR,2022-10-31,Leeder,Equities,84.59,0.0,84.58999633789062,No Reference Price Found
CEG,2023-01-31,Fund Whitestone,Equities,84.53,0.0,84.52999877929688,No Reference Price Found
PRU,2023-04-30,Leeder,Equities,84.52,0.0,84.5199966430664,No Reference Price Found
ADM,2023-07-31,Fund Whitestone,Equities,84.51,0.0,84.51000213623047,No Reference Price Found
XOM,2022-09-30,Fund Whitestone,Equities,84.5,0.0,84.5,No Reference Price Found
TJX,2023-06-30,Applebead,Equities,84.46,0.0,84.45999908447266,No Reference Price Found
SWKS,2022-10-31,Belaware,Equities,84.45,0.0,84.44999694824219,No Reference Price Found
LYB,2023-05-31,Applebead,Equities,84.44,0.0,84.44000244140625,No Reference Price Found
PHM,2023-07-31,Fund Whitestone,Equities,84.39,0.0,84.38999938964844,No Reference Price Found
AKAM,2022-12-31,TT_monthly_Trustmind,Equities,84.3,0.0,84.30000305175781,No Reference Price Found
EW,2023-05-31,Applebead,Equities,84.23,0.0,84.2300033569336,No Reference Price Found
WEC,2023-08-31,Fund Whitestone,Equities,84.12,0.0,84.12000274658203,No Reference Price Found
MKC,2023-08-31,Wallington,Equities,84.08,0.0,84.08000183105469,No Reference Price Found
MKC,2022-11-30,Wallington,Equities,84.01,0.0,84.01000213623047,No Reference Price Found
CSGP,2023-07-31,Fund Whitestone,Equities,83.97,0.0,83.97000122070312,No Reference Price Found
AEP,2023-07-31,Magnum,Equities,83.87,0.0,83.87000274658203,No Reference Price Found
CEG,2023-05-31,Fund Whitestone,Equities,83.8,0.0,83.80000305175781,No Reference Price Found
DFS,2023-08-31,Magnum,Equities,83.77,0.0,83.7699966430664,No Reference Price Found
SWKS,2022-09-30,Belaware,Equities,83.72,0.0,83.72000122070312,No Reference Price Found
ON,2023-05-31,Magnum,Equities,83.6,0.0,83.5999984741211,No Reference Price Found
ATVI,2023-06-30,Fund Whitestone,Equities,83.4,0.0,83.4000015258789,No Reference Price Found
PCAR,2023-06-30,Leeder,Equities,83.38,0.0,83.37999725341797,No Reference Price Found
AEP,2023-06-30,Magnum,Equities,83.34,0.0,83.33999633789062,No Reference Price Found
CHD,2023-02-28,Fund Whitestone,Equities,83.31,0.0,83.30999755859375,No Reference Price Found
NTRS,2022-09-30,Belaware,Equities,83.31,0.0,83.30999755859375,No Reference Price Found
WYNN,2022-11-30,Applebead,Equities,83.25,0.0,83.25,No Reference Price Found
AEP,2022-09-30,Magnum,Equities,83.23,0.0,83.2300033569336,No Reference Price Found
RTX,2023-08-31,Magnum,Equities,83.1,0.0,83.0999984741211,No Reference Price Found
BBY,2023-07-31,Applebead,Equities,83.05,0.0,83.05000305175781,No Reference Price Found
ATVI,2023-08-31,Fund Whitestone,Equities,82.98,0.0,82.9800033569336,No Reference Price Found
MCHP,2023-03-31,Virtous,Equities,82.94,0.0,82.94000244140625,No Reference Price Found
MS,2022-12-31,Leeder,Equities,82.85,0.0,82.8499984741211,No Reference Price Found
PNW,2023-07-31,Belaware,Equities,82.82,0.0,82.81999969482422,No Reference Price Found
DVA,2022-09-30,Belaware,Equities,82.77,0.0,82.7699966430664,No Reference Price Found
EW,2023-03-31,Applebead,Equities,82.73,0.0,82.7300033569336,No Reference Price Found
CSGP,2022-10-31,Fund Whitestone,Equities,82.72,0.0,82.72000122070312,No Reference Price Found
CHD,2022-08-31,Fund Whitestone,Equities,82.67,0.0,82.66999816894531,No Reference Price Found
EW,2022-09-30,Applebead,Equities,82.63,0.0,82.62999725341797,No Reference Price Found
SBUX,2022-09-30,Magnum,Equities,82.51,0.0,82.51000213623047,No Reference Price Found
MKC,2022-08-31,Wallington,Equities,82.49,0.0,82.48999786376953,No Reference Price Found
MKC,2023-03-31,Wallington,Equities,82.45,0.0,82.44999694824219,No Reference Price Found
DVA,2023-01-31,Belaware,Equities,82.39,0.0,82.38999938964844,No Reference Price Found
BBY,2022-11-30,Applebead,Equities,82.39,0.0,82.38999938964844,No Reference Price Found
RHI,2023-01-31,Leeder,Equities,82.35,0.0,82.3499984741211,No Reference Price Found
SBUX,2022-08-31,Magnum,Equities,82.32,0.0,82.31999969482422,No Reference Price Found
ON,2023-03-31,Magnum,Equities,82.32,0.0,82.31999969482422,No Reference Price Found
EMR,2023-04-30,Leeder,Equities,82.29,0.0,82.29000091552734,No Reference Price Found
AEP,2023-05-31,Magnum,Equities,82.27,0.0,82.2699966430664,No Reference Price Found
CEG,2022-09-30,Fund Whitestone,Equities,82.26,0.0,82.26000213623047,No Reference Price Found
DVA,2023-02-28,Belaware,Equities,82.26,0.0,82.26000213623047,No Reference Price Found
MS,2022-08-31,Leeder,Equities,82.25,0.0,82.25,No Reference Price Found
MKC,2022-12-31,Wallington,Equities,82.14,0.0,82.13999938964844,No Reference Price Found
NTRS,2022-10-31,Belaware,Equities,82.13,0.0,82.12999725341797,No Reference Price Found
ORCL,2022-11-30,rpt-Catalysm,Equities,82.08,0.0,82.08000183105469,No Reference Price Found
EW,2023-07-31,Applebead,Equities,82.07,0.0,82.06999969482422,No Reference Price Found
WYNN,2022-12-31,Applebead,Equities,82.07,0.0,82.06999969482422,No Reference Price Found
CNC,2022-12-31,Magnum,Equities,82.01,0.0,82.01000213623047,No Reference Price Found
AKAM,2023-04-30,TT_monthly_Trustmind,Equities,81.97,0.0,81.97000122070312,No Reference Price Found
BBY,2023-06-30,Applebead,Equities,81.95,0.0,81.94999694824219,No Reference Price Found
CAH,2023-05-31,Wallington,Equities,81.86,0.0,81.86000061035156,No Reference Price Found
EMR,2023-02-28,Leeder,Equities,81.74,0.0,81.73999786376953,No Reference Price Found
LYB,2022-11-30,Applebead,Equities,81.73,0.0,81.7300033569336,No Reference Price Found
CAH,2023-04-30,Wallington,Equities,81.66,0.0,81.66000366210938,No Reference Price Found
HSIC,2023-03-31,Belaware,Equities,81.54,0.0,81.54000091552734,No Reference Price Found
APH,2023-03-31,Fund Whitestone,Equities,81.51,0.0,81.51000213623047,No Reference Price Found
ADM,2023-01-31,Fund Whitestone,Equities,81.48,0.0,81.4800033569336,No Reference Price Found
PRU,2022-09-30,Leeder,Equities,81.4,0.0,81.4000015258789,No Reference Price Found
HOLX,2023-01-31,Applebead,Equities,81.37,0.0,81.37000274658203,No Reference Price Found
BBY,2023-02-28,Applebead,Equities,81.15,0.0,81.1500015258789,No Reference Price Found
CHD,2022-11-30,Fund Whitestone,Equities,81.14,0.0,81.13999938964844,No Reference Price Found
DVA,2023-03-31,Belaware,Equities,81.11,0.0,81.11000061035156,No Reference Price Found
HSIC,2023-06-30,Belaware,Equities,81.1,0.0,81.0999984741211,No Reference Price Found
ETSY,2023-05-31,rpt-Catalysm,Equities,81.05,0.0,81.05000305175781,No Reference Price Found
CSGP,2022-11-30,Fund Whitestone,Equities,81.04,0.0,81.04000091552734,No Reference Price Found
MS,2023-05-31,Leeder,Equities,81.01,0.0,81.01000213623047,No Reference Price Found
MS,2023-08-31,Leeder,Equities,81.0,0.0,81.0,No Reference Price Found
RCL,2023-05-31,Fund Whitestone,Equities,80.97,0.0,80.97000122070312,No Reference Price Found
HOLX,2023-06-30,Applebead,Equities,80.97,0.0,80.97000122070312,No Reference Price Found
FIS,2022-10-31,Virtous,Equities,80.97,0.0,80.97000122070312,No Reference Price Found
HSIC,2022-11-30,Belaware,Equities,80.92,0.0,80.91999816894531,No Reference Price Found
TJX,2023-01-31,Applebead,Equities,80.9,0.0,80.9000015258789,No Reference Price Found
WAB,2022-09-30,Wallington,Equities,80.82,0.0,80.81999969482422,No Reference Price Found
HSIC,2023-04-30,Belaware,Equities,80.81,0.0,80.80999755859375,No Reference Price Found
ORCL,2022-12-31,rpt-Catalysm,Equities,80.8,0.0,80.80000305175781,No Reference Price Found
PHM,2023-08-31,Fund Whitestone,Equities,80.79,0.0,80.79000091552734,No Reference Price Found
HOLX,2023-03-31,Applebead,Equities,80.7,0.0,80.69999694824219,No Reference Price Found
CEG,2022-08-31,Fund Whitestone,Equities,80.68,0.0,80.68000030517578,No Reference Price Found
PNW,2023-06-30,Belaware,Equities,80.62,0.0,80.62000274658203,No Reference Price Found
LYV,2023-01-31,Applebead,Equities,80.49,0.0,80.48999786376953,No Reference Price Found
BG,2022-09-30,Magnum,Equities,80.49,0.0,80.48999786376953,No Reference Price Found
EW,2023-02-28,Applebead,Equities,80.44,0.0,80.44000244140625,No Reference Price Found
PRU,2023-03-31,Leeder,Equities,80.38,0.0,80.37999725341797,No Reference Price Found
OMC,2022-12-31,Wallington,Equities,80.34,0.0,80.33999633789062,No Reference Price Found
AKAM,2022-09-30,TT_monthly_Trustmind,Equities,80.32,0.0,80.31999969482422,No Reference Price Found
MCHP,2023-02-28,Virtous,Equities,80.22,0.0,80.22000122070312,No Reference Price Found
CHD,2023-01-31,Fund Whitestone,Equities,80.14,0.0,80.13999938964844,No Reference Price Found
NTRS,2023-07-31,Belaware,Equities,80.12,0.0,80.12000274658203,No Reference Price Found
SYY,2022-08-31,Applebead,Equities,80.11,0.0,80.11000061035156,No Reference Price Found
MS,2022-10-31,Leeder,Equities,80.07,0.0,80.06999969482422,No Reference Price Found
LYV,2023-05-31,Applebead,Equities,79.94,0.0,79.94000244140625,No Reference Price Found
RTX,2022-09-30,Magnum,Equities,79.89,0.0,79.88999938964844,No Reference Price Found
CHD,2022-12-31,Fund Whitestone,Equities,79.89,0.0,79.88999938964844,No Reference Price Found
LEN,2022-10-31,Fund Whitestone,Equities,79.88,0.0,79.87999725341797,No Reference Price Found
HSIC,2022-12-31,Belaware,Equities,79.87,0.0,79.87000274658203,No Reference Price Found
EMR,2022-08-31,Leeder,Equities,79.84,0.0,79.83999633789062,No Reference Price Found
LYB,2022-12-31,Applebead,Equities,79.82,0.0,79.81999969482422,No Reference Price Found
APH,2022-11-30,Fund Whitestone,Equities,79.79,0.0,79.79000091552734,No Reference Price Found
HOLX,2023-02-28,Applebead,Equities,79.64,0.0,79.63999938964844,No Reference Price Found
LYV,2022-10-31,Applebead,Equities,79.61,0.0,79.61000061035156,No Reference Price Found
IFF,2023-06-30,Applebead,Equities,79.59,0.0,79.58999633789062,No Reference Price Found
RHI,2023-02-28,Leeder,Equities,79.54,0.0,79.54000091552734,No Reference Price Found
RHI,2023-03-31,Leeder,Equities,79.5,0.0,79.5,No Reference Price Found
HOLX,2023-07-31,Applebead,Equities,79.42,0.0,79.41999816894531,No Reference Price Found
QRVO,2022-09-30,Applebead,Equities,79.41,0.0,79.41000366210938,No Reference Price Found
CSGP,2023-05-31,Fund Whitestone,Equities,79.4,0.0,79.4000015258789,No Reference Price Found
APH,2023-01-31,Fund Whitestone,Equities,79.35,0.0,79.3499984741211,No Reference Price Found
ATVI,2023-05-31,Fund Whitestone,Equities,79.34,0.0,79.33999633789062,No Reference Price Found
SRE,2022-11-30,rpt-Catalysm,Equities,79.24,0.0,79.23999786376953,No Reference Price Found
TJX,2022-11-30,Applebead,Equities,79.11,0.0,79.11000061035156,No Reference Price Found
ACGL,2023-08-31,Applebead,Equities,79.01,0.0,79.01000213623047,No Reference Price Found
HOLX,2023-05-31,Applebead,Equities,78.89,0.0,78.88999938964844,No Reference Price Found
HSIC,2023-07-31,Belaware,Equities,78.79,0.0,78.79000091552734,No Reference Price Found
ADM,2022-09-30,Fund Whitestone,Equities,78.78,0.0,78.77999877929688,No Reference Price Found
ADM,2023-03-31,Fund Whitestone,Equities,78.77,0.0,78.7699966430664,No Reference Price Found
LYB,2022-08-31,Applebead,Equities,78.72,0.0,78.72000122070312,No Reference Price Found
ADM,2023-02-28,Fund Whitestone,Equities,78.71,0.0,78.70999908447266,No Reference Price Found
CAH,2022-11-30,Wallington,Equities,78.71,0.0,78.70999908447266,No Reference Price Found
TJX,2022-12-31,rpt-Catalysm,Equities,78.67,0.0,78.66999816894531,No Reference Price Found
HOLX,2023-08-31,Applebead,Equities,78.65,0.0,78.6500015258789,No Reference Price Found
AMD,2023-02-28,Fund Whitestone,Equities,78.58,0.0,78.58000183105469,No Reference Price Found
GRMN,2022-09-30,Belaware,Equities,78.55,0.0,78.55000305175781,No Reference Price Found
OMC,2023-08-31,Wallington,Equities,78.44,0.0,78.44000244140625,No Reference Price Found
PNW,2023-08-31,Belaware,Equities,78.37,0.0,78.37000274658203,No Reference Price Found
FTV,2023-07-31,Leeder,Equities,78.35,0.0,78.3499984741211,No Reference Price Found
BBY,2022-12-31,Applebead,Equities,78.32,0.0,78.31999969482422,No Reference Price Found
HSIC,2023-02-28,Belaware,Equities,78.31,0.0,78.30999755859375,No Reference Price Found
BMY,2022-11-30,Virtous,Equities,78.3,0.0,78.30000305175781,No Reference Price Found
AKAM,2023-03-31,TT_monthly_Trustmind,Equities,78.3,0.0,78.30000305175781,No Reference Price Found
AEP,2023-08-31,Magnum,Equities,78.26,0.0,78.26000213623047,No Reference Price Found
APTV,2022-09-30,Belaware,Equities,78.21,0.0,78.20999908447266,No Reference Price Found
TJX,2023-04-30,Applebead,Equities,78.19,0.0,78.19000244140625,No Reference Price Found
ADM,2023-08-31,Fund Whitestone,Equities,78.12,0.0,78.12000274658203,No Reference Price Found
MCHP,2022-11-30,Virtous,Equities,78.06,0.0,78.05999755859375,No Reference Price Found
NTAP,2023-07-31,Magnum,Equities,78.01,0.0,78.01000213623047,No Reference Price Found
CEG,2023-03-31,Fund Whitestone,Equities,78.01,0.0,78.01000213623047,No Reference Price Found
CSGP,2023-01-31,Fund Whitestone,Equities,77.9,0.0,77.9000015258789,No Reference Price Found
MCHP,2023-08-31,Virtous,Equities,77.9,0.0,77.9000015258789,No Reference Price Found
OMC,2022-11-30,Wallington,Equities,77.84,0.0,77.83999633789062,No Reference Price Found
CNC,2022-09-30,Magnum,Equities,77.81,0.0,77.80999755859375,No Reference Price Found
TJX,2023-03-31,Leeder,Equities,77.73,0.0,77.7300033569336,No Reference Price Found
FTNT,2023-07-31,Magnum,Equities,77.72,0.0,77.72000122070312,No Reference Price Found
LDOS,2023-05-31,Magnum,Equities,77.72,0.0,77.72000122070312,No Reference Price Found
STT,2022-11-30,Applebead,Equities,77.69,0.0,77.69000244140625,No Reference Price Found
ACGL,2023-07-31,Applebead,Equities,77.69,0.0,77.69000244140625,No Reference Price Found
PHM,2023-06-30,Fund Whitestone,Equities,77.68,0.0,77.68000030517578,No Reference Price Found
PNW,2023-04-30,Belaware,Equities,77.65,0.0,77.6500015258789,No Reference Price Found
ATVI,2022-08-31,Fund Whitestone,Equities,77.65,0.0,77.6500015258789,No Reference Price Found
AMD,2022-11-30,Fund Whitestone,Equities,77.63,0.0,77.62999725341797,No Reference Price Found
DD,2023-07-31,Fund Whitestone,Equities,77.63,0.0,77.62999725341797,No Reference Price Found
PRU,2023-05-31,Leeder,Equities,77.63,0.0,77.62999725341797,No Reference Price Found
SRE,2023-01-31,rpt-Catalysm,Equities,77.58,0.0,77.58000183105469,No Reference Price Found
SRE,2022-08-31,rpt-Catalysm,Equities,77.58,0.0,77.58000183105469,No Reference Price Found
PNW,2023-03-31,Belaware,Equities,77.57,0.0,77.56999969482422,No Reference Price Found
MKC,2022-10-31,Wallington,Equities,77.56,0.0,77.55999755859375,No Reference Price Found
MDLZ,2023-08-31,Fund Whitestone,Equities,77.41,0.0,77.41000366210938,No Reference Price Found
ON,2023-02-28,Magnum,Equities,77.41,0.0,77.41000366210938,No Reference Price Found
NTRS,2023-04-30,Belaware,Equities,77.39,0.0,77.38999938964844,No Reference Price Found
HIG,2023-02-28,Magnum,Equities,77.37,0.0,77.37000274658203,No Reference Price Found
BBY,2023-03-31,Applebead,Equities,77.34,0.0,77.33999633789062,No Reference Price Found
CSGP,2022-12-31,Fund Whitestone,Equities,77.28,0.0,77.27999877929688,No Reference Price Found
RHI,2022-11-30,Leeder,Equities,77.27,0.0,77.2699966430664,No Reference Price Found
EMR,2023-05-31,Leeder,Equities,77.26,0.0,77.26000213623047,No Reference Price Found
EW,2022-11-30,Applebead,Equities,77.25,0.0,77.25,No Reference Price Found
ADM,2023-04-30,Fund Whitestone,Equities,77.21,0.0,77.20999908447266,No Reference Price Found
ORCL,2022-10-31,rpt-Catalysm,Equities,77.18,0.0,77.18000030517578,No Reference Price Found
APH,2023-02-28,Fund Whitestone,Equities,77.11,0.0,77.11000061035156,No Reference Price Found
EW,2023-08-31,Applebead,Equities,77.06,0.0,77.05999755859375,No Reference Price Found
CSGP,2023-04-30,Fund Whitestone,Equities,76.95,0.0,76.94999694824219,No Reference Price Found
CEG,2023-04-30,Fund Whitestone,Equities,76.92,0.0,76.91999816894531,No Reference Price Found
ATVI,2023-04-30,Fund Whitestone,Equities,76.88,0.0,76.87999725341797,No Reference Price Found
HIG,2023-01-31,Magnum,Equities,76.71,0.0,76.70999908447266,No Reference Price Found
EW,2023-01-31,Applebead,Equities,76.7,0.0,76.69999694824219,No Reference Price Found
MCHP,2023-01-31,Virtous,Equities,76.52,0.0,76.5199966430664,No Reference Price Found
TJX,2023-05-31,Applebead,Equities,76.5,0.0,76.5,No Reference Price Found
IFF,2023-05-31,Applebead,Equities,76.49,0.0,76.48999786376953,No Reference Price Found
PNW,2023-05-31,Belaware,Equities,76.48,0.0,76.4800033569336,No Reference Price Found
SRE,2023-04-30,rpt-Catalysm,Equities,76.47,0.0,76.47000122070312,No Reference Price Found
SYY,2023-01-31,Applebead,Equities,76.45,0.0,76.44999694824219,No Reference Price Found
CAH,2023-01-31,Wallington,Equities,76.33,0.0,76.33000183105469,No Reference Price Found
MDLZ,2023-04-30,Fund Whitestone,Equities,76.32,0.0,76.31999969482422,No Reference Price Found
SYY,2023-07-31,Applebead,Equities,76.31,0.0,76.30999755859375,No Reference Price Found
LEN,2022-08-31,Applebead,Equities,76.3,0.0,76.30000305175781,No Reference Price Found
STT,2022-12-31,Applebead,Equities,76.26,0.0,76.26000213623047,No Reference Price Found
MS,2022-09-30,Leeder,Equities,76.25,0.0,76.25,No Reference Price Found
CNC,2023-01-31,Magnum,Equities,76.24,0.0,76.23999786376953,No Reference Price Found
CMA,2022-08-31,Fund Whitestone,Equities,76.24,0.0,76.23999786376953,No Reference Price Found
SYY,2023-03-31,Applebead,Equities,76.23,0.0,76.2300033569336,No Reference Price Found
SYY,2023-04-30,Applebead,Equities,76.22,0.0,76.22000122070312,No Reference Price Found
HOLX,2022-11-30,Applebead,Equities,76.16,0.0,76.16000366210938,No Reference Price Found
DHI,2022-10-31,Magnum,Equities,76.13,0.0,76.12999725341797,No Reference Price Found
LYV,2022-09-30,Applebead,Equities,76.04,0.0,76.04000091552734,No Reference Price Found
TJX,2023-02-28,Applebead,Equities,75.98,0.0,75.9800033569336,No Reference Price Found
CAH,2022-12-31,Wallington,Equities,75.96,0.0,75.95999908447266,No Reference Price Found
NTAP,2023-06-30,Magnum,Equities,75.9,0.0,75.9000015258789,No Reference Price Found
PNW,2022-11-30,Belaware,Equities,75.77,0.0,75.7699966430664,No Reference Price Found
ATVI,2023-01-31,Fund Whitestone,Equities,75.75,0.0,75.75,No Reference Price Found
APH,2022-12-31,Fund Whitestone,Equities,75.74,0.0,75.73999786376953,No Reference Price Found
ATVI,2022-12-31,Fund Whitestone,Equities,75.73,0.0,75.7300033569336,No Reference Price Found
FTNT,2023-06-30,Magnum,Equities,75.59,0.0,75.58999633789062,No Reference Price Found
BMY,2022-10-31,Virtous,Equities,75.56,0.0,75.55999755859375,No Reference Price Found
HIG,2022-11-30,Magnum,Equities,75.48,0.0,75.4800033569336,No Reference Price Found
ATVI,2023-02-28,Fund Whitestone,Equities,75.44,0.0,75.44000244140625,No Reference Price Found
WRB,2022-11-30,Wallington,Equities,75.4,0.0,75.4000015258789,No Reference Price Found
NTAP,2023-08-31,Magnum,Equities,75.29,0.0,75.29000091552734,No Reference Price Found
APH,2023-04-30,Fund Whitestone,Equities,75.28,0.0,75.27999877929688,No Reference Price Found
APH,2023-05-31,Fund Whitestone,Equities,75.26,0.0,75.26000213623047,No Reference Price Found
APH,2022-10-31,Fund Whitestone,Equities,75.22,0.0,75.22000122070312,No Reference Price Found
ON,2022-11-30,Magnum,Equities,75.2,0.0,75.19999694824219,No Reference Price Found
ADM,2023-06-30,Fund Whitestone,Equities,75.16,0.0,75.16000366210938,No Reference Price Found
AMD,2023-01-31,Fund Whitestone,Equities,75.15,0.0,75.1500015258789,No Reference Price Found
CAH,2023-03-31,Wallington,Equities,75.1,0.0,75.0999984741211,No Reference Price Found
ACGL,2023-04-30,Applebead,Equities,75.07,0.0,75.06999969482422,No Reference Price Found
RHI,2022-08-31,Leeder,Equities,75.07,0.0,75.06999969482422,No Reference Price Found
STT,2023-03-31,Applebead,Equities,75.04,0.0,75.04000091552734,No Reference Price Found
SYY,2022-12-31,Applebead,Equities,74.97,0.0,74.97000122070312,No Reference Price Found
HIG,2022-12-31,Magnum,Equities,74.95,0.0,74.94999694824219,No Reference Price Found
MCHP,2023-05-31,Virtous,Equities,74.87,0.0,74.87000274658203,No Reference Price Found
K,2022-10-31,Magnum,Equities,74.86,0.0,74.86000061035156,No Reference Price Found
ACGL,2023-06-30,Applebead,Equities,74.85,0.0,74.8499984741211,No Reference Price Found
RHI,2023-08-31,Leeder,Equities,74.82,0.0,74.81999969482422,No Reference Price Found
HOLX,2022-12-31,Applebead,Equities,74.81,0.0,74.80999755859375,No Reference Price Found
HSIC,2023-08-31,Belaware,Equities,74.81,0.0,74.80999755859375,No Reference Price Found
CAH,2023-02-28,Wallington,Equities,74.81,0.0,74.80999755859375,No Reference Price Found
SRE,2022-12-31,rpt-Catalysm,Equities,74.78,0.0,74.77999877929688,No Reference Price Found
FTV,2023-06-30,Leeder,Equities,74.77,0.0,74.7699966430664,No Reference Price Found
RHI,2023-06-30,Leeder,Equities,74.74,0.0,74.73999786376953,No Reference Price Found
DVA,2022-12-31,Belaware,Equities,74.67,0.0,74.66999816894531,No Reference Price Found
EW,2022-12-31,Applebead,Equities,74.61,0.0,74.61000061035156,No Reference Price Found
RHI,2022-09-30,Leeder,Equities,74.61,0.0,74.61000061035156,No Reference Price Found
RHI,2022-10-31,Leeder,Equities,74.57,0.0,74.56999969482422,No Reference Price Found
CAH,2022-10-31,Wallington,Equities,74.52,0.0,74.5199966430664,No Reference Price Found
BXP,2022-08-31,Virtous,Equities,74.52,0.0,74.5199966430664,No Reference Price Found
SRE,2023-07-31,rpt-Catalysm,Equities,74.51,0.0,74.51000213623047,No Reference Price Found
MKC,2023-01-31,Wallington,Equities,74.44,0.0,74.44000244140625,No Reference Price Found
CEG,2023-02-28,Fund Whitestone,Equities,74.43,0.0,74.43000030517578,No Reference Price Found
AAP,2023-07-31,Belaware,Equities,74.39,0.0,74.38999938964844,No Reference Price Found
SRE,2023-03-31,rpt-Catalysm,Equities,74.34,0.0,74.33999633789062,No Reference Price Found
PCAR,2023-04-30,Leeder,Equities,74.2,0.0,74.19999694824219,No Reference Price Found
NTRS,2023-06-30,Belaware,Equities,74.14,0.0,74.13999938964844,No Reference Price Found
MDLZ,2023-07-31,Fund Whitestone,Equities,74.13,0.0,74.12999725341797,No Reference Price Found
DD,2023-08-31,Fund Whitestone,Equities,74.1,0.0,74.0999984741211,No Reference Price Found
SO,2022-08-31,Applebead,Equities,74.0,0.0,74.0,No Reference Price Found
HSIC,2023-05-31,Belaware,Equities,73.9,0.0,73.9000015258789,No Reference Price Found
DVA,2022-11-30,Belaware,Equities,73.73,0.0,73.7300033569336,No Reference Price Found
FIS,2022-09-30,Virtous,Equities,73.73,0.0,73.7300033569336,No Reference Price Found
FIS,2023-01-31,Virtous,Equities,73.72,0.0,73.72000122070312,No Reference Price Found
SYY,2023-06-30,Applebead,Equities,73.7,0.0,73.69999694824219,No Reference Price Found
RHI,2023-07-31,Leeder,Equities,73.68,0.0,73.68000030517578,No Reference Price Found
FTV,2023-08-31,Leeder,Equities,73.66,0.0,73.66000366210938,No Reference Price Found
MKC,2023-02-28,Wallington,Equities,73.64,0.0,73.63999938964844,No Reference Price Found
BBY,2023-04-30,Applebead,Equities,73.63,0.0,73.62999725341797,No Reference Price Found
SYY,2023-02-28,Applebead,Equities,73.6,0.0,73.5999984741211,No Reference Price Found
HIG,2023-08-31,Magnum,Equities,73.59,0.0,73.58999633789062,No Reference Price Found
PNW,2022-12-31,Belaware,Equities,73.57,0.0,73.56999969482422,No Reference Price Found
BBY,2023-08-31,Applebead,Equities,73.56,0.0,73.55999755859375,No Reference Price Found
TSN,2022-08-31,Leeder,Equities,73.56,0.0,73.55999755859375,No Reference Price Found
ATVI,2022-09-30,Fund Whitestone,Equities,73.55,0.0,73.55000305175781,No Reference Price Found
WRB,2022-10-31,Wallington,Equities,73.52,0.0,73.5199966430664,No Reference Price Found
ON,2023-01-31,Magnum,Equities,73.45,0.0,73.44999694824219,No Reference Price Found
LEN,2022-09-30,Applebead,Equities,73.44,0.0,73.44000244140625,No Reference Price Found
HSIC,2022-08-31,Belaware,Equities,73.41,0.0,73.41000366210938,No Reference Price Found
CDAY,2023-03-31,Wallington,Equities,73.22,0.0,73.22000122070312,No Reference Price Found
CHD,2022-10-31,Fund Whitestone,Equities,73.21,0.0,73.20999908447266,No Reference Price Found
STT,2023-06-30,Applebead,Equities,73.18,0.0,73.18000030517578,No Reference Price Found
ATVI,2022-11-30,Fund Whitestone,Equities,73.16,0.0,73.16000366210938,No Reference Price Found
MDLZ,2023-05-31,Fund Whitestone,Equities,73.02,0.0,73.0199966430664,No Reference Price Found
DVA,2022-10-31,Belaware,Equities,73.01,0.0,73.01000213623047,No Reference Price Found
PNW,2023-01-31,Belaware,Equities,72.98,0.0,72.9800033569336,No Reference Price Found
MDLZ,2023-06-30,Fund Whitestone,Equities,72.94,0.0,72.94000244140625,No Reference Price Found
ORCL,2022-08-31,rpt-Catalysm,Equities,72.93,0.0,72.93000030517578,No Reference Price Found
CDAY,2023-02-28,Wallington,Equities,72.93,0.0,72.93000030517578,No Reference Price Found
DD,2023-01-31,Fund Whitestone,Equities,72.86,0.0,72.86000061035156,No Reference Price Found
EIX,2023-04-30,Belaware,Equities,72.82,0.0,72.81999969482422,No Reference Price Found
LYV,2022-11-30,Applebead,Equities,72.76,0.0,72.76000213623047,No Reference Price Found
APH,2022-08-31,Fund Whitestone,Equities,72.74,0.0,72.73999786376953,No Reference Price Found
PCAR,2023-03-31,Leeder,Equities,72.72,0.0,72.72000122070312,No Reference Price Found
AAP,2023-05-31,Belaware,Equities,72.63,0.0,72.62999725341797,No Reference Price Found
AKAM,2023-02-28,TT_monthly_Trustmind,Equities,72.6,0.0,72.5999984741211,No Reference Price Found
SRE,2023-02-28,rpt-Catalysm,Equities,72.56,0.0,72.55999755859375,No Reference Price Found
LYB,2022-10-31,Applebead,Equities,72.51,0.0,72.51000213623047,No Reference Price Found
STT,2023-07-31,Applebead,Equities,72.44,0.0,72.44000244140625,No Reference Price Found
EW,2022-10-31,Applebead,Equities,72.43,0.0,72.43000030517578,No Reference Price Found
RHI,2022-12-31,Leeder,Equities,72.41,0.0,72.41000366210938,No Reference Price Found
AOS,2023-07-31,Belaware,Equities,72.32,0.0,72.31999969482422,No Reference Price Found
DD,2023-02-28,Fund Whitestone,Equities,72.31,0.0,72.30999755859375,No Reference Price Found
CDAY,2023-01-31,Wallington,Equities,72.28,0.0,72.27999877929688,No Reference Price Found
MCHP,2023-04-30,Virtous,Equities,72.26,0.0,72.26000213623047,No Reference Price Found
PNR,2023-08-31,Applebead,Equities,72.25,0.0,72.25,No Reference Price Found
AOS,2023-06-30,Belaware,Equities,72.18,0.0,72.18000030517578,No Reference Price Found
STT,2022-10-31,Applebead,Equities,72.16,0.0,72.16000366210938,No Reference Price Found
PCAR,2023-01-31,Leeder,Equities,72.14,0.0,72.13999938964844,No Reference Price Found
PNW,2023-02-28,Belaware,Equities,72.13,0.0,72.12999725341797,No Reference Price Found
SO,2023-04-30,Applebead,Equities,72.11,0.0,72.11000061035156,No Reference Price Found
XEL,2022-08-31,Leeder,Equities,72.08,0.0,72.08000183105469,No Reference Price Found
LYV,2023-02-28,Applebead,Equities,72.06,0.0,72.05999755859375,No Reference Price Found
RHI,2023-04-30,Leeder,Equities,72.03,0.0,72.02999877929688,No Reference Price Found
OXY,2022-10-31,Fund Whitestone,Equities,72.03,0.0,72.02999877929688,No Reference Price Found
HIG,2023-06-30,Magnum,Equities,72.02,0.0,72.0199966430664,No Reference Price Found
ATVI,2022-10-31,Fund Whitestone,Equities,72.02,0.0,72.0199966430664,No Reference Price Found
PNW,2022-08-31,Belaware,Equities,71.98,0.0,71.9800033569336,No Reference Price Found
SRE,2022-10-31,rpt-Catalysm,Equities,71.97,0.0,71.97000122070312,No Reference Price Found
ON,2023-04-30,Magnum,Equities,71.96,0.0,71.95999908447266,No Reference Price Found
EIX,2023-07-31,Belaware,Equities,71.96,0.0,71.95999908447266,No Reference Price Found
BXP,2023-01-31,Virtous,Equities,71.9,0.0,71.9000015258789,No Reference Price Found
HIG,2023-07-31,Magnum,Equities,71.88,0.0,71.87999725341797,No Reference Price Found
WRB,2022-12-31,Wallington,Equities,71.83,0.0,71.83000183105469,No Reference Price Found
BBY,2023-05-31,Applebead,Equities,71.81,0.0,71.80999755859375,No Reference Price Found
PCAR,2023-02-28,Leeder,Equities,71.72,0.0,71.72000122070312,No Reference Price Found
K,2022-11-30,Magnum,Equities,71.67,0.0,71.66999816894531,No Reference Price Found
STT,2023-04-30,Applebead,Equities,71.64,0.0,71.63999938964844,No Reference Price Found
SRE,2023-06-30,rpt-Catalysm,Equities,71.6,0.0,71.5999984741211,No Reference Price Found
SO,2023-07-31,Magnum,Equities,71.6,0.0,71.5999984741211,No Reference Price Found
EMR,2022-09-30,Leeder,Equities,71.52,0.0,71.5199966430664,No Reference Price Found
SRE,2022-09-30,rpt-Catalysm,Equities,71.49,0.0,71.48999786376953,No Reference Price Found
AOS,2023-08-31,Belaware,Equities,71.45,0.0,71.44999694824219,No Reference Price Found
BMY,2023-01-31,Virtous,Equities,71.42,0.0,71.41999816894531,No Reference Price Found
SRE,2023-08-31,rpt-Catalysm,Equities,71.4,0.0,71.4000015258789,No Reference Price Found
LYB,2022-09-30,Applebead,Equities,71.4,0.0,71.4000015258789,No Reference Price Found
BXP,2022-09-30,Virtous,Equities,71.25,0.0,71.25,No Reference Price Found
NTRS,2023-05-31,Belaware,Equities,71.21,0.0,71.20999908447266,No Reference Price Found
HIG,2022-10-31,Magnum,Equities,71.17,0.0,71.16999816894531,No Reference Price Found
IR,2023-08-31,Leeder,Equities,71.12,0.0,71.12000274658203,No Reference Price Found
DD,2023-06-30,Fund Whitestone,Equities,71.11,0.0,71.11000061035156,No Reference Price Found
DD,2023-03-31,Fund Whitestone,Equities,71.06,0.0,71.05999755859375,No Reference Price Found
OMC,2022-10-31,Wallington,Equities,71.0,0.0,71.0,No Reference Price Found
TJX,2022-10-31,Applebead,Equities,70.96,0.0,70.95999908447266,No Reference Price Found
SYY,2023-08-31,Applebead,Equities,70.92,0.0,70.91999816894531,No Reference Price Found
EIX,2023-08-31,Belaware,Equities,70.91,0.0,70.91000366210938,No Reference Price Found
CMA,2023-01-31,Fund Whitestone,Equities,70.91,0.0,70.91000366210938,No Reference Price Found
K,2022-08-31,Magnum,Equities,70.88,0.0,70.87999725341797,No Reference Price Found
FIS,2022-11-30,Virtous,Equities,70.82,0.0,70.81999969482422,No Reference Price Found
CDAY,2023-07-31,Wallington,Equities,70.81,0.0,70.80999755859375,No Reference Price Found
CSGP,2023-02-28,Fund Whitestone,Equities,70.66,0.0,70.66000366210938,No Reference Price Found
RCL,2023-02-28,Fund Whitestone,Equities,70.64,0.0,70.63999938964844,No Reference Price Found
SRE,2023-05-31,rpt-Catalysm,Equities,70.59,0.0,70.58999633789062,No Reference Price Found
CHD,2022-09-30,Fund Whitestone,Equities,70.56,0.0,70.55999755859375,No Reference Price Found
HIG,2023-04-30,Magnum,Equities,70.55,0.0,70.55000305175781,No Reference Price Found
CTSH,2023-08-31,Belaware,Equities,70.47,0.0,70.47000122070312,No Reference Price Found
DHI,2022-08-31,Magnum,Equities,70.46,0.0,70.45999908447266,No Reference Price Found
OXY,2022-08-31,Fund Whitestone,Equities,70.3,0.0,70.30000305175781,No Reference Price Found
ADM,2023-05-31,Fund Whitestone,Equities,70.28,0.0,70.27999877929688,No Reference Price Found
BMY,2022-12-31,Virtous,Equities,70.18,0.0,70.18000030517578,No Reference Price Found
EQR,2022-08-31,Belaware,Equities,70.17,0.0,70.16999816894531,No Reference Price Found
AAP,2023-06-30,Belaware,Equities,70.05,0.0,70.05000305175781,No Reference Price Found
ACGL,2023-02-28,Applebead,Equities,70.0,0.0,70.0,No Reference Price Found
LYV,2023-03-31,Applebead,Equities,70.0,0.0,70.0,No Reference Price Found
K,2022-12-31,Magnum,Equities,69.99,0.0,69.98999786376953,No Reference Price Found
NTAP,2022-08-31,Magnum,Equities,69.99,0.0,69.98999786376953,No Reference Price Found
MKC,2022-09-30,Wallington,Equities,69.93,0.0,69.93000030517578,No Reference Price Found
WRB,2023-01-31,Wallington,Equities,69.9,0.0,69.9000015258789,No Reference Price Found
EIX,2023-03-31,Belaware,Equities,69.84,0.0,69.83999633789062,No Reference Price Found
TAP,2023-07-31,Virtous,Equities,69.77,0.0,69.7699966430664,No Reference Price Found
LYV,2022-12-31,Applebead,Equities,69.74,0.0,69.73999786376953,No Reference Price Found
ACGL,2023-05-31,Applebead,Equities,69.7,0.0,69.69999694824219,No Reference Price Found
CSGP,2022-09-30,Fund Whitestone,Equities,69.65,0.0,69.6500015258789,No Reference Price Found
CSGP,2022-08-31,Fund Whitestone,Equities,69.64,0.0,69.63999938964844,No Reference Price Found
SO,2023-06-30,Applebead,Equities,69.53,0.0,69.52999877929688,No Reference Price Found
PNR,2023-07-31,Applebead,Equities,69.5,0.0,69.5,No Reference Price Found
SYY,2023-05-31,Applebead,Equities,69.48,0.0,69.4800033569336,No Reference Price Found
DD,2022-11-30,Fund Whitestone,Equities,69.47,0.0,69.47000122070312,No Reference Price Found
CDAY,2023-08-31,Wallington,Equities,69.42,0.0,69.41999816894531,No Reference Price Found
MDLZ,2023-03-31,Fund Whitestone,Equities,69.35,0.0,69.3499984741211,No Reference Price Found
XEL,2023-04-30,Leeder,Equities,69.33,0.0,69.33000183105469,No Reference Price Found
SO,2022-12-31,Applebead,Equities,69.29,0.0,69.29000091552734,No Reference Price Found
HIG,2023-03-31,Magnum,Equities,69.26,0.0,69.26000213623047,No Reference Price Found
MCHP,2022-12-31,Virtous,Equities,69.25,0.0,69.25,No Reference Price Found
K,2023-04-30,Magnum,Equities,69.15,0.0,69.1500015258789,No Reference Price Found
BXP,2022-10-31,Virtous,Equities,69.09,0.0,69.08999633789062,No Reference Price Found
DD,2023-04-30,Fund Whitestone,Equities,69.03,0.0,69.02999877929688,No Reference Price Found
SO,2023-05-31,Applebead,Equities,69.03,0.0,69.02999877929688,No Reference Price Found
XEL,2022-12-31,Leeder,Equities,68.98,0.0,68.9800033569336,No Reference Price Found
OXY,2022-11-30,Fund Whitestone,Equities,68.94,0.0,68.94000244140625,No Reference Price Found
CAH,2022-08-31,Wallington,Equities,68.93,0.0,68.93000030517578,No Reference Price Found
CNC,2023-04-30,Magnum,Equities,68.93,0.0,68.93000030517578,No Reference Price Found
SYY,2022-09-30,Applebead,Equities,68.9,0.0,68.9000015258789,No Reference Price Found
CSGP,2023-03-31,Fund Whitestone,Equities,68.85,0.0,68.8499984741211,No Reference Price Found
BMY,2022-09-30,Virtous,Equities,68.82,0.0,68.81999969482422,No Reference Price Found
ON,2022-08-31,Magnum,Equities,68.77,0.0,68.7699966430664,No Reference Price Found
EIX,2023-06-30,Belaware,Equities,68.71,0.0,68.70999908447266,No Reference Price Found
CMA,2022-11-30,Fund Whitestone,Equities,68.68,0.0,68.68000030517578,No Reference Price Found
XEL,2022-11-30,Leeder,Equities,68.62,0.0,68.62000274658203,No Reference Price Found
PCAR,2023-05-31,Leeder,Equities,68.56,0.0,68.55999755859375,No Reference Price Found
SO,2023-08-31,Applebead,Equities,68.53,0.0,68.52999877929688,No Reference Price Found
HIG,2023-05-31,Magnum,Equities,68.52,0.0,68.5199966430664,No Reference Price Found
BXP,2022-11-30,Virtous,Equities,68.5,0.0,68.5,No Reference Price Found
HSIC,2022-10-31,Belaware,Equities,68.46,0.0,68.45999908447266,No Reference Price Found
CDAY,2022-11-30,Wallington,Equities,68.44,0.0,68.44000244140625,No Reference Price Found
CNC,2023-02-28,Magnum,Equities,68.4,0.0,68.4000015258789,No Reference Price Found
FTNT,2023-05-31,Magnum,Equities,68.33,0.0,68.33000183105469,No Reference Price Found
AOS,2023-03-31,Belaware,Equities,68.27,0.0,68.2699966430664,No Reference Price Found
SO,2023-03-31,Magnum,Equities,68.22,0.0,68.22000122070312,No Reference Price Found
ETSY,2023-08-31,rpt-Catalysm,Equities,68.21,0.0,68.20999908447266,No Reference Price Found
BMY,2023-03-31,Virtous,Equities,68.14,0.0,68.13999938964844,No Reference Price Found
FTV,2023-03-31,Leeder,Equities,68.1,0.0,68.0999984741211,No Reference Price Found
CNC,2023-07-31,Magnum,Equities,68.09,0.0,68.08999633789062,No Reference Price Found
CMA,2022-09-30,Fund Whitestone,Equities,68.07,0.0,68.06999969482422,No Reference Price Found
PCAR,2022-11-30,Leeder,Equities,68.0,0.0,68.0,No Reference Price Found
K,2022-09-30,Magnum,Equities,67.88,0.0,67.87999725341797,No Reference Price Found
FTV,2023-01-31,Leeder,Equities,67.88,0.0,67.87999725341797,No Reference Price Found
ACGL,2023-03-31,Applebead,Equities,67.87,0.0,67.87000274658203,No Reference Price Found
CMA,2023-02-28,Fund Whitestone,Equities,67.81,0.0,67.80999755859375,No Reference Price Found
HOLX,2022-10-31,Applebead,Equities,67.8,0.0,67.80000305175781,No Reference Price Found
BMY,2023-02-28,Virtous,Equities,67.79,0.0,67.79000091552734,No Reference Price Found
LYV,2023-04-30,Applebead,Equities,67.78,0.0,67.77999877929688,No Reference Price Found
AOS,2023-04-30,Belaware,Equities,67.73,0.0,67.7300033569336,No Reference Price Found
NTAP,2022-10-31,Magnum,Equities,67.72,0.0,67.72000122070312,No Reference Price Found
XEL,2023-01-31,Leeder,Equities,67.66,0.0,67.66000366210938,No Reference Price Found
DD,2022-12-31,Fund Whitestone,Equities,67.62,0.0,67.62000274658203,No Reference Price Found
HOLX,2022-08-31,Applebead,Equities,67.56,0.0,67.55999755859375,No Reference Price Found
CMA,2022-10-31,Fund Whitestone,Equities,67.5,0.0,67.5,No Reference Price Found
CNC,2023-06-30,Magnum,Equities,67.45,0.0,67.44999694824219,No Reference Price Found
BBY,2022-08-31,Applebead,Equities,67.45,0.0,67.44999694824219,No Reference Price Found
EIX,2023-01-31,Belaware,Equities,67.45,0.0,67.44999694824219,No Reference Price Found
NTRS,2023-08-31,Belaware,Equities,67.43,0.0,67.43000030517578,No Reference Price Found
STT,2023-05-31,Applebead,Equities,67.43,0.0,67.43000030517578,No Reference Price Found
K,2023-06-30,Magnum,Equities,67.4,0.0,67.4000015258789,No Reference Price Found
FTV,2022-11-30,Leeder,Equities,67.4,0.0,67.4000015258789,No Reference Price Found
K,2023-01-31,Magnum,Equities,67.38,0.0,67.37999725341797,No Reference Price Found
PHM,2023-04-30,Fund Whitestone,Equities,67.0,0.0,67.0,No Reference Price Found
CDAY,2023-06-30,Wallington,Equities,66.97,0.0,66.97000122070312,No Reference Price Found
K,2023-07-31,Magnum,Equities,66.89,0.0,66.88999938964844,No Reference Price Found
DD,2023-05-31,Fund Whitestone,Equities,66.88,0.0,66.87999725341797,No Reference Price Found
XEL,2023-03-31,Leeder,Equities,66.88,0.0,66.87999725341797,No Reference Price Found
STX,2023-08-31,Report-of-Gohen,Equities,66.86,0.0,66.86000061035156,No Reference Price Found
AOS,2023-01-31,Belaware,Equities,66.84,0.0,66.83999633789062,No Reference Price Found
EIX,2023-05-31,Belaware,Equities,66.8,0.0,66.80000305175781,No Reference Price Found
EQR,2023-08-31,Belaware,Equities,66.8,0.0,66.80000305175781,No Reference Price Found
K,2023-05-31,Magnum,Equities,66.77,0.0,66.7699966430664,No Reference Price Found
DHI,2022-09-30,Magnum,Equities,66.7,0.0,66.69999694824219,No Reference Price Found
TSN,2022-10-31,Leeder,Equities,66.7,0.0,66.69999694824219,No Reference Price Found
FIS,2022-12-31,Virtous,Equities,66.65,0.0,66.6500015258789,No Reference Price Found
BXP,2023-07-31,Virtous,Equities,66.63,0.0,66.62999725341797,No Reference Price Found
FTV,2023-02-28,Leeder,Equities,66.59,0.0,66.58999633789062,No Reference Price Found
MDLZ,2022-11-30,Fund Whitestone,Equities,66.5,0.0,66.5,No Reference Price Found
FTNT,2023-03-31,Magnum,Equities,66.46,0.0,66.45999908447266,No Reference Price Found
APH,2022-09-30,Fund Whitestone,Equities,66.43,0.0,66.43000030517578,No Reference Price Found
K,2023-03-31,Magnum,Equities,66.37,0.0,66.37000274658203,No Reference Price Found
IFF,2023-08-31,Applebead,Equities,66.27,0.0,66.2699966430664,No Reference Price Found
STX,2023-01-31,Report-of-Gohen,Equities,66.27,0.0,66.2699966430664,No Reference Price Found
CDAY,2022-10-31,Wallington,Equities,66.19,0.0,66.19000244140625,No Reference Price Found
BMY,2023-04-30,Virtous,Equities,66.18,0.0,66.18000030517578,No Reference Price Found
O,2023-01-31,Virtous,Equities,66.16,0.0,66.16000366210938,No Reference Price Found
NTAP,2022-11-30,Magnum,Equities,66.1,0.0,66.0999984741211,No Reference Price Found
BBY,2022-10-31,Applebead,Equities,66.08,0.0,66.08000183105469,No Reference Price Found
CNC,2023-08-31,Magnum,Equities,66.0,0.0,66.0,No Reference Price Found
EQR,2023-06-30,Belaware,Equities,65.97,0.0,65.97000122070312,No Reference Price Found
STT,2022-08-31,Applebead,Equities,65.97,0.0,65.97000122070312,No Reference Price Found
WRB,2023-02-28,Wallington,Equities,65.97,0.0,65.97000122070312,No Reference Price Found
PHM,2023-05-31,Fund Whitestone,Equities,65.94,0.0,65.94000244140625,No Reference Price Found
MDLZ,2022-12-31,Fund Whitestone,Equities,65.94,0.0,65.94000244140625,No Reference Price Found
EQR,2023-07-31,Belaware,Equities,65.94,0.0,65.94000244140625,No Reference Price Found
NTAP,2023-05-31,Magnum,Equities,65.92,0.0,65.91999816894531,No Reference Price Found
CTSH,2023-01-31,Belaware,Equities,65.88,0.0,65.87999725341797,No Reference Price Found
TAP,2023-06-30,TT_monthly_Trustmind,Equities,65.84,0.0,65.83999633789062,No Reference Price Found
HSIC,2022-09-30,Belaware,Equities,65.77,0.0,65.7699966430664,No Reference Price Found
CTSH,2023-07-31,Belaware,Equities,65.75,0.0,65.75,No Reference Price Found
EVRG,2022-08-31,Fund Whitestone,Equities,65.71,0.0,65.70999908447266,No Reference Price Found
SO,2023-01-31,Applebead,Equities,65.67,0.0,65.66999816894531,No Reference Price Found
SO,2022-11-30,Applebead,Equities,65.63,0.0,65.62999725341797,No Reference Price Found
STT,2023-08-31,Applebead,Equities,65.62,0.0,65.62000274658203,No Reference Price Found
REG,2023-07-31,Report-of-Gohen,Equities,65.53,0.0,65.52999877929688,No Reference Price Found
CAH,2022-09-30,Wallington,Equities,65.47,0.0,65.47000122070312,No Reference Price Found
RCL,2023-04-30,Fund Whitestone,Equities,65.43,0.0,65.43000030517578,No Reference Price Found
CMS,2022-08-31,Wallington,Equities,65.39,0.0,65.38999938964844,No Reference Price Found
STX,2023-03-31,Report-of-Gohen,Equities,65.38,0.0,65.37999725341797,No Reference Price Found
K,2023-02-28,Magnum,Equities,65.35,0.0,65.3499984741211,No Reference Price Found
IR,2023-06-30,Leeder,Equities,65.34,0.0,65.33999633789062,No Reference Price Found
PCAR,2022-12-31,Leeder,Equities,65.32,0.0,65.31999969482422,No Reference Price Found
RCL,2023-03-31,Fund Whitestone,Equities,65.3,0.0,65.30000305175781,No Reference Price Found
SO,2022-09-30,Applebead,Equities,65.29,0.0,65.29000091552734,No Reference Price Found
O,2022-08-31,Virtous,Equities,65.29,0.0,65.29000091552734,No Reference Price Found
NTAP,2023-01-31,Magnum,Equities,65.28,0.0,65.27999877929688,No Reference Price Found
IR,2023-07-31,Leeder,Equities,65.25,0.0,65.25,No Reference Price Found
BMY,2022-08-31,Virtous,Equities,65.25,0.0,65.25,No Reference Price Found
BXP,2022-12-31,Virtous,Equities,65.19,0.0,65.19000244140625,No Reference Price Found
REG,2023-01-31,Report-of-Gohen,Equities,65.19,0.0,65.19000244140625,No Reference Price Found
TAP,2023-08-31,TT_monthly_Trustmind,Equities,65.15,0.0,65.1500015258789,No Reference Price Found
TSN,2022-11-30,Leeder,Equities,65.15,0.0,65.1500015258789,No Reference Price Found
FTV,2023-05-31,Leeder,Equities,65.11,0.0,65.11000061035156,No Reference Price Found
EQR,2022-09-30,Belaware,Equities,65.04,0.0,65.04000091552734,No Reference Price Found
PNW,2022-10-31,Belaware,Equities,65.02,0.0,65.0199966430664,No Reference Price Found
CTSH,2023-06-30,Belaware,Equities,65.01,0.0,65.01000213623047,No Reference Price Found
RCL,2023-01-31,Fund Whitestone,Equities,64.94,0.0,64.94000244140625,No Reference Price Found
BXP,2023-08-31,Virtous,Equities,64.86,0.0,64.86000061035156,No Reference Price Found
EIX,2022-08-31,Belaware,Equities,64.84,0.0,64.83999633789062,No Reference Price Found
EIX,2023-02-28,Belaware,Equities,64.81,0.0,64.80999755859375,No Reference Price Found
AOS,2023-02-28,Belaware,Equities,64.8,0.0,64.80000305175781,No Reference Price Found
AMD,2022-12-31,Fund Whitestone,Equities,64.77,0.0,64.7699966430664,No Reference Price Found
XEL,2023-05-31,Leeder,Equities,64.75,0.0,64.75,No Reference Price Found
MDLZ,2023-01-31,Fund Whitestone,Equities,64.74,0.0,64.73999786376953,No Reference Price Found
CMA,2022-12-31,Fund Whitestone,Equities,64.67,0.0,64.66999816894531,No Reference Price Found
TSN,2023-01-31,Leeder,Equities,64.63,0.0,64.62999725341797,No Reference Price Found
OMC,2022-08-31,Wallington,Equities,64.62,0.0,64.62000274658203,No Reference Price Found
RHI,2023-05-31,Leeder,Equities,64.61,0.0,64.61000061035156,No Reference Price Found
HOLX,2022-09-30,Applebead,Equities,64.52,0.0,64.5199966430664,No Reference Price Found
EIX,2022-11-30,Belaware,Equities,64.52,0.0,64.5199966430664,No Reference Price Found
MDLZ,2023-02-28,Fund Whitestone,Equities,64.48,0.0,64.4800033569336,No Reference Price Found
OXY,2023-01-31,Fund Whitestone,Equities,64.41,0.0,64.41000366210938,No Reference Price Found
PNR,2023-06-30,Applebead,Equities,64.39,0.0,64.38999938964844,No Reference Price Found
K,2023-08-31,Magnum,Equities,64.37,0.0,64.37000274658203,No Reference Price Found
REG,2022-11-30,Report-of-Gohen,Equities,64.35,0.0,64.3499984741211,No Reference Price Found
ACGL,2023-01-31,Applebead,Equities,64.35,0.0,64.3499984741211,No Reference Price Found
TSN,2022-09-30,Leeder,Equities,64.34,0.0,64.33999633789062,No Reference Price Found
CDAY,2022-12-31,Wallington,Equities,64.15,0.0,64.1500015258789,No Reference Price Found
FTV,2022-12-31,Leeder,Equities,64.11,0.0,64.11000061035156,No Reference Price Found
MCHP,2022-08-31,Virtous,Equities,64.04,0.0,64.04000091552734,No Reference Price Found
WRB,2022-08-31,Wallington,Equities,63.95,0.0,63.95000076293945,No Reference Price Found
BMY,2023-05-31,Virtous,Equities,63.87,0.0,63.869998931884766,No Reference Price Found
STX,2022-08-31,Report-of-Gohen,Equities,63.84,0.0,63.84000015258789,No Reference Price Found
WRB,2022-09-30,Wallington,Equities,63.83,0.0,63.83000183105469,No Reference Price Found
FTV,2022-10-31,Leeder,Equities,63.69,0.0,63.689998626708984,No Reference Price Found
KO,2023-04-30,Wallington,Equities,63.67,0.0,63.66999816894531,No Reference Price Found
LVS,2023-04-30,Report-of-Gohen,Equities,63.63,0.0,63.630001068115234,No Reference Price Found
NTAP,2023-02-28,Magnum,Equities,63.62,0.0,63.619998931884766,No Reference Price Found
XEL,2022-10-31,Leeder,Equities,63.62,0.0,63.619998931884766,No Reference Price Found
WYNN,2022-10-31,Applebead,Equities,63.59,0.0,63.59000015258789,No Reference Price Found
XEL,2023-02-28,Leeder,Equities,63.53,0.0,63.529998779296875,No Reference Price Found
STX,2023-07-31,Report-of-Gohen,Equities,63.5,0.0,63.5,No Reference Price Found
CDAY,2023-04-30,Wallington,Equities,63.48,0.0,63.47999954223633,No Reference Price Found
AOS,2023-05-31,Belaware,Equities,63.41,0.0,63.40999984741211,No Reference Price Found
BMY,2023-06-30,Virtous,Equities,63.39,0.0,63.38999938964844,No Reference Price Found
AMD,2022-09-30,Fund Whitestone,Equities,63.36,0.0,63.36000061035156,No Reference Price Found
WRB,2023-08-31,Wallington,Equities,63.27,0.0,63.27000045776367,No Reference Price Found
TRMB,2022-08-31,Leeder,Equities,63.25,0.0,63.25,No Reference Price Found
CNC,2023-03-31,Magnum,Equities,63.21,0.0,63.209999084472656,No Reference Price Found
HIG,2022-08-31,Magnum,Equities,63.21,0.0,63.209999084472656,No Reference Price Found
BXP,2023-02-28,Virtous,Equities,63.16,0.0,63.15999984741211,No Reference Price Found
FTV,2022-08-31,Leeder,Equities,63.13,0.0,63.130001068115234,No Reference Price Found
OXY,2023-07-31,Fund Whitestone,Equities,63.13,0.0,63.130001068115234,No Reference Price Found
PEG,2023-07-31,Belaware,Equities,63.12,0.0,63.119998931884766,No Reference Price Found
STX,2023-02-28,Report-of-Gohen,Equities,63.12,0.0,63.119998931884766,No Reference Price Found
FTNT,2023-04-30,Magnum,Equities,63.05,0.0,63.04999923706055,No Reference Price Found
FTV,2023-04-30,Leeder,Equities,63.02,0.0,63.02000045776367,No Reference Price Found
NTAP,2023-03-31,Magnum,Equities,62.93,0.0,62.93000030517578,No Reference Price Found
SO,2022-10-31,Applebead,Equities,62.87,0.0,62.869998931884766,No Reference Price Found
ACGL,2022-12-31,Applebead,Equities,62.78,0.0,62.779998779296875,No Reference Price Found
EQR,2022-11-30,Belaware,Equities,62.76,0.0,62.7599983215332,No Reference Price Found
XEL,2023-07-31,Leeder,Equities,62.73,0.0,62.72999954223633,No Reference Price Found
WYNN,2022-09-30,Applebead,Equities,62.72,0.0,62.720001220703125,No Reference Price Found
AAP,2023-08-31,Belaware,Equities,62.71,0.0,62.709999084472656,No Reference Price Found
KO,2022-11-30,Wallington,Equities,62.65,0.0,62.650001525878906,No Reference Price Found
KO,2022-12-31,Wallington,Equities,62.65,0.0,62.650001525878906,No Reference Price Found
PEG,2023-04-30,Belaware,Equities,62.63,0.0,62.630001068115234,No Reference Price Found
OXY,2022-12-31,Fund Whitestone,Equities,62.62,0.0,62.619998931884766,No Reference Price Found
O,2023-02-28,Virtous,Equities,62.62,0.0,62.619998931884766,No Reference Price Found
PEG,2023-06-30,Belaware,Equities,62.61,0.0,62.61000061035156,No Reference Price Found
EQR,2023-04-30,Belaware,Equities,62.6,0.0,62.599998474121094,No Reference Price Found
XEL,2022-09-30,Leeder,Equities,62.54,0.0,62.540000915527344,No Reference Price Found
NTAP,2023-04-30,Magnum,Equities,62.48,0.0,62.47999954223633,No Reference Price Found
CNC,2023-05-31,Magnum,Equities,62.41,0.0,62.40999984741211,No Reference Price Found
ON,2022-12-31,Magnum,Equities,62.37,0.0,62.369998931884766,No Reference Price Found
ON,2022-09-30,Magnum,Equities,62.33,0.0,62.33000183105469,No Reference Price Found
EIX,2022-12-31,Belaware,Equities,62.28,0.0,62.279998779296875,No Reference Price Found
O,2023-03-31,Virtous,Equities,62.26,0.0,62.2599983215332,No Reference Price Found
FIS,2023-02-28,Virtous,Equities,62.25,0.0,62.25,No Reference Price Found
EQR,2023-01-31,Belaware,Equities,62.24,0.0,62.2400016784668,No Reference Price Found
OXY,2023-03-31,Fund Whitestone,Equities,62.24,0.0,62.2400016784668,No Reference Price Found
CTSH,2023-05-31,Belaware,Equities,62.23,0.0,62.22999954223633,No Reference Price Found
BMY,2023-07-31,Virtous,Equities,62.19,0.0,62.189998626708984,No Reference Price Found
XEL,2023-06-30,Leeder,Equities,62.17,0.0,62.16999816894531,No Reference Price Found
WRB,2023-03-31,Wallington,Equities,62.14,0.0,62.13999938964844,No Reference Price Found
PEG,2022-08-31,Belaware,Equities,62.09,0.0,62.09000015258789,No Reference Price Found
CTSH,2023-02-28,Belaware,Equities,62.08,0.0,62.08000183105469,No Reference Price Found
CTSH,2022-08-31,Belaware,Equities,62.06,0.0,62.060001373291016,No Reference Price Found
O,2023-04-30,Virtous,Equities,62.04,0.0,62.040000915527344,No Reference Price Found
PCAR,2022-10-31,Leeder,Equities,61.95,0.0,61.95000076293945,No Reference Price Found
KO,2023-07-31,Wallington,Equities,61.93,0.0,61.93000030517578,No Reference Price Found
TSN,2023-04-30,Leeder,Equities,61.92,0.0,61.91999816894531,No Reference Price Found
PEG,2023-03-31,Belaware,Equities,61.88,0.0,61.880001068115234,No Reference Price Found
STX,2023-06-30,Report-of-Gohen,Equities,61.87,0.0,61.869998931884766,No Reference Price Found
CDAY,2023-05-31,Wallington,Equities,61.85,0.0,61.849998474121094,No Reference Price Found
SO,2023-02-28,Applebead,Equities,61.83,0.0,61.83000183105469,No Reference Price Found
CMS,2022-12-31,Wallington,Equities,61.82,0.0,61.81999969482422,No Reference Price Found
REG,2023-06-30,Report-of-Gohen,Equities,61.77,0.0,61.77000045776367,No Reference Price Found
WRB,2023-07-31,Wallington,Equities,61.69,0.0,61.689998626708984,No Reference Price Found
CMS,2023-01-31,Wallington,Equities,61.68,0.0,61.68000030517578,No Reference Price Found
O,2022-12-31,Virtous,Equities,61.64,0.0,61.63999938964844,No Reference Price Found
PNW,2022-09-30,Belaware,Equities,61.62,0.0,61.619998931884766,No Reference Price Found
OMC,2022-09-30,Wallington,Equities,61.57,0.0,61.56999969482422,No Reference Price Found
KO,2023-03-31,Wallington,Equities,61.56,0.0,61.560001373291016,No Reference Price Found
REG,2023-02-28,Report-of-Gohen,Equities,61.54,0.0,61.540000915527344,No Reference Price Found
TAP,2023-05-31,TT_monthly_Trustmind,Equities,61.44,0.0,61.439998626708984,No Reference Price Found
ON,2022-10-31,Magnum,Equities,61.43,0.0,61.43000030517578,No Reference Price Found
MNST,2023-08-31,rpt-Catalysm,Equities,61.41,0.0,61.40999984741211,No Reference Price Found
CTSH,2022-11-30,Belaware,Equities,61.4,0.0,61.400001525878906,No Reference Price Found
TJX,2022-08-31,Magnum,Equities,61.36,0.0,61.36000061035156,No Reference Price Found
OXY,2023-04-30,Fund Whitestone,Equities,61.35,0.0,61.349998474121094,No Reference Price Found
CMS,2023-04-30,Wallington,Equities,61.26,0.0,61.2599983215332,No Reference Price Found
TSN,2022-12-31,Leeder,Equities,61.19,0.0,61.189998626708984,No Reference Price Found
BBY,2022-09-30,Applebead,Equities,61.18,0.0,61.18000030517578,No Reference Price Found
CTSH,2022-10-31,Belaware,Equities,61.16,0.0,61.15999984741211,No Reference Price Found
REG,2022-12-31,Report-of-Gohen,Equities,61.15,0.0,61.150001525878906,No Reference Price Found
OXY,2023-08-31,Fund Whitestone,Equities,61.14,0.0,61.13999938964844,No Reference Price Found
EQR,2023-02-28,Belaware,Equities,61.14,0.0,61.13999938964844,No Reference Price Found
TJX,2022-09-30,Applebead,Equities,61.14,0.0,61.13999938964844,No Reference Price Found
REG,2023-08-31,Report-of-Gohen,Equities,61.11,0.0,61.11000061035156,No Reference Price Found
O,2022-11-30,Virtous,Equities,61.05,0.0,61.04999923706055,No Reference Price Found
EQR,2022-10-31,Belaware,Equities,60.98,0.0,60.97999954223633,No Reference Price Found
EVRG,2022-12-31,Fund Whitestone,Equities,60.97,0.0,60.970001220703125,No Reference Price Found
O,2023-07-31,Virtous,Equities,60.97,0.0,60.970001220703125,No Reference Price Found
OXY,2022-09-30,Fund Whitestone,Equities,60.96,0.0,60.959999084472656,No Reference Price Found
HIG,2022-09-30,Magnum,Equities,60.88,0.0,60.880001068115234,No Reference Price Found
EVRG,2023-04-30,Fund Whitestone,Equities,60.81,0.0,60.810001373291016,No Reference Price Found
PEG,2023-01-31,Belaware,Equities,60.77,0.0,60.77000045776367,No Reference Price Found
REG,2023-04-30,Report-of-Gohen,Equities,60.77,0.0,60.77000045776367,No Reference Price Found
EVRG,2023-01-31,Fund Whitestone,Equities,60.7,0.0,60.70000076293945,No Reference Price Found
KO,2023-08-31,Wallington,Equities,60.63,0.0,60.630001068115234,No Reference Price Found
MCHP,2022-10-31,Virtous,Equities,60.59,0.0,60.59000015258789,No Reference Price Found
CMS,2023-07-31,Wallington,Equities,60.58,0.0,60.58000183105469,No Reference Price Found
REG,2023-03-31,Report-of-Gohen,Equities,60.53,0.0,60.529998779296875,No Reference Price Found
MDLZ,2022-10-31,Fund Whitestone,Equities,60.47,0.0,60.470001220703125,No Reference Price Found
MDLZ,2022-08-31,Fund Whitestone,Equities,60.44,0.0,60.439998626708984,No Reference Price Found
CMS,2023-03-31,Wallington,Equities,60.4,0.0,60.400001525878906,No Reference Price Found
CTSH,2023-03-31,Belaware,Equities,60.39,0.0,60.38999938964844,No Reference Price Found
MAS,2023-07-31,Wallington,Equities,60.39,0.0,60.38999938964844,No Reference Price Found
KO,2023-01-31,Wallington,Equities,60.39,0.0,60.38999938964844,No Reference Price Found
FIS,2023-07-31,Virtous,Equities,60.38,0.0,60.380001068115234,No Reference Price Found
WYNN,2022-08-31,Applebead,Equities,60.29,0.0,60.290000915527344,No Reference Price Found
BMY,2023-08-31,Virtous,Equities,60.24,0.0,60.2400016784668,No Reference Price Found
KO,2023-06-30,Wallington,Equities,60.22,0.0,60.220001220703125,No Reference Price Found
PEG,2023-08-31,Belaware,Equities,60.21,0.0,60.209999084472656,No Reference Price Found
EQR,2023-05-31,Belaware,Equities,60.17,0.0,60.16999816894531,No Reference Price Found
TRMB,2022-10-31,Leeder,Equities,60.16,0.0,60.15999984741211,No Reference Price Found
PEG,2022-12-31,Belaware,Equities,60.13,0.0,60.130001068115234,No Reference Price Found
ORCL,2022-09-30,rpt-Catalysm,Equities,60.07,0.0,60.06999969482422,No Reference Price Found
AMD,2022-10-31,Fund Whitestone,Equities,60.06,0.0,60.060001373291016,No Reference Price Found
O,2022-10-31,Virtous,Equities,60.04,0.0,60.040000915527344,No Reference Price Found
NTAP,2022-09-30,Magnum,Equities,60.02,0.0,60.02000045776367,No Reference Price Found
RCL,2022-11-30,Fund Whitestone,Equities,59.93,0.0,59.93000030517578,No Reference Price Found
KO,2022-08-31,Wallington,Equities,59.91,0.0,59.90999984741211,No Reference Price Found
ACGL,2022-11-30,Applebead,Equities,59.91,0.0,59.90999984741211,No Reference Price Found
MCHP,2022-09-30,Virtous,Equities,59.9,0.0,59.900001525878906,No Reference Price Found
EVRG,2023-03-31,Fund Whitestone,Equities,59.84,0.0,59.84000015258789,No Reference Price Found
TRMB,2022-11-30,Leeder,Equities,59.75,0.0,59.75,No Reference Price Found
AOS,2022-11-30,Belaware,Equities,59.67,0.0,59.66999816894531,No Reference Price Found
CDAY,2022-08-31,Wallington,Equities,59.64,0.0,59.63999938964844,No Reference Price Found
CMS,2022-11-30,Wallington,Equities,59.61,0.0,59.61000061035156,No Reference Price Found
LVS,2023-07-31,Report-of-Gohen,Equities,59.6,0.0,59.599998474121094,No Reference Price Found
WRB,2023-06-30,Wallington,Equities,59.56,0.0,59.560001373291016,No Reference Price Found
CARR,2023-07-31,Belaware,Equities,59.55,0.0,59.54999923706055,No Reference Price Found
O,2023-06-30,Virtous,Equities,59.54,0.0,59.540000915527344,No Reference Price Found
MAS,2023-08-31,Wallington,Equities,59.53,0.0,59.529998779296875,No Reference Price Found
FTNT,2023-02-28,Magnum,Equities,59.44,0.0,59.439998626708984,No Reference Price Found
STX,2023-05-31,Report-of-Gohen,Equities,59.43,0.0,59.43000030517578,No Reference Price Found
EQR,2023-03-31,Belaware,Equities,59.38,0.0,59.380001068115234,No Reference Price Found
EVRG,2023-07-31,Fund Whitestone,Equities,59.32,0.0,59.31999969482422,No Reference Price Found
STT,2022-09-30,Applebead,Equities,59.3,0.0,59.29999923706055,No Reference Price Found
PEG,2023-02-28,Belaware,Equities,59.3,0.0,59.29999923706055,No Reference Price Found
PEG,2023-05-31,Belaware,Equities,59.21,0.0,59.209999084472656,No Reference Price Found
KO,2023-05-31,Wallington,Equities,59.21,0.0,59.209999084472656,No Reference Price Found
CTSH,2023-04-30,Belaware,Equities,59.18,0.0,59.18000030517578,No Reference Price Found
TAP,2023-04-30,TT_monthly_Trustmind,Equities,59.09,0.0,59.09000015258789,No Reference Price Found
LNT,2022-08-31,Fund Whitestone,Equities,59.03,0.0,59.029998779296875,No Reference Price Found
O,2023-05-31,Virtous,Equities,58.94,0.0,58.939998626708984,No Reference Price Found
PEG,2022-11-30,Belaware,Equities,58.89,0.0,58.88999938964844,No Reference Price Found
WRB,2023-04-30,Wallington,Equities,58.81,0.0,58.810001373291016,No Reference Price Found
OXY,2023-06-30,Fund Whitestone,Equities,58.8,0.0,58.79999923706055,No Reference Price Found
LVS,2023-01-31,Report-of-Gohen,Equities,58.8,0.0,58.79999923706055,No Reference Price Found
TSN,2023-03-31,Leeder,Equities,58.78,0.0,58.779998779296875,No Reference Price Found
NTAP,2022-12-31,Magnum,Equities,58.72,0.0,58.720001220703125,No Reference Price Found
TSN,2023-02-28,Leeder,Equities,58.7,0.0,58.70000076293945,No Reference Price Found
BALL,2023-07-31,Virtous,Equities,58.69,0.0,58.689998626708984,No Reference Price Found
FAST,2023-06-30,Fund Whitestone,Equities,58.64,0.0,58.63999938964844,No Reference Price Found
EVRG,2022-10-31,Fund Whitestone,Equities,58.62,0.0,58.619998931884766,No Reference Price Found
MNST,2023-05-31,rpt-Catalysm,Equities,58.62,0.0,58.619998931884766,No Reference Price Found
REG,2022-10-31,Report-of-Gohen,Equities,58.62,0.0,58.619998931884766,No Reference Price Found
KO,2023-02-28,Wallington,Equities,58.61,0.0,58.61000061035156,No Reference Price Found
FAST,2023-07-31,Fund Whitestone,Equities,58.61,0.0,58.61000061035156,No Reference Price Found
KO,2022-10-31,Wallington,Equities,58.53,0.0,58.529998779296875,No Reference Price Found
SLB,2023-07-31,Applebead,Equities,58.34,0.0,58.34000015258789,No Reference Price Found
REG,2022-08-31,Report-of-Gohen,Equities,58.32,0.0,58.31999969482422,No Reference Price Found
CMS,2023-06-30,Wallington,Equities,58.27,0.0,58.27000045776367,No Reference Price Found
OXY,2023-02-28,Fund Whitestone,Equities,58.22,0.0,58.220001220703125,No Reference Price Found
BALL,2023-06-30,Virtous,Equities,58.21,0.0,58.209999084472656,No Reference Price Found
FIS,2023-04-30,Virtous,Equities,58.17,0.0,58.16999816894531,No Reference Price Found
PHM,2023-03-31,Fund Whitestone,Equities,58.15,0.0,58.150001525878906,No Reference Price Found
IR,2023-03-31,Leeder,Equities,58.14,0.0,58.13999938964844,No Reference Price Found
STX,2023-04-30,Report-of-Gohen,Equities,58.11,0.0,58.11000061035156,No Reference Price Found
FTV,2022-09-30,Leeder,Equities,58.11,0.0,58.11000061035156,No Reference Price Found
EIX,2022-10-31,Leeder,Equities,58.11,0.0,58.11000061035156,No Reference Price Found
TRMB,2023-01-31,Leeder,Equities,58.06,0.0,58.060001373291016,No Reference Price Found
CMS,2023-02-28,Wallington,Equities,58.03,0.0,58.029998779296875,No Reference Price Found
IR,2023-02-28,Leeder,Equities,58.03,0.0,58.029998779296875,No Reference Price Found
PNR,2023-04-30,Applebead,Equities,57.89,0.0,57.88999938964844,No Reference Price Found
BALL,2023-01-31,Virtous,Equities,57.81,0.0,57.810001373291016,No Reference Price Found
DOW,2023-01-31,Magnum,Equities,57.8,0.0,57.79999923706055,No Reference Price Found
LVS,2023-06-30,Report-of-Gohen,Equities,57.8,0.0,57.79999923706055,No Reference Price Found
EVRG,2023-06-30,Fund Whitestone,Equities,57.79,0.0,57.790000915527344,No Reference Price Found
EQR,2022-12-31,Belaware,Equities,57.69,0.0,57.689998626708984,No Reference Price Found
BXP,2023-06-30,Virtous,Equities,57.59,0.0,57.59000015258789,No Reference Price Found
CMS,2023-05-31,Wallington,Equities,57.51,0.0,57.5099983215332,No Reference Price Found
ACGL,2022-10-31,Applebead,Equities,57.5,0.0,57.5,No Reference Price Found
OXY,2023-05-31,Fund Whitestone,Equities,57.49,0.0,57.4900016784668,No Reference Price Found
MNST,2023-07-31,rpt-Catalysm,Equities,57.49,0.0,57.4900016784668,No Reference Price Found
MNST,2023-06-30,rpt-Catalysm,Equities,57.44,0.0,57.439998626708984,No Reference Price Found
EVRG,2022-11-30,Fund Whitestone,Equities,57.37,0.0,57.369998931884766,No Reference Price Found
XEL,2023-08-31,Leeder,Equities,57.36,0.0,57.36000061035156,No Reference Price Found
FAST,2023-08-31,Fund Whitestone,Equities,57.29,0.0,57.290000915527344,No Reference Price Found
LVS,2023-02-28,Report-of-Gohen,Equities,57.27,0.0,57.27000045776367,No Reference Price Found
LVS,2023-03-31,Report-of-Gohen,Equities,57.25,0.0,57.25,No Reference Price Found
EVRG,2023-05-31,Fund Whitestone,Equities,57.23,0.0,57.22999954223633,No Reference Price Found
FTNT,2022-10-31,Magnum,Equities,57.16,0.0,57.15999984741211,No Reference Price Found
CMS,2023-08-31,Wallington,Equities,57.12,0.0,57.119998931884766,No Reference Price Found
MAS,2023-06-30,Wallington,Equities,57.1,0.0,57.099998474121094,No Reference Price Found
IR,2023-04-30,Leeder,Equities,56.98,0.0,56.97999954223633,No Reference Price Found
EVRG,2023-02-28,Fund Whitestone,Equities,56.98,0.0,56.97999954223633,No Reference Price Found
EVRG,2022-09-30,Fund Whitestone,Equities,56.96,0.0,56.959999084472656,No Reference Price Found
IR,2023-05-31,Leeder,Equities,56.64,0.0,56.63999938964844,No Reference Price Found
PHM,2023-01-31,Fund Whitestone,Equities,56.6,0.0,56.599998474121094,No Reference Price Found
DOW,2023-07-31,Magnum,Equities,56.47,0.0,56.470001220703125,No Reference Price Found
CTSH,2022-12-31,Belaware,Equities,56.44,0.0,56.439998626708984,No Reference Price Found
CTSH,2022-09-30,Belaware,Equities,56.43,0.0,56.43000030517578,No Reference Price Found
SLB,2023-01-31,Applebead,Equities,56.4,0.0,56.400001525878906,No Reference Price Found
DOW,2023-02-28,Magnum,Equities,56.39,0.0,56.38999938964844,No Reference Price Found
EVRG,2023-08-31,Fund Whitestone,Equities,56.39,0.0,56.38999938964844,No Reference Price Found
CMS,2022-09-30,Wallington,Equities,56.39,0.0,56.38999938964844,No Reference Price Found
AOS,2022-12-31,Belaware,Equities,56.23,0.0,56.22999954223633,No Reference Price Found
O,2023-08-31,Virtous,Equities,56.15,0.0,56.150001525878906,No Reference Price Found
DD,2022-10-31,Fund Whitestone,Equities,56.09,0.0,56.09000015258789,No Reference Price Found
CSCO,2023-08-31,Applebead,Equities,56.07,0.0,56.06999969482422,No Reference Price Found
MNST,2023-04-30,rpt-Catalysm,Equities,56.0,0.0,56.0,No Reference Price Found
BALL,2023-02-28,Virtous,Equities,55.99,0.0,55.9900016784668,No Reference Price Found
PCAR,2022-08-31,Leeder,Equities,55.98,0.0,55.97999954223633,No Reference Price Found
IR,2023-01-31,Leeder,Equities,55.95,0.0,55.95000076293945,No Reference Price Found
O,2022-09-30,Virtous,Equities,55.89,0.0,55.88999938964844,No Reference Price Found
CDAY,2022-09-30,Wallington,Equities,55.88,0.0,55.880001068115234,No Reference Price Found
SLB,2023-08-31,Applebead,Equities,55.72,0.0,55.720001220703125,No Reference Price Found
TSN,2023-07-31,Leeder,Equities,55.72,0.0,55.720001220703125,No Reference Price Found
REG,2023-05-31,Report-of-Gohen,Equities,55.67,0.0,55.66999816894531,No Reference Price Found
BALL,2022-11-30,Virtous,Equities,55.67,0.0,55.66999816894531,No Reference Price Found
WRB,2023-05-31,Wallington,Equities,55.58,0.0,55.58000183105469,No Reference Price Found
CPB,2022-12-31,Applebead,Equities,55.55,0.0,55.54999923706055,No Reference Price Found
PNR,2023-02-28,Applebead,Equities,55.52,0.0,55.52000045776367,No Reference Price Found
FTNT,2023-08-31,Magnum,Equities,55.31,0.0,55.310001373291016,No Reference Price Found
PNR,2023-05-31,Applebead,Equities,55.29,0.0,55.290000915527344,No Reference Price Found
CMS,2022-10-31,Wallington,Equities,55.24,0.0,55.2400016784668,No Reference Price Found
BALL,2022-08-31,Virtous,Equities,55.19,0.0,55.189998626708984,No Reference Price Found
TSN,2023-08-31,Leeder,Equities,55.19,0.0,55.189998626708984,No Reference Price Found
AOS,2022-08-31,Belaware,Equities,55.14,0.0,55.13999938964844,No Reference Price Found
FIS,2023-08-31,Virtous,Equities,55.14,0.0,55.13999938964844,No Reference Price Found
PNR,2023-01-31,Applebead,Equities,54.97,0.0,54.970001220703125,No Reference Price Found
LVS,2023-05-31,Report-of-Gohen,Equities,54.94,0.0,54.939998626708984,No Reference Price Found
LNT,2022-11-30,Fund Whitestone,Equities,54.91,0.0,54.90999984741211,No Reference Price Found
BALL,2023-03-31,Virtous,Equities,54.9,0.0,54.900001525878906,No Reference Price Found
UAL,2023-06-30,TT_monthly_Trustmind,Equities,54.87,0.0,54.869998931884766,No Reference Price Found
PNR,2023-03-31,Applebead,Equities,54.86,0.0,54.86000061035156,No Reference Price Found
KO,2022-09-30,Wallington,Equities,54.78,0.0,54.779998779296875,No Reference Price Found
EIX,2022-09-30,Belaware,Equities,54.76,0.0,54.7599983215332,No Reference Price Found
FIS,2023-06-30,Virtous,Equities,54.7,0.0,54.70000076293945,No Reference Price Found
LNT,2023-04-30,Fund Whitestone,Equities,54.68,0.0,54.68000030517578,No Reference Price Found
PEG,2022-09-30,Belaware,Equities,54.68,0.0,54.68000030517578,No Reference Price Found
DD,2022-08-31,Fund Whitestone,Equities,54.56,0.0,54.560001373291016,No Reference Price Found
PEG,2022-10-31,Belaware,Equities,54.53,0.0,54.529998779296875,No Reference Price Found
PHM,2023-02-28,Fund Whitestone,Equities,54.4,0.0,54.400001525878906,No Reference Price Found
UAL,2023-07-31,TT_monthly_Trustmind,Equities,54.31,0.0,54.310001373291016,No Reference Price Found
TRMB,2022-09-30,Leeder,Equities,54.27,0.0,54.27000045776367,No Reference Price Found
SEE,2023-01-31,Wallington,Equities,54.26,0.0,54.2599983215332,No Reference Price Found
CPB,2023-03-31,Applebead,Equities,54.18,0.0,54.18000030517578,No Reference Price Found
BALL,2023-08-31,Virtous,Equities,54.18,0.0,54.18000030517578,No Reference Price Found
LVS,2023-08-31,Report-of-Gohen,Equities,54.13,0.0,54.130001068115234,No Reference Price Found
BSX,2023-06-30,Fund Whitestone,Equities,54.09,0.0,54.09000015258789,No Reference Price Found
FIS,2023-05-31,Virtous,Equities,54.05,0.0,54.04999923706055,No Reference Price Found
DOW,2023-03-31,Magnum,Equities,54.04,0.0,54.040000915527344,No Reference Price Found
MNST,2023-03-31,rpt-Catalysm,Equities,54.01,0.0,54.0099983215332,No Reference Price Found
CMA,2023-07-31,Fund Whitestone,Equities,53.96,0.0,53.959999084472656,No Reference Price Found
TAP,2022-11-30,Virtous,Equities,53.95,0.0,53.95000076293945,No Reference Price Found
MDLZ,2022-09-30,Fund Whitestone,Equities,53.93,0.0,53.93000030517578,No Reference Price Found
IR,2022-11-30,Leeder,Equities,53.92,0.0,53.91999816894531,No Reference Price Found
CPB,2023-04-30,Applebead,Equities,53.87,0.0,53.869998931884766,No Reference Price Found
LNT,2022-12-31,Fund Whitestone,Equities,53.85,0.0,53.849998474121094,No Reference Price Found
FIS,2023-03-31,Virtous,Equities,53.82,0.0,53.81999969482422,No Reference Price Found
AOS,2022-10-31,Belaware,Equities,53.82,0.0,53.81999969482422,No Reference Price Found
TRMB,2023-07-31,Leeder,Equities,53.8,0.0,53.79999923706055,No Reference Price Found
LNT,2023-07-31,Fund Whitestone,Equities,53.74,0.0,53.7400016784668,No Reference Price Found
DOW,2023-04-30,Magnum,Equities,53.63,0.0,53.630001068115234,No Reference Price Found
PCAR,2022-09-30,Leeder,Equities,53.54,0.0,53.540000915527344,No Reference Price Found
FAST,2023-05-31,Fund Whitestone,Equities,53.53,0.0,53.529998779296875,No Reference Price Found
FAST,2023-04-30,Fund Whitestone,Equities,53.52,0.0,53.52000045776367,No Reference Price Found
RCL,2022-10-31,Fund Whitestone,Equities,53.38,0.0,53.380001068115234,No Reference Price Found
FAST,2023-03-31,Fund Whitestone,Equities,53.27,0.0,53.27000045776367,No Reference Price Found
DOW,2023-06-30,Magnum,Equities,53.26,0.0,53.2599983215332,No Reference Price Found
DOW,2023-08-31,Magnum,Equities,53.23,0.0,53.22999954223633,No Reference Price Found
BXP,2023-03-31,Virtous,Equities,53.19,0.0,53.189998626708984,No Reference Price Found
ALK,2023-06-30,Belaware,Equities,53.18,0.0,53.18000030517578,No Reference Price Found
FTNT,2022-11-30,Magnum,Equities,53.16,0.0,53.15999984741211,No Reference Price Found
LNT,2023-01-31,Fund Whitestone,Equities,53.14,0.0,53.13999938964844,No Reference Price Found
BALL,2023-04-30,Virtous,Equities,52.98,0.0,52.97999954223633,No Reference Price Found
MAS,2023-04-30,Wallington,Equities,52.95,0.0,52.95000076293945,No Reference Price Found
TRMB,2023-06-30,Leeder,Equities,52.94,0.0,52.939998626708984,No Reference Price Found
SLB,2023-02-28,Applebead,Equities,52.92,0.0,52.91999816894531,No Reference Price Found
SLB,2022-12-31,Applebead,Equities,52.92,0.0,52.91999816894531,No Reference Price Found
SEE,2022-08-31,Wallington,Equities,52.92,0.0,52.91999816894531,No Reference Price Found
MOS,2022-08-31,rpt-Catalysm,Equities,52.91,0.0,52.90999984741211,No Reference Price Found
MOS,2022-10-31,rpt-Catalysm,Equities,52.79,0.0,52.790000915527344,No Reference Price Found
SEE,2022-11-30,Wallington,Equities,52.55,0.0,52.54999923706055,No Reference Price Found
CPB,2022-11-30,Applebead,Equities,52.54,0.0,52.540000915527344,No Reference Price Found
LNT,2023-03-31,Fund Whitestone,Equities,52.52,0.0,52.52000045776367,No Reference Price Found
BXP,2023-04-30,Virtous,Equities,52.44,0.0,52.439998626708984,No Reference Price Found
BSX,2023-08-31,Fund Whitestone,Equities,52.44,0.0,52.439998626708984,No Reference Price Found
TAP,2023-02-28,TT_monthly_Trustmind,Equities,52.43,0.0,52.43000030517578,No Reference Price Found
TRMB,2023-03-31,Leeder,Equities,52.42,0.0,52.41999816894531,No Reference Price Found
MOS,2023-02-28,rpt-Catalysm,Equities,52.4,0.0,52.400001525878906,No Reference Price Found
MAS,2023-01-31,Wallington,Equities,52.36,0.0,52.36000061035156,No Reference Price Found
FTNT,2023-01-31,Magnum,Equities,52.34,0.0,52.34000015258789,No Reference Price Found
IR,2022-12-31,Leeder,Equities,52.2,0.0,52.20000076293945,No Reference Price Found
REG,2022-09-30,Report-of-Gohen,Equities,52.16,0.0,52.15999984741211,No Reference Price Found
BSX,2023-04-30,Fund Whitestone,Equities,52.12,0.0,52.119998931884766,No Reference Price Found
TRMB,2023-02-28,Leeder,Equities,52.06,0.0,52.060001373291016,No Reference Price Found
CSCO,2023-07-31,Applebead,Equities,52.04,0.0,52.040000915527344,No Reference Price Found
MNST,2023-01-31,rpt-Catalysm,Equities,52.04,0.0,52.040000915527344,No Reference Price Found
LNT,2023-06-30,Fund Whitestone,Equities,52.04,0.0,52.040000915527344,No Reference Price Found
UAL,2023-02-28,TT_monthly_Trustmind,Equities,51.96,0.0,51.959999084472656,No Reference Price Found
NEM,2023-01-31,Fund Whitestone,Equities,51.91,0.0,51.90999984741211,No Reference Price Found
MAS,2023-02-28,Wallington,Equities,51.88,0.0,51.880001068115234,No Reference Price Found
BSX,2023-07-31,Fund Whitestone,Equities,51.85,0.0,51.849998474121094,No Reference Price Found
TAP,2023-01-31,TT_monthly_Trustmind,Equities,51.83,0.0,51.83000183105469,No Reference Price Found
CPB,2022-10-31,Applebead,Equities,51.79,0.0,51.790000915527344,No Reference Price Found
CPB,2023-02-28,Applebead,Equities,51.75,0.0,51.75,No Reference Price Found
TRMB,2023-08-31,Leeder,Equities,51.55,0.0,51.54999923706055,No Reference Price Found
CSCO,2023-03-31,Applebead,Equities,51.49,0.0,51.4900016784668,No Reference Price Found
BSX,2023-05-31,Fund Whitestone,Equities,51.48,0.0,51.47999954223633,No Reference Price Found
MNST,2022-11-30,rpt-Catalysm,Equities,51.43,0.0,51.43000030517578,No Reference Price Found
STX,2022-12-31,Report-of-Gohen,Equities,51.43,0.0,51.43000030517578,No Reference Price Found
CSCO,2023-06-30,Applebead,Equities,51.35,0.0,51.349998474121094,No Reference Price Found
ALK,2023-01-31,Belaware,Equities,51.34,0.0,51.34000015258789,No Reference Price Found
TAP,2023-03-31,TT_monthly_Trustmind,Equities,51.34,0.0,51.34000015258789,No Reference Price Found
STX,2022-09-30,Report-of-Gohen,Equities,51.33,0.0,51.33000183105469,No Reference Price Found
SLB,2022-10-31,Applebead,Equities,51.33,0.0,51.33000183105469,No Reference Price Found
LNT,2022-09-30,Fund Whitestone,Equities,51.25,0.0,51.25,No Reference Price Found
LNT,2023-08-31,Fund Whitestone,Equities,51.2,0.0,51.20000076293945,No Reference Price Found
CPB,2023-01-31,Applebead,Equities,51.17,0.0,51.16999816894531,No Reference Price Found
BALL,2023-05-31,Virtous,Equities,51.16,0.0,51.15999984741211,No Reference Price Found
HWM,2023-07-31,Wallington,Equities,51.1,0.0,51.099998474121094,No Reference Price Found
STX,2022-11-30,Report-of-Gohen,Equities,51.08,0.0,51.08000183105469,No Reference Price Found
LNC,2022-10-31,Leeder,Equities,51.06,0.0,51.060001373291016,No Reference Price Found
TSN,2023-06-30,Leeder,Equities,51.04,0.0,51.040000915527344,No Reference Price Found
LNT,2023-05-31,Fund Whitestone,Equities,51.03,0.0,51.029998779296875,No Reference Price Found
FAST,2023-02-28,Fund Whitestone,Equities,50.92,0.0,50.91999816894531,No Reference Price Found
LNT,2022-10-31,Fund Whitestone,Equities,50.88,0.0,50.880001068115234,No Reference Price Found
MNST,2023-02-28,rpt-Catalysm,Equities,50.88,0.0,50.880001068115234,No Reference Price Found
SLB,2022-11-30,Applebead,Equities,50.86,0.0,50.86000061035156,No Reference Price Found
TAP,2022-12-31,TT_monthly_Trustmind,Equities,50.78,0.0,50.779998779296875,No Reference Price Found
MGM,2023-07-31,Leeder,Equities,50.77,0.0,50.77000045776367,No Reference Price Found
MNST,2022-12-31,rpt-Catalysm,Equities,50.76,0.0,50.7599983215332,No Reference Price Found
BALL,2022-12-31,Virtous,Equities,50.76,0.0,50.7599983215332,No Reference Price Found
TSN,2023-05-31,Leeder,Equities,50.64,0.0,50.63999938964844,No Reference Price Found
TRMB,2022-12-31,Leeder,Equities,50.56,0.0,50.560001373291016,No Reference Price Found
C,2023-01-31,Leeder,Equities,50.56,0.0,50.560001373291016,No Reference Price Found
MOS,2022-11-30,rpt-Catalysm,Equities,50.53,0.0,50.529998779296875,No Reference Price Found
FAST,2022-11-30,Fund Whitestone,Equities,50.52,0.0,50.52000045776367,No Reference Price Found
IR,2022-10-31,Leeder,Equities,50.43,0.0,50.43000030517578,No Reference Price Found
LNT,2023-02-28,Fund Whitestone,Equities,50.42,0.0,50.41999816894531,No Reference Price Found
TAP,2022-08-31,TT_monthly_Trustmind,Equities,50.21,0.0,50.209999084472656,No Reference Price Found
CMCSA,2023-08-31,Belaware,Equities,50.17,0.0,50.16999816894531,No Reference Price Found
CPB,2023-05-31,Applebead,Equities,50.15,0.0,50.150001525878906,No Reference Price Found
CARR,2023-08-31,Belaware,Equities,50.09,0.0,50.09000015258789,No Reference Price Found
BSX,2023-03-31,Fund Whitestone,Equities,50.03,0.0,50.029998779296875,No Reference Price Found
MAS,2022-11-30,Wallington,Equities,49.98,0.0,49.97999954223633,No Reference Price Found
BK,2023-02-28,Applebead,Equities,49.97,0.0,49.970001220703125,No Reference Price Found
MAS,2022-08-31,Wallington,Equities,49.76,0.0,49.7599983215332,No Reference Price Found
HWM,2023-08-31,Wallington,Equities,49.72,0.0,49.720001220703125,No Reference Price Found
CARR,2023-06-30,Belaware,Equities,49.71,0.0,49.709999084472656,No Reference Price Found
PFE,2022-12-31,Magnum,Equities,49.68,0.0,49.68000030517578,No Reference Price Found
BK,2023-01-31,Applebead,Equities,49.66,0.0,49.65999984741211,No Reference Price Found
DOW,2022-11-30,Magnum,Equities,49.64,0.0,49.63999938964844,No Reference Price Found
FAST,2023-01-31,Fund Whitestone,Equities,49.57,0.0,49.56999969482422,No Reference Price Found
C,2023-02-28,Leeder,Equities,49.57,0.0,49.56999969482422,No Reference Price Found
HWM,2023-06-30,Wallington,Equities,49.52,0.0,49.52000045776367,No Reference Price Found
RCL,2022-12-31,Fund Whitestone,Equities,49.43,0.0,49.43000030517578,No Reference Price Found
SEE,2022-12-31,Wallington,Equities,49.42,0.0,49.41999816894531,No Reference Price Found
DD,2022-09-30,Fund Whitestone,Equities,49.42,0.0,49.41999816894531,No Reference Price Found
TAP,2022-10-31,TT_monthly_Trustmind,Equities,49.37,0.0,49.369998931884766,No Reference Price Found
CSCO,2023-05-31,Applebead,Equities,49.3,0.0,49.29999923706055,No Reference Price Found
MAS,2023-03-31,Wallington,Equities,49.2,0.0,49.20000076293945,No Reference Price Found
FTNT,2022-09-30,Magnum,Equities,49.13,0.0,49.130001068115234,No Reference Price Found
SLB,2023-06-30,Applebead,Equities,49.12,0.0,49.119998931884766,No Reference Price Found
SLB,2023-04-30,Applebead,Equities,49.08,0.0,49.08000183105469,No Reference Price Found
DOW,2022-12-31,Magnum,Equities,49.08,0.0,49.08000183105469,No Reference Price Found
FAST,2022-08-31,Fund Whitestone,Equities,49.03,0.0,49.029998779296875,No Reference Price Found
HRL,2022-08-31,Report-of-Gohen,Equities,49.02,0.0,49.02000045776367,No Reference Price Found
DOW,2022-08-31,Magnum,Equities,48.98,0.0,48.97999954223633,No Reference Price Found
UAL,2023-01-31,TT_monthly_Trustmind,Equities,48.96,0.0,48.959999084472656,No Reference Price Found
EBAY,2023-01-31,Applebead,Equities,48.94,0.0,48.939998626708984,No Reference Price Found
CPB,2022-08-31,Applebead,Equities,48.94,0.0,48.939998626708984,No Reference Price Found
UAL,2023-08-31,TT_monthly_Trustmind,Equities,48.9,0.0,48.900001525878906,No Reference Price Found
FTNT,2022-12-31,Magnum,Equities,48.89,0.0,48.88999938964844,No Reference Price Found
BALL,2022-10-31,Virtous,Equities,48.85,0.0,48.849998474121094,No Reference Price Found
SLB,2023-03-31,Applebead,Equities,48.83,0.0,48.83000183105469,No Reference Price Found
KR,2023-03-31,Leeder,Equities,48.82,0.0,48.81999969482422,No Reference Price Found
MOS,2023-01-31,rpt-Catalysm,Equities,48.8,0.0,48.79999923706055,No Reference Price Found
DOW,2023-05-31,Magnum,Equities,48.78,0.0,48.779998779296875,No Reference Price Found
FTNT,2022-08-31,Magnum,Equities,48.69,0.0,48.689998626708984,No Reference Price Found
ALK,2023-07-31,Belaware,Equities,48.63,0.0,48.630001068115234,No Reference Price Found
PFE,2022-11-30,Magnum,Equities,48.6,0.0,48.599998474121094,No Reference Price Found
CSCO,2022-11-30,Applebead,Equities,48.59,0.0,48.59000015258789,No Reference Price Found
NEM,2023-03-31,Fund Whitestone,Equities,48.53,0.0,48.529998779296875,No Reference Price Found
USB,2023-01-31,rpt-Catalysm,Equities,48.41,0.0,48.40999984741211,No Reference Price Found
KR,2022-11-30,Leeder,Equities,48.36,0.0,48.36000061035156,No Reference Price Found
KR,2023-07-31,rpt-Catalysm,Equities,48.35,0.0,48.349998474121094,No Reference Price Found
SEE,2023-02-28,Wallington,Equities,48.18,0.0,48.18000030517578,No Reference Price Found
KR,2023-04-30,Leeder,Equities,48.09,0.0,48.09000015258789,No Reference Price Found
MAS,2023-05-31,Wallington,Equities,48.09,0.0,48.09000015258789,No Reference Price Found
CSCO,2023-01-31,Applebead,Equities,47.94,0.0,47.939998626708984,No Reference Price Found
LVS,2022-12-31,Report-of-Gohen,Equities,47.9,0.0,47.900001525878906,No Reference Price Found
STX,2022-10-31,Report-of-Gohen,Equities,47.88,0.0,47.880001068115234,No Reference Price Found
KR,2023-08-31,Leeder,Equities,47.86,0.0,47.86000061035156,No Reference Price Found
ALK,2023-02-28,Belaware,Equities,47.83,0.0,47.83000183105469,No Reference Price Found
BXP,2023-05-31,Virtous,Equities,47.83,0.0,47.83000183105469,No Reference Price Found
BALL,2022-09-30,Virtous,Equities,47.79,0.0,47.790000915527344,No Reference Price Found
SEE,2023-04-30,Wallington,Equities,47.75,0.0,47.75,No Reference Price Found
CSCO,2023-02-28,Applebead,Equities,47.7,0.0,47.70000076293945,No Reference Price Found
MOS,2022-09-30,rpt-Catalysm,Equities,47.47,0.0,47.470001220703125,No Reference Price Found
UAL,2023-05-31,TT_monthly_Trustmind,Equities,47.47,0.0,47.470001220703125,No Reference Price Found
AOS,2022-09-30,Belaware,Equities,47.45,0.0,47.45000076293945,No Reference Price Found
ALK,2022-11-30,Belaware,Equities,47.44,0.0,47.439998626708984,No Reference Price Found
DAL,2023-06-30,Applebead,Equities,47.44,0.0,47.439998626708984,No Reference Price Found
FAST,2022-10-31,Fund Whitestone,Equities,47.4,0.0,47.400001525878906,No Reference Price Found
IR,2022-08-31,Leeder,Equities,47.31,0.0,47.310001373291016,No Reference Price Found
TFC,2023-01-31,Applebead,Equities,47.17,0.0,47.16999816894531,No Reference Price Found
C,2023-07-31,Leeder,Equities,47.11,0.0,47.11000061035156,No Reference Price Found
TRMB,2023-04-30,Leeder,Equities,47.1,0.0,47.099998474121094,No Reference Price Found
EQT,2022-08-31,Leeder,Equities,47.02,0.0,47.02000045776367,No Reference Price Found
SEE,2022-10-31,Wallington,Equities,47.01,0.0,47.0099983215332,No Reference Price Found
TAP,2022-09-30,TT_monthly_Trustmind,Equities,46.98,0.0,46.97999954223633,No Reference Price Found
NEM,2023-04-30,Fund Whitestone,Equities,46.93,0.0,46.93000030517578,No Reference Price Found
WFC,2022-11-30,Belaware,Equities,46.91,0.0,46.90999984741211,No Reference Price Found
CSCO,2023-04-30,Applebead,Equities,46.89,0.0,46.88999938964844,No Reference Price Found
C,2022-11-30,Leeder,Equities,46.87,0.0,46.869998931884766,No Reference Price Found
KR,2022-08-31,Leeder,Equities,46.87,0.0,46.869998931884766,No Reference Price Found
MNST,2022-10-31,rpt-Catalysm,Equities,46.86,0.0,46.86000061035156,No Reference Price Found
KR,2023-06-30,Leeder,Equities,46.72,0.0,46.720001220703125,No Reference Price Found
C,2022-08-31,Leeder,Equities,46.72,0.0,46.720001220703125,No Reference Price Found
BSX,2023-02-28,Fund Whitestone,Equities,46.72,0.0,46.720001220703125,No Reference Price Found
LVS,2022-11-30,Report-of-Gohen,Equities,46.68,0.0,46.68000030517578,No Reference Price Found
TRMB,2023-05-31,Leeder,Equities,46.67,0.0,46.66999816894531,No Reference Price Found
CSCO,2022-12-31,Applebead,Equities,46.56,0.0,46.560001373291016,No Reference Price Found
C,2023-04-30,Leeder,Equities,46.53,0.0,46.529998779296875,No Reference Price Found
MO,2023-04-30,Magnum,Equities,46.53,0.0,46.529998779296875,No Reference Price Found
FAST,2022-12-31,Fund Whitestone,Equities,46.41,0.0,46.40999984741211,No Reference Price Found
USB,2023-02-28,rpt-Catalysm,Equities,46.4,0.0,46.400001525878906,No Reference Price Found
NEM,2022-12-31,Fund Whitestone,Equities,46.29,0.0,46.290000915527344,No Reference Price Found
BSX,2022-12-31,Fund Whitestone,Equities,46.27,0.0,46.27000045776367,No Reference Price Found
DAL,2023-07-31,rpt-Catalysm,Equities,46.26,0.0,46.2599983215332,No Reference Price Found
BSX,2023-01-31,Fund Whitestone,Equities,46.25,0.0,46.25,No Reference Price Found
KR,2022-10-31,Leeder,Equities,46.24,0.0,46.2400016784668,No Reference Price Found
EBAY,2023-08-31,Applebead,Equities,46.17,0.0,46.16999816894531,No Reference Price Found
EBAY,2023-04-30,Applebead,Equities,46.16,0.0,46.15999984741211,No Reference Price Found
HRL,2022-11-30,Report-of-Gohen,Equities,46.08,0.0,46.08000183105469,No Reference Price Found
WFC,2023-02-28,Belaware,Equities,46.05,0.0,46.04999923706055,No Reference Price Found
NEM,2022-11-30,Fund Whitestone,Equities,46.01,0.0,46.0099983215332,No Reference Price Found
MAS,2022-12-31,Wallington,Equities,45.93,0.0,45.93000030517578,No Reference Price Found
C,2023-03-31,Leeder,Equities,45.85,0.0,45.849998474121094,No Reference Price Found
WFC,2023-01-31,Belaware,Equities,45.85,0.0,45.849998474121094,No Reference Price Found
CPB,2023-07-31,Applebead,Equities,45.82,0.0,45.81999969482422,No Reference Price Found
WFC,2023-07-31,Belaware,Equities,45.8,0.0,45.79999923706055,No Reference Price Found
CPB,2022-09-30,Applebead,Equities,45.77,0.0,45.77000045776367,No Reference Price Found
ACGL,2022-08-31,Applebead,Equities,45.72,0.0,45.720001220703125,No Reference Price Found
SEE,2023-03-31,Wallington,Equities,45.68,0.0,45.68000030517578,No Reference Price Found
MAS,2022-09-30,Wallington,Equities,45.67,0.0,45.66999816894531,No Reference Price Found
SEE,2023-07-31,Wallington,Equities,45.62,0.0,45.619998931884766,No Reference Price Found
MOS,2023-03-31,rpt-Catalysm,Equities,45.6,0.0,45.599998474121094,No Reference Price Found
CPRT,2023-06-30,Applebead,Equities,45.6,0.0,45.599998474121094,No Reference Price Found
ACGL,2022-09-30,Applebead,Equities,45.54,0.0,45.540000915527344,No Reference Price Found
HRL,2022-10-31,Report-of-Gohen,Equities,45.54,0.0,45.540000915527344,No Reference Price Found
C,2023-06-30,Leeder,Equities,45.51,0.0,45.5099983215332,No Reference Price Found
MO,2023-07-31,Magnum,Equities,45.42,0.0,45.41999816894531,No Reference Price Found
EBAY,2023-02-28,Applebead,Equities,45.38,0.0,45.380001068115234,No Reference Price Found
CARR,2023-03-31,Belaware,Equities,45.37,0.0,45.369998931884766,No Reference Price Found
BK,2023-07-31,Applebead,Equities,45.36,0.0,45.36000061035156,No Reference Price Found
CPB,2023-06-30,Applebead,Equities,45.35,0.0,45.349998474121094,No Reference Price Found
TFC,2023-02-28,Applebead,Equities,45.31,0.0,45.310001373291016,No Reference Price Found
MO,2023-06-30,Magnum,Equities,45.3,0.0,45.29999923706055,No Reference Price Found
PHM,2022-12-31,Fund Whitestone,Equities,45.3,0.0,45.29999923706055,No Reference Price Found
BSX,2022-11-30,Fund Whitestone,Equities,45.27,0.0,45.27000045776367,No Reference Price Found
CMCSA,2023-07-31,Belaware,Equities,45.26,0.0,45.2599983215332,No Reference Price Found
MAS,2022-10-31,Wallington,Equities,45.26,0.0,45.2599983215332,No Reference Price Found
PNR,2022-11-30,Applebead,Equities,45.23,0.0,45.22999954223633,No Reference Price Found
MO,2023-08-31,Magnum,Equities,45.21,0.0,45.209999084472656,No Reference Price Found
CARR,2023-01-31,Belaware,Equities,45.15,0.0,45.150001525878906,No Reference Price Found
KR,2023-05-31,Leeder,Equities,45.06,0.0,45.060001373291016,No Reference Price Found
TPR,2023-01-31,Applebead,Equities,44.94,0.0,44.939998626708984,No Reference Price Found
ALK,2023-05-31,Belaware,Equities,44.93,0.0,44.93000030517578,No Reference Price Found
EBAY,2022-11-30,Applebead,Equities,44.92,0.0,44.91999816894531,No Reference Price Found
MGM,2023-04-30,Leeder,Equities,44.92,0.0,44.91999816894531,No Reference Price Found
DOW,2022-10-31,Magnum,Equities,44.89,0.0,44.88999938964844,No Reference Price Found
FAST,2022-09-30,Fund Whitestone,Equities,44.85,0.0,44.849998474121094,No Reference Price Found
PFE,2022-10-31,Magnum,Equities,44.75,0.0,44.75,No Reference Price Found
BK,2022-11-30,Applebead,Equities,44.73,0.0,44.72999954223633,No Reference Price Found
TFC,2022-11-30,Applebead,Equities,44.7,0.0,44.70000076293945,No Reference Price Found
WFC,2022-10-31,Belaware,Equities,44.7,0.0,44.70000076293945,No Reference Price Found
EBAY,2023-06-30,Applebead,Equities,44.69,0.0,44.689998626708984,No Reference Price Found
HRL,2023-01-31,Report-of-Gohen,Equities,44.69,0.0,44.689998626708984,No Reference Price Found
HRL,2022-12-31,Report-of-Gohen,Equities,44.66,0.0,44.65999984741211,No Reference Price Found
CARR,2023-02-28,Belaware,Equities,44.66,0.0,44.65999984741211,No Reference Price Found
FCX,2023-07-31,Fund Whitestone,Equities,44.65,0.0,44.650001525878906,No Reference Price Found
CMA,2023-08-31,Fund Whitestone,Equities,44.63,0.0,44.630001068115234,No Reference Price Found
BK,2023-03-31,Applebead,Equities,44.62,0.0,44.619998931884766,No Reference Price Found
MO,2023-02-28,Magnum,Equities,44.53,0.0,44.529998779296875,No Reference Price Found
EBAY,2023-07-31,Applebead,Equities,44.51,0.0,44.5099983215332,No Reference Price Found
ALK,2022-10-31,Belaware,Equities,44.46,0.0,44.459999084472656,No Reference Price Found
PNR,2022-12-31,Applebead,Equities,44.45,0.0,44.45000076293945,No Reference Price Found
MNST,2022-08-31,rpt-Catalysm,Equities,44.42,0.0,44.41999816894531,No Reference Price Found
MGM,2023-03-31,Leeder,Equities,44.42,0.0,44.41999816894531,No Reference Price Found
PHM,2022-11-30,Fund Whitestone,Equities,44.4,0.0,44.400001525878906,No Reference Price Found
CSCO,2022-10-31,Applebead,Equities,44.4,0.0,44.400001525878906,No Reference Price Found
BK,2022-12-31,Applebead,Equities,44.36,0.0,44.36000061035156,No Reference Price Found
HRL,2022-09-30,Report-of-Gohen,Equities,44.3,0.0,44.29999923706055,No Reference Price Found
FCX,2023-01-31,Fund Whitestone,Equities,44.29,0.0,44.290000915527344,No Reference Price Found
UAL,2023-03-31,TT_monthly_Trustmind,Equities,44.25,0.0,44.25,No Reference Price Found
TFC,2022-08-31,Applebead,Equities,44.21,0.0,44.209999084472656,No Reference Price Found
EQT,2023-08-31,Leeder,Equities,44.21,0.0,44.209999084472656,No Reference Price Found
HWM,2023-04-30,Wallington,Equities,44.21,0.0,44.209999084472656,No Reference Price Found
CPRT,2023-07-31,Applebead,Equities,44.2,0.0,44.20000076293945,No Reference Price Found
UAL,2022-11-30,TT_monthly_Trustmind,Equities,44.17,0.0,44.16999816894531,No Reference Price Found
EBAY,2023-03-31,Applebead,Equities,44.12,0.0,44.119998931884766,No Reference Price Found
BK,2023-06-30,Applebead,Equities,44.11,0.0,44.11000061035156,No Reference Price Found
SEE,2022-09-30,Wallington,Equities,43.94,0.0,43.939998626708984,No Reference Price Found
MGM,2023-06-30,Leeder,Equities,43.92,0.0,43.91999816894531,No Reference Price Found
C,2022-10-31,Leeder,Equities,43.9,0.0,43.900001525878906,No Reference Price Found
KR,2023-01-31,Leeder,Equities,43.88,0.0,43.880001068115234,No Reference Price Found
MO,2022-12-31,Magnum,Equities,43.84,0.0,43.84000015258789,No Reference Price Found
KR,2022-12-31,Leeder,Equities,43.83,0.0,43.83000183105469,No Reference Price Found
C,2023-05-31,Leeder,Equities,43.81,0.0,43.810001373291016,No Reference Price Found
CPRT,2023-08-31,Applebead,Equities,43.81,0.0,43.810001373291016,No Reference Price Found
CPRT,2023-05-31,Applebead,Equities,43.8,0.0,43.79999923706055,No Reference Price Found
UAL,2023-04-30,TT_monthly_Trustmind,Equities,43.8,0.0,43.79999923706055,No Reference Price Found
C,2022-12-31,Leeder,Equities,43.79,0.0,43.790000915527344,No Reference Price Found
HRL,2023-02-28,Report-of-Gohen,Equities,43.77,0.0,43.77000045776367,No Reference Price Found
MO,2022-11-30,Magnum,Equities,43.77,0.0,43.77000045776367,No Reference Price Found
CARR,2022-11-30,Belaware,Equities,43.75,0.0,43.75,No Reference Price Found
PNR,2022-08-31,Applebead,Equities,43.74,0.0,43.7400016784668,No Reference Price Found
MO,2023-03-31,Magnum,Equities,43.7,0.0,43.70000076293945,No Reference Price Found
USB,2022-11-30,rpt-Catalysm,Equities,43.63,0.0,43.630001068115234,No Reference Price Found
ALK,2022-08-31,Belaware,Equities,43.56,0.0,43.560001373291016,No Reference Price Found
MO,2023-05-31,Magnum,Equities,43.51,0.0,43.5099983215332,No Reference Price Found
MO,2022-10-31,Magnum,Equities,43.48,0.0,43.47999954223633,No Reference Price Found
MNST,2022-09-30,rpt-Catalysm,Equities,43.48,0.0,43.47999954223633,No Reference Price Found
PFE,2022-08-31,Magnum,Equities,43.48,0.0,43.47999954223633,No Reference Price Found
ALK,2023-04-30,Belaware,Equities,43.46,0.0,43.459999084472656,No Reference Price Found
EBAY,2022-08-31,Applebead,Equities,43.41,0.0,43.40999984741211,No Reference Price Found
USB,2022-08-31,rpt-Catalysm,Equities,43.34,0.0,43.34000015258789,No Reference Price Found
CSCO,2022-08-31,Applebead,Equities,43.3,0.0,43.29999923706055,No Reference Price Found
MGM,2023-08-31,Leeder,Equities,43.26,0.0,43.2599983215332,No Reference Price Found
LNC,2022-08-31,Leeder,Equities,43.25,0.0,43.25,No Reference Price Found
MOS,2022-12-31,rpt-Catalysm,Equities,43.22,0.0,43.220001220703125,No Reference Price Found
PFE,2023-01-31,Magnum,Equities,43.21,0.0,43.209999084472656,No Reference Price Found
MO,2023-01-31,rpt-Catalysm,Equities,43.2,0.0,43.20000076293945,No Reference Price Found
IR,2022-09-30,Leeder,Equities,43.2,0.0,43.20000076293945,No Reference Price Found
TPR,2023-07-31,Applebead,Equities,43.15,0.0,43.150001525878906,No Reference Price Found
UDR,2022-08-31,Fund Whitestone,Equities,43.12,0.0,43.119998931884766,No Reference Price Found
BSX,2022-10-31,Fund Whitestone,Equities,43.11,0.0,43.11000061035156,No Reference Price Found
UAL,2022-10-31,TT_monthly_Trustmind,Equities,43.08,0.0,43.08000183105469,No Reference Price Found
MGM,2023-02-28,Leeder,Equities,43.01,0.0,43.0099983215332,No Reference Price Found
ALK,2022-12-31,Belaware,Equities,42.94,0.0,42.939998626708984,No Reference Price Found
NEM,2023-07-31,Fund Whitestone,Equities,42.92,0.0,42.91999816894531,No Reference Price Found
TPR,2023-02-28,Applebead,Equities,42.91,0.0,42.90999984741211,No Reference Price Found
CPB,2023-08-31,Applebead,Equities,42.83,0.0,42.83000183105469,No Reference Price Found
TPR,2023-03-31,Applebead,Equities,42.81,0.0,42.810001373291016,No Reference Price Found
TPR,2023-06-30,Applebead,Equities,42.8,0.0,42.79999923706055,No Reference Price Found
KR,2022-09-30,Leeder,Equities,42.78,0.0,42.779998779296875,No Reference Price Found
NEM,2023-02-28,Fund Whitestone,Equities,42.77,0.0,42.77000045776367,No Reference Price Found
HWM,2023-05-31,Wallington,Equities,42.71,0.0,42.709999084472656,No Reference Price Found
CMA,2023-03-31,Fund Whitestone,Equities,42.71,0.0,42.709999084472656,No Reference Price Found
ROL,2023-06-30,Belaware,Equities,42.69,0.0,42.689998626708984,No Reference Price Found
NEM,2023-06-30,Fund Whitestone,Equities,42.66,0.0,42.65999984741211,No Reference Price Found
KR,2023-02-28,Leeder,Equities,42.66,0.0,42.65999984741211,No Reference Price Found
CMA,2023-04-30,Fund Whitestone,Equities,42.66,0.0,42.65999984741211,No Reference Price Found
SLB,2023-05-31,Applebead,Equities,42.6,0.0,42.599998474121094,No Reference Price Found
MOS,2023-04-30,rpt-Catalysm,Equities,42.59,0.0,42.59000015258789,No Reference Price Found
EBAY,2023-05-31,Applebead,Equities,42.54,0.0,42.540000915527344,No Reference Price Found
UDR,2023-06-30,Fund Whitestone,Equities,42.54,0.0,42.540000915527344,No Reference Price Found
WFC,2022-08-31,Belaware,Equities,42.49,0.0,42.4900016784668,No Reference Price Found
PNR,2022-10-31,Applebead,Equities,42.44,0.0,42.439998626708984,No Reference Price Found
EXC,2022-08-31,Fund Whitestone,Equities,42.41,0.0,42.40999984741211,No Reference Price Found
USB,2022-12-31,rpt-Catalysm,Equities,42.39,0.0,42.38999938964844,No Reference Price Found
CMA,2023-06-30,Fund Whitestone,Equities,42.36,0.0,42.36000061035156,No Reference Price Found
WFC,2023-06-30,Belaware,Equities,42.35,0.0,42.349998474121094,No Reference Price Found
HWM,2023-03-31,Wallington,Equities,42.3,0.0,42.29999923706055,No Reference Price Found
TFC,2022-10-31,Applebead,Equities,42.27,0.0,42.27000045776367,No Reference Price Found
BK,2023-08-31,Applebead,Equities,42.21,0.0,42.209999084472656,No Reference Price Found
BK,2023-04-30,Applebead,Equities,42.2,0.0,42.20000076293945,No Reference Price Found
DOW,2022-09-30,Magnum,Equities,42.19,0.0,42.189998626708984,No Reference Price Found
DAL,2023-08-31,Applebead,Equities,42.17,0.0,42.16999816894531,No Reference Price Found
CFG,2023-01-31,Leeder,Equities,42.13,0.0,42.130001068115234,No Reference Price Found
EXC,2022-12-31,Fund Whitestone,Equities,42.12,0.0,42.119998931884766,No Reference Price Found
HWM,2023-02-28,Wallington,Equities,42.11,0.0,42.11000061035156,No Reference Price Found
PFE,2022-09-30,Magnum,Equities,42.06,0.0,42.060001373291016,No Reference Price Found
EQT,2023-07-31,Leeder,Equities,42.03,0.0,42.029998779296875,No Reference Price Found
UDR,2023-02-28,Fund Whitestone,Equities,41.99,0.0,41.9900016784668,No Reference Price Found
ROL,2023-04-30,Belaware,Equities,41.98,0.0,41.97999954223633,No Reference Price Found
ALK,2023-03-31,Belaware,Equities,41.96,0.0,41.959999084472656,No Reference Price Found
EQT,2022-11-30,Leeder,Equities,41.86,0.0,41.86000061035156,No Reference Price Found
UDR,2023-01-31,Fund Whitestone,Equities,41.74,0.0,41.7400016784668,No Reference Price Found
EXC,2023-04-30,Fund Whitestone,Equities,41.71,0.0,41.709999084472656,No Reference Price Found
ROL,2022-10-31,Belaware,Equities,41.53,0.0,41.529998779296875,No Reference Price Found
EXC,2023-07-31,Fund Whitestone,Equities,41.49,0.0,41.4900016784668,No Reference Price Found
CARR,2023-04-30,Belaware,Equities,41.47,0.0,41.470001220703125,No Reference Price Found
MO,2022-08-31,Magnum,Equities,41.47,0.0,41.470001220703125,No Reference Price Found
MGM,2023-01-31,Leeder,Equities,41.41,0.0,41.40999984741211,No Reference Price Found
CMCSA,2023-06-30,Belaware,Equities,41.26,0.0,41.2599983215332,No Reference Price Found
LNC,2022-09-30,Leeder,Equities,41.24,0.0,41.2400016784668,No Reference Price Found
EXC,2023-03-31,Fund Whitestone,Equities,41.17,0.0,41.16999816894531,No Reference Price Found
EQT,2022-10-31,Leeder,Equities,41.16,0.0,41.15999984741211,No Reference Price Found
EXC,2023-01-31,Fund Whitestone,Equities,41.1,0.0,41.099998474121094,No Reference Price Found
TFC,2022-12-31,Applebead,Equities,41.09,0.0,41.09000015258789,No Reference Price Found
TFC,2022-09-30,Applebead,Equities,41.09,0.0,41.09000015258789,No Reference Price Found
CMCSA,2023-04-30,Belaware,Equities,41.08,0.0,41.08000183105469,No Reference Price Found
BK,2022-10-31,Applebead,Equities,41.04,0.0,41.040000915527344,No Reference Price Found
NEM,2022-10-31,Fund Whitestone,Equities,41.02,0.0,41.02000045776367,No Reference Price Found
ROL,2023-08-31,Belaware,Equities,41.0,0.0,41.0,No Reference Price Found
EBAY,2022-12-31,Applebead,Equities,41.0,0.0,41.0,No Reference Price Found
EQT,2023-06-30,Leeder,Equities,40.98,0.0,40.97999954223633,No Reference Price Found
ALK,2023-08-31,Belaware,Equities,40.95,0.0,40.95000076293945,No Reference Price Found
UDR,2023-04-30,Fund Whitestone,Equities,40.93,0.0,40.93000030517578,No Reference Price Found
CARR,2022-12-31,Belaware,Equities,40.91,0.0,40.90999984741211,No Reference Price Found
HRL,2023-07-31,Report-of-Gohen,Equities,40.88,0.0,40.880001068115234,No Reference Price Found
UDR,2023-07-31,Fund Whitestone,Equities,40.88,0.0,40.880001068115234,No Reference Price Found
RCL,2022-08-31,Fund Whitestone,Equities,40.85,0.0,40.849998474121094,No Reference Price Found
HAL,2023-01-31,Applebead,Equities,40.83,0.0,40.83000183105469,No Reference Price Found
CFG,2022-11-30,Leeder,Equities,40.82,0.0,40.81999969482422,No Reference Price Found
USB,2022-10-31,rpt-Catalysm,Equities,40.81,0.0,40.810001373291016,No Reference Price Found
MOS,2023-07-31,rpt-Catalysm,Equities,40.76,0.0,40.7599983215332,No Reference Price Found
NEM,2022-09-30,Fund Whitestone,Equities,40.74,0.0,40.7400016784668,No Reference Price Found
CARR,2023-05-31,Belaware,Equities,40.74,0.0,40.7400016784668,No Reference Price Found
ROL,2023-07-31,Belaware,Equities,40.7,0.0,40.70000076293945,No Reference Price Found
FE,2022-12-31,Belaware,Equities,40.68,0.0,40.68000030517578,No Reference Price Found
FCX,2023-02-28,Fund Whitestone,Equities,40.67,0.0,40.66999816894531,No Reference Price Found
CFG,2023-02-28,Leeder,Equities,40.62,0.0,40.619998931884766,No Reference Price Found
FCX,2023-03-31,Fund Whitestone,Equities,40.61,0.0,40.61000061035156,No Reference Price Found
HWM,2023-01-31,Wallington,Equities,40.58,0.0,40.58000183105469,No Reference Price Found
NEM,2023-05-31,Fund Whitestone,Equities,40.55,0.0,40.54999923706055,No Reference Price Found
TPR,2023-04-30,Applebead,Equities,40.53,0.0,40.529998779296875,No Reference Price Found
WFC,2022-12-31,Belaware,Equities,40.39,0.0,40.38999938964844,No Reference Price Found
WFC,2023-08-31,Belaware,Equities,40.38,0.0,40.380001068115234,No Reference Price Found
EXC,2023-06-30,Fund Whitestone,Equities,40.38,0.0,40.380001068115234,No Reference Price Found
EXC,2022-11-30,Fund Whitestone,Equities,40.31,0.0,40.310001373291016,No Reference Price Found
BSX,2022-08-31,Fund Whitestone,Equities,40.31,0.0,40.310001373291016,No Reference Price Found
EXC,2023-08-31,Fund Whitestone,Equities,40.26,0.0,40.2599983215332,No Reference Price Found
UDR,2023-03-31,Fund Whitestone,Equities,40.24,0.0,40.2400016784668,No Reference Price Found
UDR,2022-11-30,Fund Whitestone,Equities,40.23,0.0,40.22999954223633,No Reference Price Found
IP,2023-01-31,Leeder,Equities,40.19,0.0,40.189998626708984,No Reference Price Found
C,2023-08-31,Leeder,Equities,40.18,0.0,40.18000030517578,No Reference Price Found
VZ,2023-01-31,TT_monthly_Trustmind,Equities,40.18,0.0,40.18000030517578,No Reference Price Found
HRL,2023-04-30,Report-of-Gohen,Equities,40.16,0.0,40.15999984741211,No Reference Price Found
PHM,2022-08-31,Fund Whitestone,Equities,40.16,0.0,40.15999984741211,No Reference Price Found
HRL,2023-08-31,Report-of-Gohen,Equities,40.15,0.0,40.150001525878906,No Reference Price Found
BK,2022-08-31,Applebead,Equities,40.11,0.0,40.11000061035156,No Reference Price Found
EQT,2022-09-30,Leeder,Equities,40.09,0.0,40.09000015258789,No Reference Price Found
UDR,2022-09-30,Fund Whitestone,Equities,40.08,0.0,40.08000183105469,No Reference Price Found
ROL,2022-11-30,Belaware,Equities,40.04,0.0,40.040000915527344,No Reference Price Found
SEE,2023-06-30,Wallington,Equities,40.0,0.0,40.0,No Reference Price Found
FE,2022-11-30,Belaware,Equities,40.0,0.0,40.0,No Reference Price Found
PNR,2022-09-30,Applebead,Equities,39.94,0.0,39.939998626708984,No Reference Price Found
HRL,2023-06-30,Report-of-Gohen,Equities,39.94,0.0,39.939998626708984,No Reference Price Found
PFE,2023-03-31,Magnum,Equities,39.92,0.0,39.91999816894531,No Reference Price Found
C,2022-09-30,Leeder,Equities,39.89,0.0,39.88999938964844,No Reference Price Found
FCX,2023-06-30,Fund Whitestone,Equities,39.85,0.0,39.849998474121094,No Reference Price Found
BK,2023-05-31,Applebead,Equities,39.83,0.0,39.83000183105469,No Reference Price Found
TPR,2023-05-31,Belaware,Equities,39.74,0.0,39.7400016784668,No Reference Price Found
FE,2023-01-31,Belaware,Equities,39.72,0.0,39.720001220703125,No Reference Price Found
EXC,2023-02-28,Fund Whitestone,Equities,39.69,0.0,39.689998626708984,No Reference Price Found
PFE,2023-02-28,Magnum,Equities,39.69,0.0,39.689998626708984,No Reference Price Found
USB,2023-07-31,rpt-Catalysm,Equities,39.68,0.0,39.68000030517578,No Reference Price Found
PHM,2022-10-31,Fund Whitestone,Equities,39.65,0.0,39.650001525878906,No Reference Price Found
NEM,2022-08-31,Fund Whitestone,Equities,39.56,0.0,39.560001373291016,No Reference Price Found
CPRT,2023-04-30,Applebead,Equities,39.52,0.0,39.52000045776367,No Reference Price Found
WFC,2023-05-31,Belaware,Equities,39.5,0.0,39.5,No Reference Price Found
IP,2022-08-31,Leeder,Equities,39.47,0.0,39.470001220703125,No Reference Price Found
FCX,2022-11-30,Fund Whitestone,Equities,39.38,0.0,39.380001068115234,No Reference Price Found
HRL,2023-03-31,Report-of-Gohen,Equities,39.33,0.0,39.33000183105469,No Reference Price Found
HWM,2022-12-31,Wallington,Equities,39.3,0.0,39.29999923706055,No Reference Price Found
EXC,2023-05-31,Fund Whitestone,Equities,39.3,0.0,39.29999923706055,No Reference Price Found
LUV,2022-11-30,Magnum,Equities,39.29,0.0,39.290000915527344,No Reference Price Found
MGM,2023-05-31,Leeder,Equities,39.29,0.0,39.290000915527344,No Reference Price Found
UDR,2023-05-31,Fund Whitestone,Equities,39.29,0.0,39.290000915527344,No Reference Price Found
CARR,2022-10-31,Belaware,Equities,39.25,0.0,39.25,No Reference Price Found
FE,2023-03-31,Belaware,Equities,39.24,0.0,39.2400016784668,No Reference Price Found
WRK,2022-08-31,Leeder,Equities,39.23,0.0,39.22999954223633,No Reference Price Found
EBAY,2022-10-31,Applebead,Equities,39.19,0.0,39.189998626708984,No Reference Price Found
ROL,2023-05-31,Belaware,Equities,39.19,0.0,39.189998626708984,No Reference Price Found
ALK,2022-09-30,Belaware,Equities,39.15,0.0,39.150001525878906,No Reference Price Found
WFC,2023-04-30,Belaware,Equities,39.14,0.0,39.13999938964844,No Reference Price Found
VFC,2022-08-31,Virtous,Equities,39.13,0.0,39.130001068115234,No Reference Price Found
VZ,2022-08-31,TT_monthly_Trustmind,Equities,39.12,0.0,39.119998931884766,No Reference Price Found
WFC,2022-09-30,Belaware,Equities,39.1,0.0,39.099998474121094,No Reference Price Found
CMCSA,2023-05-31,Belaware,Equities,39.08,0.0,39.08000183105469,No Reference Price Found
HAL,2023-07-31,Applebead,Equities,39.08,0.0,39.08000183105469,No Reference Price Found
DAL,2023-01-31,Applebead,Equities,39.02,0.0,39.02000045776367,No Reference Price Found
FE,2023-04-30,Belaware,Equities,38.99,0.0,38.9900016784668,No Reference Price Found
CFG,2022-10-31,Leeder,Equities,38.99,0.0,38.9900016784668,No Reference Price Found
FE,2023-07-31,Belaware,Equities,38.98,0.0,38.97999954223633,No Reference Price Found
HAL,2022-12-31,Applebead,Equities,38.98,0.0,38.97999954223633,No Reference Price Found
UDR,2023-08-31,Fund Whitestone,Equities,38.88,0.0,38.880001068115234,No Reference Price Found
CMCSA,2023-01-31,Belaware,Equities,38.78,0.0,38.779998779296875,No Reference Price Found
USB,2022-09-30,rpt-Catalysm,Equities,38.76,0.0,38.7599983215332,No Reference Price Found
BSX,2022-09-30,Fund Whitestone,Equities,38.73,0.0,38.72999954223633,No Reference Price Found
FE,2023-02-28,Belaware,Equities,38.73,0.0,38.72999954223633,No Reference Price Found
CSCO,2022-09-30,Applebead,Equities,38.73,0.0,38.72999954223633,No Reference Price Found
IPG,2023-06-30,Report-of-Gohen,Equities,38.58,0.0,38.58000183105469,No Reference Price Found
MOS,2023-08-31,rpt-Catalysm,Equities,38.58,0.0,38.58000183105469,No Reference Price Found
UDR,2022-10-31,Fund Whitestone,Equities,38.57,0.0,38.56999969482422,No Reference Price Found
FE,2023-06-30,Belaware,Equities,38.47,0.0,38.470001220703125,No Reference Price Found
CARR,2022-08-31,Belaware,Equities,38.47,0.0,38.470001220703125,No Reference Price Found
DAL,2023-02-28,Applebead,Equities,38.26,0.0,38.2599983215332,No Reference Price Found
WRK,2023-01-31,Leeder,Equities,38.22,0.0,38.220001220703125,No Reference Price Found
VZ,2023-04-30,TT_monthly_Trustmind,Equities,38.15,0.0,38.150001525878906,No Reference Price Found
PFE,2023-04-30,Magnum,Equities,38.05,0.0,38.04999923706055,No Reference Price Found
HRL,2023-05-31,Report-of-Gohen,Equities,37.99,0.0,37.9900016784668,No Reference Price Found
FE,2022-08-31,Belaware,Equities,37.97,0.0,37.970001220703125,No Reference Price Found
MO,2022-09-30,Magnum,Equities,37.94,0.0,37.939998626708984,No Reference Price Found
CFG,2022-12-31,Leeder,Equities,37.92,0.0,37.91999816894531,No Reference Price Found
RCL,2022-09-30,Fund Whitestone,Equities,37.9,0.0,37.900001525878906,No Reference Price Found
LVS,2022-10-31,Report-of-Gohen,Equities,37.88,0.0,37.880001068115234,No Reference Price Found
FCX,2023-04-30,Fund Whitestone,Equities,37.77,0.0,37.77000045776367,No Reference Price Found
NEM,2023-08-31,Fund Whitestone,Equities,37.75,0.0,37.75,No Reference Price Found
UAL,2022-12-31,TT_monthly_Trustmind,Equities,37.7,0.0,37.70000076293945,No Reference Price Found
SEE,2023-05-31,Wallington,Equities,37.66,0.0,37.65999984741211,No Reference Price Found
CAG,2022-12-31,Applebead,Equities,37.62,0.0,37.619998931884766,No Reference Price Found
FCX,2022-12-31,Fund Whitestone,Equities,37.6,0.0,37.599998474121094,No Reference Price Found
CPRT,2023-03-31,Applebead,Equities,37.6,0.0,37.599998474121094,No Reference Price Found
PFE,2023-05-31,Magnum,Equities,37.6,0.0,37.599998474121094,No Reference Price Found
VZ,2023-03-31,TT_monthly_Trustmind,Equities,37.58,0.0,37.58000183105469,No Reference Price Found
UDR,2022-12-31,Fund Whitestone,Equities,37.57,0.0,37.56999969482422,No Reference Price Found
HWM,2022-11-30,Wallington,Equities,37.57,0.0,37.56999969482422,No Reference Price Found
CAG,2023-04-30,Applebead,Equities,37.56,0.0,37.560001373291016,No Reference Price Found
TPR,2022-12-31,Applebead,Equities,37.55,0.0,37.54999923706055,No Reference Price Found
VZ,2023-02-28,TT_monthly_Trustmind,Equities,37.51,0.0,37.5099983215332,No Reference Price Found
LVS,2022-08-31,Report-of-Gohen,Equities,37.5,0.0,37.5,No Reference Price Found
VZ,2022-12-31,TT_monthly_Trustmind,Equities,37.49,0.0,37.4900016784668,No Reference Price Found
SLB,2022-08-31,Applebead,Equities,37.46,0.0,37.459999084472656,No Reference Price Found
HAL,2022-11-30,Applebead,Equities,37.41,0.0,37.40999984741211,No Reference Price Found
LVS,2022-09-30,Report-of-Gohen,Equities,37.39,0.0,37.38999938964844,No Reference Price Found
CMCSA,2023-03-31,Belaware,Equities,37.36,0.0,37.36000061035156,No Reference Price Found
ROL,2023-03-31,Belaware,Equities,37.29,0.0,37.290000915527344,No Reference Price Found
EXC,2022-10-31,Fund Whitestone,Equities,37.27,0.0,37.27000045776367,No Reference Price Found
BK,2022-09-30,Applebead,Equities,37.21,0.0,37.209999084472656,No Reference Price Found
PHM,2022-09-30,Fund Whitestone,Equities,37.18,0.0,37.18000030517578,No Reference Price Found
HAL,2023-08-31,Applebead,Equities,37.18,0.0,37.18000030517578,No Reference Price Found
BAC,2022-11-30,Virtous,Equities,37.09,0.0,37.09000015258789,No Reference Price Found
VZ,2022-11-30,TT_monthly_Trustmind,Equities,37.09,0.0,37.09000015258789,No Reference Price Found
FE,2023-05-31,Belaware,Equities,37.0,0.0,37.0,No Reference Price Found
IPG,2023-03-31,Report-of-Gohen,Equities,36.94,0.0,36.939998626708984,No Reference Price Found
TPR,2022-11-30,Applebead,Equities,36.94,0.0,36.939998626708984,No Reference Price Found
WRK,2022-11-30,Leeder,Equities,36.94,0.0,36.939998626708984,No Reference Price Found
CAG,2022-11-30,Applebead,Equities,36.92,0.0,36.91999816894531,No Reference Price Found
LNC,2022-11-30,Leeder,Equities,36.91,0.0,36.90999984741211,No Reference Price Found
IPG,2023-05-31,Report-of-Gohen,Equities,36.89,0.0,36.88999938964844,No Reference Price Found
MGM,2022-11-30,Leeder,Equities,36.86,0.0,36.86000061035156,No Reference Price Found
CAG,2023-03-31,Applebead,Equities,36.84,0.0,36.84000015258789,No Reference Price Found
WFC,2023-03-31,Belaware,Equities,36.8,0.0,36.79999923706055,No Reference Price Found
CMCSA,2023-02-28,Belaware,Equities,36.63,0.0,36.630001068115234,No Reference Price Found
VZ,2023-06-30,TT_monthly_Trustmind,Equities,36.54,0.0,36.540000915527344,No Reference Price Found
CAG,2023-01-31,Applebead,Equities,36.48,0.0,36.47999954223633,No Reference Price Found
FCX,2023-08-31,Fund Whitestone,Equities,36.37,0.0,36.369998931884766,No Reference Price Found
PFE,2023-06-30,Magnum,Equities,36.28,0.0,36.279998779296875,No Reference Price Found
DAL,2023-05-31,Applebead,Equities,36.25,0.0,36.25,No Reference Price Found
EBAY,2022-09-30,Applebead,Equities,36.21,0.0,36.209999084472656,No Reference Price Found
LUV,2023-06-30,Magnum,Equities,36.21,0.0,36.209999084472656,No Reference Price Found
FE,2022-10-31,Belaware,Equities,36.2,0.0,36.20000076293945,No Reference Price Found
EXC,2022-09-30,Fund Whitestone,Equities,36.18,0.0,36.18000030517578,No Reference Price Found
ROL,2022-12-31,Belaware,Equities,36.18,0.0,36.18000030517578,No Reference Price Found
LUV,2022-08-31,Magnum,Equities,36.13,0.0,36.130001068115234,No Reference Price Found
PFE,2023-07-31,Magnum,Equities,36.06,0.0,36.060001373291016,No Reference Price Found
ROL,2023-01-31,Belaware,Equities,36.04,0.0,36.040000915527344,No Reference Price Found
HAL,2023-02-28,Applebead,Equities,36.04,0.0,36.040000915527344,No Reference Price Found
HAL,2022-10-31,Applebead,Equities,35.96,0.0,35.959999084472656,No Reference Price Found
IPG,2023-01-31,Report-of-Gohen,Equities,35.86,0.0,35.86000061035156,No Reference Price Found
CMCSA,2022-11-30,Belaware,Equities,35.83,0.0,35.83000183105469,No Reference Price Found
SEE,2023-08-31,Wallington,Equities,35.81,0.0,35.810001373291016,No Reference Price Found
LUV,2022-10-31,Magnum,Equities,35.78,0.0,35.779998779296875,No Reference Price Found
CAG,2023-02-28,Applebead,Equities,35.71,0.0,35.709999084472656,No Reference Price Found
IP,2022-11-30,Leeder,Equities,35.67,0.0,35.66999816894531,No Reference Price Found
INTC,2023-07-31,Leeder,Equities,35.64,0.0,35.63999938964844,No Reference Price Found
IP,2023-07-31,Leeder,Equities,35.59,0.0,35.59000015258789,No Reference Price Found
MGM,2022-10-31,Leeder,Equities,35.57,0.0,35.56999969482422,No Reference Price Found
VZ,2022-10-31,TT_monthly_Trustmind,Equities,35.56,0.0,35.560001373291016,No Reference Price Found
VZ,2022-09-30,TT_monthly_Trustmind,Equities,35.53,0.0,35.529998779296875,No Reference Price Found
FE,2022-09-30,Belaware,Equities,35.52,0.0,35.52000045776367,No Reference Price Found
CMA,2023-05-31,Fund Whitestone,Equities,35.51,0.0,35.5099983215332,No Reference Price Found
USB,2023-03-31,rpt-Catalysm,Equities,35.51,0.0,35.5099983215332,No Reference Price Found
PFE,2023-08-31,Magnum,Equities,35.48,0.0,35.47999954223633,No Reference Price Found
IPG,2023-04-30,Report-of-Gohen,Equities,35.44,0.0,35.439998626708984,No Reference Price Found
SLB,2022-09-30,Applebead,Equities,35.42,0.0,35.41999816894531,No Reference Price Found
HWM,2022-10-31,Wallington,Equities,35.41,0.0,35.40999984741211,No Reference Price Found
FITB,2023-02-28,rpt-Catalysm,Equities,35.41,0.0,35.40999984741211,No Reference Price Found
FITB,2023-01-31,rpt-Catalysm,Equities,35.4,0.0,35.400001525878906,No Reference Price Found
IP,2023-02-28,Leeder,Equities,35.39,0.0,35.38999938964844,No Reference Price Found
LUV,2023-01-31,Magnum,Equities,35.39,0.0,35.38999938964844,No Reference Price Found
CAG,2022-10-31,Applebead,Equities,35.35,0.0,35.349998474121094,No Reference Price Found
BAC,2022-10-31,Virtous,Equities,35.32,0.0,35.31999969482422,No Reference Price Found
DAL,2022-11-30,Applebead,Equities,35.3,0.0,35.29999923706055,No Reference Price Found
HWM,2022-08-31,Wallington,Equities,35.29,0.0,35.290000915527344,No Reference Price Found
IPG,2023-02-28,Report-of-Gohen,Equities,35.26,0.0,35.2599983215332,No Reference Price Found
INVH,2023-07-31,Belaware,Equities,35.23,0.0,35.22999954223633,No Reference Price Found
CPRT,2023-02-28,Applebead,Equities,35.23,0.0,35.22999954223633,No Reference Price Found
INVH,2022-08-31,Belaware,Equities,35.2,0.0,35.20000076293945,No Reference Price Found
WMB,2023-08-31,Virtous,Equities,35.17,0.0,35.16999816894531,No Reference Price Found
FITB,2022-11-30,rpt-Catalysm,Equities,35.11,0.0,35.11000061035156,No Reference Price Found
CMCSA,2022-08-31,Belaware,Equities,35.08,0.0,35.08000183105469,No Reference Price Found
IP,2023-03-31,Leeder,Equities,35.07,0.0,35.06999969482422,No Reference Price Found
FOXA,2023-02-28,Applebead,Equities,35.02,0.0,35.02000045776367,No Reference Price Found
UAL,2022-08-31,TT_monthly_Trustmind,Equities,35.01,0.0,35.0099983215332,No Reference Price Found
VZ,2023-05-31,TT_monthly_Trustmind,Equities,35.0,0.0,35.0,No Reference Price Found
MOS,2023-06-30,rpt-Catalysm,Equities,35.0,0.0,35.0,No Reference Price Found
ROL,2023-02-28,Belaware,Equities,34.98,0.0,34.97999954223633,No Reference Price Found
CFG,2022-08-31,Leeder,Equities,34.97,0.0,34.970001220703125,No Reference Price Found
BAC,2023-01-31,Virtous,Equities,34.97,0.0,34.970001220703125,No Reference Price Found
CARR,2022-09-30,Belaware,Equities,34.96,0.0,34.959999084472656,No Reference Price Found
USB,2023-08-31,rpt-Catalysm,Equities,34.9,0.0,34.900001525878906,No Reference Price Found
DAL,2023-03-31,Applebead,Equities,34.85,0.0,34.849998474121094,No Reference Price Found
FE,2023-08-31,Belaware,Equities,34.84,0.0,34.84000015258789,No Reference Price Found
EQT,2023-05-31,Leeder,Equities,34.65,0.0,34.650001525878906,No Reference Price Found
VZ,2023-08-31,TT_monthly_Trustmind,Equities,34.59,0.0,34.59000015258789,No Reference Price Found
EQT,2023-04-30,Leeder,Equities,34.55,0.0,34.54999923706055,No Reference Price Found
CAG,2023-05-31,Applebead,Equities,34.5,0.0,34.5,No Reference Price Found
FITB,2022-10-31,rpt-Catalysm,Equities,34.46,0.0,34.459999084472656,No Reference Price Found
WMB,2023-07-31,Virtous,Equities,34.45,0.0,34.45000076293945,No Reference Price Found
WRK,2022-12-31,Leeder,Equities,34.25,0.0,34.25,No Reference Price Found
DAL,2023-04-30,Applebead,Equities,34.24,0.0,34.2400016784668,No Reference Price Found
ROL,2022-09-30,Belaware,Equities,34.23,0.0,34.22999954223633,No Reference Price Found
IPG,2023-07-31,Report-of-Gohen,Equities,34.23,0.0,34.22999954223633,No Reference Price Found
FCX,2023-05-31,Fund Whitestone,Equities,34.21,0.0,34.209999084472656,No Reference Price Found
CMCSA,2022-12-31,Belaware,Equities,34.19,0.0,34.189998626708984,No Reference Price Found
JNPR,2023-03-31,Belaware,Equities,34.17,0.0,34.16999816894531,No Reference Price Found
LUV,2023-07-31,Magnum,Equities,34.16,0.0,34.15999984741211,No Reference Price Found
INVH,2023-06-30,Belaware,Equities,34.14,0.0,34.13999938964844,No Reference Price Found
CSX,2023-06-30,TT_monthly_Trustmind,Equities,34.1,0.0,34.099998474121094,No Reference Price Found
VZ,2023-07-31,TT_monthly_Trustmind,Equities,34.08,0.0,34.08000183105469,No Reference Price Found
WY,2023-07-31,Magnum,Equities,34.06,0.0,34.060001373291016,No Reference Price Found
LNC,2023-01-31,Leeder,Equities,34.06,0.0,34.060001373291016,No Reference Price Found
FOXA,2023-03-31,Applebead,Equities,34.05,0.0,34.04999923706055,No Reference Price Found
FOXA,2023-06-30,Applebead,Equities,34.0,0.0,34.0,No Reference Price Found
FOXA,2022-08-31,Applebead,Equities,33.94,0.0,33.939998626708984,No Reference Price Found
INVH,2023-08-31,Belaware,Equities,33.88,0.0,33.880001068115234,No Reference Price Found
DAL,2022-10-31,rpt-Catalysm,Equities,33.86,0.0,33.86000061035156,No Reference Price Found
BAC,2023-02-28,Virtous,Equities,33.81,0.0,33.810001373291016,No Reference Price Found
IPG,2022-11-30,Report-of-Gohen,Equities,33.79,0.0,33.790000915527344,No Reference Price Found
USB,2023-04-30,rpt-Catalysm,Equities,33.77,0.0,33.77000045776367,No Reference Price Found
FOXA,2023-01-31,Applebead,Equities,33.7,0.0,33.70000076293945,No Reference Price Found
TPR,2022-08-31,Applebead,Equities,33.67,0.0,33.66999816894531,No Reference Price Found
INVH,2023-05-31,Belaware,Equities,33.63,0.0,33.630001068115234,No Reference Price Found
MGM,2022-12-31,Leeder,Equities,33.53,0.0,33.529998779296875,No Reference Price Found
VICI,2023-04-30,Fund Whitestone,Equities,33.53,0.0,33.529998779296875,No Reference Price Found
WY,2023-06-30,Magnum,Equities,33.51,0.0,33.5099983215332,No Reference Price Found
FOXA,2023-07-31,Applebead,Equities,33.45,0.0,33.45000076293945,No Reference Price Found
EQT,2022-12-31,Leeder,Equities,33.39,0.0,33.38999938964844,No Reference Price Found
CAG,2023-06-30,Applebead,Equities,33.36,0.0,33.36000061035156,No Reference Price Found
VICI,2023-01-31,Fund Whitestone,Equities,33.34,0.0,33.34000015258789,No Reference Price Found
CSX,2023-07-31,Wallington,Equities,33.32,0.0,33.31999969482422,No Reference Price Found
INTC,2023-06-30,Leeder,Equities,33.32,0.0,33.31999969482422,No Reference Price Found
ROL,2022-08-31,Belaware,Equities,33.32,0.0,33.31999969482422,No Reference Price Found
CPRT,2023-01-31,Applebead,Equities,33.3,0.0,33.29999923706055,No Reference Price Found
CPRT,2022-11-30,Applebead,Equities,33.28,0.0,33.279998779296875,No Reference Price Found
IP,2022-12-31,Leeder,Equities,33.28,0.0,33.279998779296875,No Reference Price Found
WMB,2022-11-30,Virtous,Equities,33.27,0.0,33.27000045776367,No Reference Price Found
FOXA,2023-04-30,Applebead,Equities,33.26,0.0,33.2599983215332,No Reference Price Found
INTC,2023-08-31,Leeder,Equities,33.25,0.0,33.25,No Reference Price Found
LUV,2023-02-28,Magnum,Equities,33.23,0.0,33.22999954223633,No Reference Price Found
LUV,2022-12-31,Magnum,Equities,33.14,0.0,33.13999938964844,No Reference Price Found
CAG,2022-08-31,Applebead,Equities,33.11,0.0,33.11000061035156,No Reference Price Found
WY,2023-01-31,Magnum,Equities,33.1,0.0,33.099998474121094,No Reference Price Found
USB,2023-06-30,rpt-Catalysm,Equities,33.04,0.0,33.040000915527344,No Reference Price Found
WRK,2023-07-31,Leeder,Equities,33.03,0.0,33.029998779296875,No Reference Price Found
HAL,2023-06-30,Applebead,Equities,32.99,0.0,32.9900016784668,No Reference Price Found
VICI,2022-11-30,Fund Whitestone,Equities,32.97,0.0,32.970001220703125,No Reference Price Found
WRK,2022-10-31,Leeder,Equities,32.92,0.0,32.91999816894531,No Reference Price Found
TFC,2023-03-31,Applebead,Equities,32.91,0.0,32.90999984741211,No Reference Price Found
EQT,2023-02-28,Leeder,Equities,32.91,0.0,32.90999984741211,No Reference Price Found
INVH,2023-04-30,Belaware,Equities,32.87,0.0,32.869998931884766,No Reference Price Found
HPQ,2023-07-31,Fund Whitestone,Equities,32.83,0.0,32.83000183105469,No Reference Price Found
CAG,2023-07-31,Applebead,Equities,32.81,0.0,32.810001373291016,No Reference Price Found
DAL,2022-12-31,Applebead,Equities,32.79,0.0,32.790000915527344,No Reference Price Found
INVH,2022-09-30,Belaware,Equities,32.77,0.0,32.77000045776367,No Reference Price Found
JNPR,2022-11-30,Belaware,Equities,32.77,0.0,32.77000045776367,No Reference Price Found
IPG,2022-12-31,Report-of-Gohen,Equities,32.76,0.0,32.7599983215332,No Reference Price Found
CFG,2022-09-30,Leeder,Equities,32.75,0.0,32.75,No Reference Price Found
BAC,2022-08-31,Virtous,Equities,32.72,0.0,32.720001220703125,No Reference Price Found
VICI,2023-02-28,Fund Whitestone,Equities,32.71,0.0,32.709999084472656,No Reference Price Found
TFC,2023-07-31,Applebead,Equities,32.67,0.0,32.66999816894531,No Reference Price Found
BAC,2022-12-31,Virtous,Equities,32.65,0.0,32.650001525878906,No Reference Price Found
FITB,2022-08-31,rpt-Catalysm,Equities,32.64,0.0,32.63999938964844,No Reference Price Found
MGM,2022-08-31,Leeder,Equities,32.64,0.0,32.63999938964844,No Reference Price Found
WMB,2023-06-30,Virtous,Equities,32.63,0.0,32.630001068115234,No Reference Price Found
HAL,2023-04-30,Applebead,Equities,32.58,0.0,32.58000183105469,No Reference Price Found
UAL,2022-09-30,TT_monthly_Trustmind,Equities,32.53,0.0,32.529998779296875,No Reference Price Found
WY,2022-08-31,Magnum,Equities,32.5,0.0,32.5,No Reference Price Found
CSX,2022-11-30,Wallington,Equities,32.46,0.0,32.459999084472656,No Reference Price Found
INTC,2023-03-31,Leeder,Equities,32.42,0.0,32.41999816894531,No Reference Price Found
LUV,2023-03-31,Magnum,Equities,32.37,0.0,32.369998931884766,No Reference Price Found
EQT,2023-01-31,Leeder,Equities,32.25,0.0,32.25,No Reference Price Found
FOX,2023-02-28,Belaware,Equities,32.25,0.0,32.25,No Reference Price Found
FOXA,2022-11-30,Applebead,Equities,32.22,0.0,32.220001220703125,No Reference Price Found
WMB,2022-08-31,Virtous,Equities,32.22,0.0,32.220001220703125,No Reference Price Found
VICI,2023-03-31,Fund Whitestone,Equities,32.22,0.0,32.220001220703125,No Reference Price Found
IP,2023-04-30,Leeder,Equities,32.2,0.0,32.20000076293945,No Reference Price Found
FOXA,2023-08-31,Applebead,Equities,32.12,0.0,32.119998931884766,No Reference Price Found
TPR,2023-08-31,Applebead,Equities,32.01,0.0,32.0099983215332,No Reference Price Found
FITB,2022-12-31,rpt-Catalysm,Equities,32.0,0.0,32.0,No Reference Price Found
BAC,2023-07-31,Virtous,Equities,32.0,0.0,32.0,No Reference Price Found
MOS,2023-05-31,rpt-Catalysm,Equities,31.96,0.0,31.959999084472656,No Reference Price Found
WMB,2022-12-31,Virtous,Equities,31.95,0.0,31.950000762939453,No Reference Price Found
INVH,2022-11-30,Belaware,Equities,31.89,0.0,31.889999389648438,No Reference Price Found
FOX,2023-06-30,Belaware,Equities,31.89,0.0,31.889999389648438,No Reference Price Found
IP,2022-10-31,Leeder,Equities,31.87,0.0,31.8700008392334,No Reference Price Found
JNPR,2023-01-31,Belaware,Equities,31.84,0.0,31.84000015258789,No Reference Price Found
CFG,2023-07-31,Leeder,Equities,31.84,0.0,31.84000015258789,No Reference Price Found
INVH,2023-01-31,Belaware,Equities,31.76,0.0,31.760000228881836,No Reference Price Found
EQT,2023-03-31,Leeder,Equities,31.65,0.0,31.649999618530273,No Reference Price Found
VICI,2022-12-31,Fund Whitestone,Equities,31.61,0.0,31.610000610351562,No Reference Price Found
JNPR,2022-12-31,Belaware,Equities,31.5,0.0,31.5,No Reference Price Found
HAL,2023-03-31,Applebead,Equities,31.48,0.0,31.479999542236328,No Reference Price Found
VICI,2023-07-31,Fund Whitestone,Equities,31.48,0.0,31.479999542236328,No Reference Price Found
FOX,2023-01-31,Belaware,Equities,31.46,0.0,31.459999084472656,No Reference Price Found
TFC,2023-04-30,Applebead,Equities,31.44,0.0,31.440000534057617,No Reference Price Found
VICI,2023-06-30,Fund Whitestone,Equities,31.43,0.0,31.43000030517578,No Reference Price Found
VICI,2022-08-31,Fund Whitestone,Equities,31.43,0.0,31.43000030517578,No Reference Price Found
CAG,2022-09-30,Applebead,Equities,31.43,0.0,31.43000030517578,No Reference Price Found
FOX,2023-07-31,Belaware,Equities,31.41,0.0,31.40999984741211,No Reference Price Found
IP,2023-06-30,Leeder,Equities,31.39,0.0,31.389999389648438,No Reference Price Found
WMB,2022-10-31,Virtous,Equities,31.39,0.0,31.389999389648438,No Reference Price Found
FOX,2022-08-31,Belaware,Equities,31.38,0.0,31.3799991607666,No Reference Price Found
FCX,2022-10-31,Fund Whitestone,Equities,31.35,0.0,31.350000381469727,No Reference Price Found
VFC,2022-11-30,Virtous,Equities,31.35,0.0,31.350000381469727,No Reference Price Found
HPQ,2023-08-31,Fund Whitestone,Equities,31.34,0.0,31.34000015258789,No Reference Price Found
INTC,2023-05-31,Leeder,Equities,31.33,0.0,31.329999923706055,No Reference Price Found
JNPR,2023-06-30,Belaware,Equities,31.33,0.0,31.329999923706055,No Reference Price Found
CSX,2022-08-31,TT_monthly_Trustmind,Equities,31.33,0.0,31.329999923706055,No Reference Price Found
FOX,2023-03-31,Belaware,Equities,31.31,0.0,31.309999465942383,No Reference Price Found
WMB,2023-01-31,Virtous,Equities,31.31,0.0,31.309999465942383,No Reference Price Found
IP,2023-08-31,Leeder,Equities,31.29,0.0,31.290000915527344,No Reference Price Found
WY,2022-11-30,Magnum,Equities,31.28,0.0,31.280000686645508,No Reference Price Found
WY,2023-08-31,Magnum,Equities,31.28,0.0,31.280000686645508,No Reference Price Found
FOXA,2023-05-31,Applebead,Equities,31.2,0.0,31.200000762939453,No Reference Price Found
IPG,2023-08-31,Report-of-Gohen,Equities,31.17,0.0,31.170000076293945,No Reference Price Found
WRK,2023-08-31,Leeder,Equities,31.09,0.0,31.09000015258789,No Reference Price Found
CMCSA,2022-10-31,Belaware,Equities,31.04,0.0,31.040000915527344,No Reference Price Found
DAL,2022-08-31,Applebead,Equities,31.0,0.0,31.0,No Reference Price Found
TPR,2022-10-31,Applebead,Equities,30.99,0.0,30.989999771118164,No Reference Price Found
VICI,2023-08-31,Fund Whitestone,Equities,30.93,0.0,30.93000030517578,No Reference Price Found
CAG,2023-08-31,Applebead,Equities,30.91,0.0,30.90999984741211,No Reference Price Found
INTC,2022-08-31,Leeder,Equities,30.88,0.0,30.8799991607666,No Reference Price Found
VICI,2022-10-31,Fund Whitestone,Equities,30.87,0.0,30.8700008392334,No Reference Price Found
WY,2023-02-28,Magnum,Equities,30.86,0.0,30.860000610351562,No Reference Price Found
FITB,2022-09-30,rpt-Catalysm,Equities,30.86,0.0,30.860000610351562,No Reference Price Found
WRK,2023-02-28,Leeder,Equities,30.84,0.0,30.84000015258789,No Reference Price Found
INTC,2023-04-30,Leeder,Equities,30.82,0.0,30.81999969482422,No Reference Price Found
HWM,2022-09-30,Wallington,Equities,30.81,0.0,30.809999465942383,No Reference Price Found
INVH,2023-02-28,Belaware,Equities,30.79,0.0,30.790000915527344,No Reference Price Found
INVH,2023-03-31,Belaware,Equities,30.76,0.0,30.760000228881836,No Reference Price Found
CSX,2022-12-31,TT_monthly_Trustmind,Equities,30.76,0.0,30.760000228881836,No Reference Price Found
INVH,2022-10-31,Belaware,Equities,30.75,0.0,30.75,No Reference Price Found
HPQ,2023-06-30,Fund Whitestone,Equities,30.71,0.0,30.709999084472656,No Reference Price Found
CSX,2023-01-31,TT_monthly_Trustmind,Equities,30.7,0.0,30.700000762939453,No Reference Price Found
CSX,2023-05-31,TT_monthly_Trustmind,Equities,30.67,0.0,30.670000076293945,No Reference Price Found
JNPR,2023-02-28,Belaware,Equities,30.56,0.0,30.559999465942383,No Reference Price Found
VICI,2023-05-31,Fund Whitestone,Equities,30.55,0.0,30.549999237060547,No Reference Price Found
FOX,2023-04-30,Belaware,Equities,30.54,0.0,30.540000915527344,No Reference Price Found
CSX,2023-04-30,TT_monthly_Trustmind,Equities,30.53,0.0,30.530000686645508,No Reference Price Found
BEN,2023-01-31,TT_monthly_Trustmind,Equities,30.5,0.0,30.5,No Reference Price Found
LNC,2023-02-28,Leeder,Equities,30.5,0.0,30.5,No Reference Price Found
FOXA,2022-09-30,Applebead,Equities,30.46,0.0,30.459999084472656,No Reference Price Found
CPRT,2022-12-31,Applebead,Equities,30.44,0.0,30.440000534057617,No Reference Price Found
CSX,2023-08-31,TT_monthly_Trustmind,Equities,30.4,0.0,30.399999618530273,No Reference Price Found
CSX,2023-02-28,TT_monthly_Trustmind,Equities,30.38,0.0,30.3799991607666,No Reference Price Found
JNPR,2023-05-31,Belaware,Equities,30.37,0.0,30.3700008392334,No Reference Price Found
LUV,2022-09-30,Magnum,Equities,30.36,0.0,30.360000610351562,No Reference Price Found
FOX,2022-11-30,Belaware,Equities,30.29,0.0,30.290000915527344,No Reference Price Found
FOXA,2022-12-31,Applebead,Equities,30.16,0.0,30.15999984741211,No Reference Price Found
LUV,2023-04-30,Magnum,Equities,30.13,0.0,30.1299991607666,No Reference Price Found
CFG,2023-04-30,Leeder,Equities,30.09,0.0,30.09000015258789,No Reference Price Found
VFC,2023-01-31,Virtous,Equities,30.09,0.0,30.09000015258789,No Reference Price Found
IP,2022-09-30,Leeder,Equities,30.06,0.0,30.059999465942383,No Reference Price Found
JNPR,2022-10-31,Belaware,Equities,29.97,0.0,29.969999313354492,No Reference Price Found
TFC,2023-05-31,Applebead,Equities,29.97,0.0,29.969999313354492,No Reference Price Found
FOX,2023-08-31,Belaware,Equities,29.95,0.0,29.950000762939453,No Reference Price Found
JNPR,2023-04-30,Belaware,Equities,29.93,0.0,29.93000030517578,No Reference Price Found
WRK,2023-03-31,Leeder,Equities,29.93,0.0,29.93000030517578,No Reference Price Found
WY,2023-03-31,Magnum,Equities,29.93,0.0,29.93000030517578,No Reference Price Found
CPRT,2022-08-31,Applebead,Equities,29.91,0.0,29.90999984741211,No Reference Price Found
WRK,2022-09-30,Leeder,Equities,29.85,0.0,29.850000381469727,No Reference Price Found
TFC,2023-06-30,Applebead,Equities,29.85,0.0,29.850000381469727,No Reference Price Found
WMB,2023-04-30,Virtous,Equities,29.83,0.0,29.829999923706055,No Reference Price Found
CSX,2023-03-31,TT_monthly_Trustmind,Equities,29.83,0.0,29.829999923706055,No Reference Price Found
WY,2022-12-31,Magnum,Equities,29.8,0.0,29.799999237060547,No Reference Price Found
MGM,2022-09-30,Leeder,Equities,29.72,0.0,29.719999313354492,No Reference Price Found
LUV,2023-05-31,Magnum,Equities,29.71,0.0,29.709999084472656,No Reference Price Found
LUV,2023-08-31,Magnum,Equities,29.71,0.0,29.709999084472656,No Reference Price Found
WY,2023-04-30,Magnum,Equities,29.71,0.0,29.709999084472656,No Reference Price Found
HAL,2022-08-31,Applebead,Equities,29.63,0.0,29.6299991607666,No Reference Price Found
BAC,2022-09-30,Virtous,Equities,29.59,0.0,29.59000015258789,No Reference Price Found
WY,2022-10-31,Magnum,Equities,29.58,0.0,29.579999923706055,No Reference Price Found
CFG,2023-03-31,Leeder,Equities,29.54,0.0,29.540000915527344,No Reference Price Found
INTC,2022-11-30,Leeder,Equities,29.48,0.0,29.479999542236328,No Reference Price Found
USB,2023-05-31,rpt-Catalysm,Equities,29.46,0.0,29.459999084472656,No Reference Price Found
HPQ,2023-04-30,Fund Whitestone,Equities,29.45,0.0,29.450000762939453,No Reference Price Found
WMB,2023-03-31,Virtous,Equities,29.44,0.0,29.440000534057617,No Reference Price Found
WRK,2023-04-30,Leeder,Equities,29.4,0.0,29.399999618530273,No Reference Price Found
HPQ,2022-11-30,Fund Whitestone,Equities,29.24,0.0,29.239999771118164,No Reference Price Found
BEN,2023-07-31,TT_monthly_Trustmind,Equities,29.24,0.0,29.239999771118164,No Reference Price Found
WMB,2023-02-28,Virtous,Equities,29.23,0.0,29.229999542236328,No Reference Price Found
FOX,2023-05-31,Belaware,Equities,29.21,0.0,29.209999084472656,No Reference Price Found
FCX,2022-08-31,Fund Whitestone,Equities,29.14,0.0,29.139999389648438,No Reference Price Found
LNC,2022-12-31,Leeder,Equities,29.12,0.0,29.1200008392334,No Reference Price Found
HPQ,2023-03-31,Fund Whitestone,Equities,29.1,0.0,29.100000381469727,No Reference Price Found
FITB,2023-07-31,rpt-Catalysm,Equities,29.1,0.0,29.100000381469727,No Reference Price Found
PPL,2023-01-31,Leeder,Equities,29.08,0.0,29.079999923706055,No Reference Price Found
IP,2023-05-31,Leeder,Equities,29.06,0.0,29.059999465942383,No Reference Price Found
IPG,2022-10-31,Report-of-Gohen,Equities,29.05,0.0,29.049999237060547,No Reference Price Found
BAC,2023-04-30,Virtous,Equities,29.05,0.0,29.049999237060547,No Reference Price Found
HPQ,2023-02-28,Fund Whitestone,Equities,29.0,0.0,29.0,No Reference Price Found
INVH,2022-12-31,Belaware,Equities,28.96,0.0,28.959999084472656,No Reference Price Found
TFC,2023-08-31,Applebead,Equities,28.86,0.0,28.860000610351562,No Reference Price Found
WRK,2023-06-30,Leeder,Equities,28.84,0.0,28.84000015258789,No Reference Price Found
HPQ,2023-05-31,Fund Whitestone,Equities,28.81,0.0,28.809999465942383,No Reference Price Found
BEN,2023-02-28,TT_monthly_Trustmind,Equities,28.81,0.0,28.809999465942383,No Reference Price Found
VICI,2022-09-30,Fund Whitestone,Equities,28.78,0.0,28.780000686645508,No Reference Price Found
PPL,2022-11-30,Leeder,Equities,28.77,0.0,28.770000457763672,No Reference Price Found
CSX,2022-10-31,TT_monthly_Trustmind,Equities,28.76,0.0,28.760000228881836,No Reference Price Found
CPRT,2022-10-31,Applebead,Equities,28.76,0.0,28.760000228881836,No Reference Price Found
PPL,2022-12-31,Leeder,Equities,28.7,0.0,28.700000762939453,No Reference Price Found
BAC,2023-06-30,Virtous,Equities,28.69,0.0,28.690000534057617,No Reference Price Found
FOXA,2022-10-31,Applebead,Equities,28.67,0.0,28.670000076293945,No Reference Price Found
HPQ,2023-01-31,Fund Whitestone,Equities,28.62,0.0,28.6200008392334,No Reference Price Found
VFC,2022-09-30,Virtous,Equities,28.57,0.0,28.56999969482422,No Reference Price Found
HAL,2023-05-31,Applebead,Equities,28.5,0.0,28.5,No Reference Price Found
WY,2023-05-31,Magnum,Equities,28.47,0.0,28.469999313354492,No Reference Price Found
PPL,2023-04-30,Leeder,Equities,28.46,0.0,28.459999084472656,No Reference Price Found
NI,2022-08-31,Fund Whitestone,Equities,28.46,0.0,28.459999084472656,No Reference Price Found
CMCSA,2022-09-30,Belaware,Equities,28.43,0.0,28.43000030517578,No Reference Price Found
BAC,2023-03-31,Virtous,Equities,28.37,0.0,28.3700008392334,No Reference Price Found
AES,2022-11-30,Virtous,Equities,28.32,0.0,28.31999969482422,No Reference Price Found
FOX,2022-09-30,Belaware,Equities,28.28,0.0,28.280000686645508,No Reference Price Found
WMB,2023-05-31,Virtous,Equities,28.26,0.0,28.260000228881836,No Reference Price Found
FOX,2022-12-31,Belaware,Equities,28.23,0.0,28.229999542236328,No Reference Price Found
NI,2023-04-30,Fund Whitestone,Equities,28.21,0.0,28.209999084472656,No Reference Price Found
AES,2022-12-31,Virtous,Equities,28.16,0.0,28.15999984741211,No Reference Price Found
PPL,2022-08-31,Leeder,Equities,28.13,0.0,28.1299991607666,No Reference Price Found
LNC,2023-07-31,Leeder,Equities,28.04,0.0,28.040000915527344,No Reference Price Found
DAL,2022-09-30,Applebead,Equities,28.0,0.0,28.0,No Reference Price Found
NI,2023-07-31,Fund Whitestone,Equities,27.84,0.0,27.84000015258789,No Reference Price Found
JNPR,2022-08-31,Belaware,Equities,27.83,0.0,27.829999923706055,No Reference Price Found
TPR,2022-09-30,Leeder,Equities,27.81,0.0,27.809999465942383,No Reference Price Found
JNPR,2023-07-31,Belaware,Equities,27.8,0.0,27.799999237060547,No Reference Price Found
WRK,2023-05-31,Leeder,Equities,27.79,0.0,27.790000915527344,No Reference Price Found
INTC,2023-01-31,Leeder,Equities,27.71,0.0,27.709999084472656,No Reference Price Found
BAC,2023-08-31,Virtous,Equities,27.71,0.0,27.709999084472656,No Reference Price Found
HPQ,2022-08-31,Fund Whitestone,Equities,27.7,0.0,27.700000762939453,No Reference Price Found
BAC,2023-05-31,Virtous,Equities,27.57,0.0,27.56999969482422,No Reference Price Found
PPL,2023-03-31,Leeder,Equities,27.54,0.0,27.540000915527344,No Reference Price Found
PPL,2023-07-31,Leeder,Equities,27.53,0.0,27.530000686645508,No Reference Price Found
INTC,2022-10-31,Leeder,Equities,27.5,0.0,27.5,No Reference Price Found
NI,2023-03-31,Fund Whitestone,Equities,27.47,0.0,27.469999313354492,No Reference Price Found
WMB,2022-09-30,Virtous,Equities,27.45,0.0,27.450000762939453,No Reference Price Found
WY,2022-09-30,Magnum,Equities,27.31,0.0,27.309999465942383,No Reference Price Found
NI,2022-11-30,Fund Whitestone,Equities,27.19,0.0,27.190000534057617,No Reference Price Found
NI,2023-06-30,Fund Whitestone,Equities,27.11,0.0,27.110000610351562,No Reference Price Found
NI,2023-01-31,Fund Whitestone,Equities,27.01,0.0,27.010000228881836,No Reference Price Found
AES,2023-01-31,Virtous,Equities,27.01,0.0,27.010000228881836,No Reference Price Found
FOX,2022-10-31,Belaware,Equities,26.99,0.0,26.989999771118164,No Reference Price Found
VFC,2022-10-31,Virtous,Equities,26.98,0.0,26.979999542236328,No Reference Price Found
IPG,2022-08-31,Report-of-Gohen,Equities,26.95,0.0,26.950000762939453,No Reference Price Found
NI,2023-02-28,Fund Whitestone,Equities,26.94,0.0,26.940000534057617,No Reference Price Found
FCX,2022-09-30,Fund Whitestone,Equities,26.9,0.0,26.899999618530273,No Reference Price Found
HPQ,2022-10-31,Fund Whitestone,Equities,26.88,0.0,26.8799991607666,No Reference Price Found
CFG,2023-08-31,Leeder,Equities,26.86,0.0,26.860000610351562,No Reference Price Found
VFC,2022-12-31,Virtous,Equities,26.85,0.0,26.850000381469727,No Reference Price Found
JNPR,2023-08-31,Belaware,Equities,26.8,0.0,26.799999237060547,No Reference Price Found
BEN,2023-06-30,TT_monthly_Trustmind,Equities,26.71,0.0,26.709999084472656,No Reference Price Found
NI,2023-08-31,Fund Whitestone,Equities,26.7,0.0,26.700000762939453,No Reference Price Found
NI,2022-12-31,Fund Whitestone,Equities,26.69,0.0,26.690000534057617,No Reference Price Found
NI,2023-05-31,Fund Whitestone,Equities,26.65,0.0,26.649999618530273,No Reference Price Found
BEN,2023-03-31,TT_monthly_Trustmind,Equities,26.64,0.0,26.639999389648438,No Reference Price Found
CPRT,2022-09-30,Applebead,Equities,26.6,0.0,26.600000381469727,No Reference Price Found
PPL,2023-02-28,Leeder,Equities,26.59,0.0,26.59000015258789,No Reference Price Found
BEN,2023-04-30,TT_monthly_Trustmind,Equities,26.58,0.0,26.579999923706055,No Reference Price Found
PPL,2023-06-30,Leeder,Equities,26.46,0.0,26.459999084472656,No Reference Price Found
HPQ,2022-12-31,Fund Whitestone,Equities,26.39,0.0,26.389999389648438,No Reference Price Found
CSX,2022-09-30,TT_monthly_Trustmind,Equities,26.37,0.0,26.3700008392334,No Reference Price Found
LNC,2023-08-31,Leeder,Equities,26.36,0.0,26.360000610351562,No Reference Price Found
FITB,2023-03-31,rpt-Catalysm,Equities,26.31,0.0,26.309999465942383,No Reference Price Found
FITB,2023-06-30,rpt-Catalysm,Equities,26.21,0.0,26.209999084472656,No Reference Price Found
PPL,2023-05-31,Leeder,Equities,25.97,0.0,25.969999313354492,No Reference Price Found
INTC,2022-12-31,Leeder,Equities,25.91,0.0,25.90999984741211,No Reference Price Found
BEN,2022-11-30,TT_monthly_Trustmind,Equities,25.91,0.0,25.90999984741211,No Reference Price Found
FITB,2023-04-30,rpt-Catalysm,Equities,25.87,0.0,25.8700008392334,No Reference Price Found
PPL,2022-10-31,Leeder,Equities,25.82,0.0,25.81999969482422,No Reference Price Found
BEN,2022-12-31,TT_monthly_Trustmind,Equities,25.79,0.0,25.790000915527344,No Reference Price Found
CFG,2023-06-30,Leeder,Equities,25.74,0.0,25.739999771118164,No Reference Price Found
AES,2022-10-31,Virtous,Equities,25.62,0.0,25.6200008392334,No Reference Price Found
JNPR,2022-09-30,Belaware,Equities,25.58,0.0,25.579999923706055,No Reference Price Found
CFG,2023-05-31,Leeder,Equities,25.44,0.0,25.440000534057617,No Reference Price Found
PPL,2023-08-31,Leeder,Equities,25.34,0.0,25.34000015258789,No Reference Price Found
LNC,2023-06-30,Leeder,Equities,25.31,0.0,25.309999465942383,No Reference Price Found
BEN,2023-08-31,TT_monthly_Trustmind,Equities,25.25,0.0,25.25,No Reference Price Found
NI,2022-10-31,Fund Whitestone,Equities,25.0,0.0,25.0,No Reference Price Found
IPG,2022-09-30,Report-of-Gohen,Equities,24.96,0.0,24.959999084472656,No Reference Price Found
INTC,2022-09-30,Leeder,Equities,24.93,0.0,24.93000030517578,No Reference Price Found
BEN,2022-08-31,TT_monthly_Trustmind,Equities,24.88,0.0,24.8799991607666,No Reference Price Found
AES,2022-08-31,Virtous,Equities,24.77,0.0,24.770000457763672,No Reference Price Found
INTC,2023-02-28,Leeder,Equities,24.74,0.0,24.739999771118164,No Reference Price Found
PPL,2022-09-30,Leeder,Equities,24.71,0.0,24.709999084472656,No Reference Price Found
AES,2023-02-28,Virtous,Equities,24.32,0.0,24.31999969482422,No Reference Price Found
HAL,2022-09-30,Applebead,Equities,24.31,0.0,24.309999465942383,No Reference Price Found
NI,2022-09-30,Fund Whitestone,Equities,24.29,0.0,24.290000915527344,No Reference Price Found
HPQ,2022-09-30,Fund Whitestone,Equities,24.26,0.0,24.260000228881836,No Reference Price Found
VFC,2023-02-28,Virtous,Equities,24.14,0.0,24.139999389648438,No Reference Price Found
FITB,2023-05-31,rpt-Catalysm,Equities,23.97,0.0,23.969999313354492,No Reference Price Found
FITB,2023-08-31,rpt-Catalysm,Equities,23.88,0.0,23.8799991607666,No Reference Price Found
BEN,2023-05-31,TT_monthly_Trustmind,Equities,23.74,0.0,23.739999771118164,No Reference Price Found
AES,2023-03-31,Virtous,Equities,23.73,0.0,23.729999542236328,No Reference Price Found
AES,2023-04-30,Virtous,Equities,23.48,0.0,23.479999542236328,No Reference Price Found
PARA,2023-04-30,Leeder,Equities,23.26,0.0,23.260000228881836,No Reference Price Found
VFC,2023-04-30,Virtous,Equities,23.15,0.0,23.149999618530273,No Reference Price Found
RF,2023-01-31,Belaware,Equities,23.05,0.0,23.049999237060547,No Reference Price Found
RF,2023-02-28,Belaware,Equities,22.84,0.0,22.84000015258789,No Reference Price Found
PARA,2023-01-31,Leeder,Equities,22.81,0.0,22.809999465942383,No Reference Price Found
BEN,2022-10-31,TT_monthly_Trustmind,Equities,22.66,0.0,22.65999984741211,No Reference Price Found
VFC,2023-03-31,Virtous,Equities,22.56,0.0,22.559999465942383,No Reference Price Found
PARA,2022-08-31,Leeder,Equities,22.52,0.0,22.520000457763672,No Reference Price Found
RF,2022-11-30,Belaware,Equities,22.52,0.0,22.520000457763672,No Reference Price Found
PARA,2023-03-31,Leeder,Equities,22.24,0.0,22.239999771118164,No Reference Price Found
KIM,2022-11-30,Belaware,Equities,22.14,0.0,22.139999389648438,No Reference Price Found
AES,2022-09-30,Virtous,Equities,22.0,0.0,22.0,No Reference Price Found
KIM,2023-01-31,Belaware,Equities,21.93,0.0,21.93000030517578,No Reference Price Found
AES,2023-07-31,Virtous,Equities,21.63,0.0,21.6299991607666,No Reference Price Found
LNC,2023-03-31,Leeder,Equities,21.6,0.0,21.600000381469727,No Reference Price Found
LNC,2023-04-30,Leeder,Equities,21.35,0.0,21.350000381469727,No Reference Price Found
RF,2022-10-31,Belaware,Equities,21.3,0.0,21.299999237060547,No Reference Price Found
RF,2022-12-31,Belaware,Equities,21.11,0.0,21.110000610351562,No Reference Price Found
PARA,2023-02-28,Leeder,Equities,21.1,0.0,21.100000381469727,No Reference Price Found
RF,2022-08-31,Belaware,Equities,20.83,0.0,20.829999923706055,No Reference Price Found
BEN,2022-09-30,TT_monthly_Trustmind,Equities,20.8,0.0,20.799999237060547,No Reference Price Found
KIM,2022-12-31,Belaware,Equities,20.68,0.0,20.68000030517578,No Reference Price Found
KIM,2022-10-31,Belaware,Equities,20.66,0.0,20.65999984741211,No Reference Price Found
AES,2023-06-30,Virtous,Equities,20.57,0.0,20.56999969482422,No Reference Price Found
LNC,2023-05-31,Leeder,Equities,20.55,0.0,20.549999237060547,No Reference Price Found
RF,2023-07-31,Belaware,Equities,20.37,0.0,20.3700008392334,No Reference Price Found
KIM,2023-07-31,Belaware,Equities,20.26,0.0,20.260000228881836,No Reference Price Found
KIM,2022-08-31,Belaware,Equities,20.16,0.0,20.15999984741211,No Reference Price Found
KIM,2023-02-28,Belaware,Equities,20.12,0.0,20.1200008392334,No Reference Price Found
VFC,2023-07-31,Virtous,Equities,19.81,0.0,19.809999465942383,No Reference Price Found
T,2023-01-31,Fund Whitestone,Equities,19.73,0.0,19.729999542236328,No Reference Price Found
KIM,2023-06-30,Belaware,Equities,19.72,0.0,19.719999313354492,No Reference Price Found
AES,2023-05-31,Virtous,Equities,19.59,0.0,19.59000015258789,No Reference Price Found
PARA,2022-11-30,Leeder,Equities,19.54,0.0,19.540000915527344,No Reference Price Found
RF,2022-09-30,Belaware,Equities,19.47,0.0,19.469999313354492,No Reference Price Found
KIM,2023-03-31,Belaware,Equities,19.29,0.0,19.290000915527344,No Reference Price Found
VFC,2023-06-30,Virtous,Equities,19.09,0.0,19.09000015258789,No Reference Price Found
KIM,2023-04-30,Belaware,Equities,18.96,0.0,18.959999084472656,No Reference Price Found
CCL,2023-07-31,Magnum,Equities,18.84,0.0,18.84000015258789,No Reference Price Found
CCL,2023-06-30,Magnum,Equities,18.83,0.0,18.829999923706055,No Reference Price Found
VFC,2023-08-31,Virtous,Equities,18.77,0.0,18.770000457763672,No Reference Price Found
T,2023-03-31,Fund Whitestone,Equities,18.65,0.0,18.649999618530273,No Reference Price Found
KEY,2023-01-31,Leeder,Equities,18.59,0.0,18.59000015258789,No Reference Price Found
HST,2023-01-31,Wallington,Equities,18.54,0.0,18.540000915527344,No Reference Price Found
PARA,2022-09-30,Leeder,Equities,18.53,0.0,18.530000686645508,No Reference Price Found
HST,2022-11-30,Wallington,Equities,18.48,0.0,18.479999542236328,No Reference Price Found
HST,2022-10-31,Wallington,Equities,18.43,0.0,18.43000030517578,No Reference Price Found
KIM,2023-08-31,Belaware,Equities,18.43,0.0,18.43000030517578,No Reference Price Found
T,2022-11-30,Fund Whitestone,Equities,18.41,0.0,18.40999984741211,No Reference Price Found
HST,2023-07-31,Wallington,Equities,18.4,0.0,18.399999618530273,No Reference Price Found
RF,2023-03-31,Belaware,Equities,18.35,0.0,18.350000381469727,No Reference Price Found
T,2023-02-28,Fund Whitestone,Equities,18.32,0.0,18.31999969482422,No Reference Price Found
KMI,2022-11-30,Report-of-Gohen,Equities,18.23,0.0,18.229999542236328,No Reference Price Found
KEY,2022-11-30,Leeder,Equities,18.22,0.0,18.219999313354492,No Reference Price Found
KIM,2023-05-31,Belaware,Equities,18.16,0.0,18.15999984741211,No Reference Price Found
RF,2023-04-30,Belaware,Equities,18.05,0.0,18.049999237060547,No Reference Price Found
RF,2023-08-31,Belaware,Equities,18.01,0.0,18.010000228881836,No Reference Price Found
AAL,2023-06-30,Belaware,Equities,17.94,0.0,17.940000534057617,No Reference Price Found
KEY,2023-02-28,Leeder,Equities,17.92,0.0,17.920000076293945,No Reference Price Found
PARA,2022-10-31,Leeder,Equities,17.83,0.0,17.829999923706055,No Reference Price Found
RF,2023-06-30,Belaware,Equities,17.82,0.0,17.81999969482422,No Reference Price Found
KIM,2022-09-30,Belaware,Equities,17.79,0.0,17.790000915527344,No Reference Price Found
KMI,2023-01-31,Report-of-Gohen,Equities,17.72,0.0,17.719999313354492,No Reference Price Found
KMI,2023-07-31,Report-of-Gohen,Equities,17.71,0.0,17.709999084472656,No Reference Price Found
PCG,2023-07-31,Belaware,Equities,17.61,0.0,17.610000610351562,No Reference Price Found
T,2022-12-31,Fund Whitestone,Equities,17.58,0.0,17.579999923706055,No Reference Price Found
AES,2023-08-31,Virtous,Equities,17.55,0.0,17.549999237060547,No Reference Price Found
T,2022-10-31,Fund Whitestone,Equities,17.41,0.0,17.40999984741211,No Reference Price Found
HPE,2023-07-31,Report-of-Gohen,Equities,17.38,0.0,17.3799991607666,No Reference Price Found
T,2023-04-30,Fund Whitestone,Equities,17.36,0.0,17.360000610351562,No Reference Price Found
KMI,2023-08-31,Report-of-Gohen,Equities,17.35,0.0,17.350000381469727,No Reference Price Found
KMI,2022-10-31,Report-of-Gohen,Equities,17.28,0.0,17.280000686645508,No Reference Price Found
PCG,2023-06-30,Belaware,Equities,17.28,0.0,17.280000686645508,No Reference Price Found
KMI,2022-12-31,Report-of-Gohen,Equities,17.24,0.0,17.239999771118164,No Reference Price Found
HST,2022-08-31,Wallington,Equities,17.22,0.0,17.219999313354492,No Reference Price Found
KMI,2022-08-31,Report-of-Gohen,Equities,17.2,0.0,17.200000762939453,No Reference Price Found
KEY,2022-10-31,Leeder,Equities,17.13,0.0,17.1299991607666,No Reference Price Found
NWL,2022-08-31,Applebead,Equities,17.12,0.0,17.1200008392334,No Reference Price Found
PCG,2023-04-30,Belaware,Equities,17.11,0.0,17.110000610351562,No Reference Price Found
RF,2023-05-31,Belaware,Equities,17.07,0.0,17.06999969482422,No Reference Price Found
PCG,2023-08-31,Belaware,Equities,17.01,0.0,17.010000228881836,No Reference Price Found
VFC,2023-05-31,Virtous,Equities,16.96,0.0,16.959999084472656,No Reference Price Found
KEY,2022-08-31,Leeder,Equities,16.95,0.0,16.950000762939453,No Reference Price Found
KMI,2023-03-31,Report-of-Gohen,Equities,16.95,0.0,16.950000762939453,No Reference Price Found
KMI,2023-06-30,Report-of-Gohen,Equities,16.95,0.0,16.950000762939453,No Reference Price Found
PCG,2023-05-31,Belaware,Equities,16.94,0.0,16.940000534057617,No Reference Price Found
KMI,2023-04-30,Report-of-Gohen,Equities,16.88,0.0,16.8799991607666,No Reference Price Found
KEY,2022-12-31,Leeder,Equities,16.88,0.0,16.8799991607666,No Reference Price Found
HST,2023-06-30,Wallington,Equities,16.83,0.0,16.829999923706055,No Reference Price Found
HPE,2023-06-30,Report-of-Gohen,Equities,16.8,0.0,16.799999237060547,No Reference Price Found
AAL,2023-07-31,Belaware,Equities,16.75,0.0,16.75,No Reference Price Found
PARA,2022-12-31,Leeder,Equities,16.63,0.0,16.6299991607666,No Reference Price Found
HPE,2023-08-31,Report-of-Gohen,Equities,16.6,0.0,16.600000381469727,No Reference Price Found
HST,2023-02-28,Wallington,Equities,16.52,0.0,16.520000457763672,No Reference Price Found
KMI,2023-02-28,Report-of-Gohen,Equities,16.52,0.0,16.520000457763672,No Reference Price Found
T,2022-08-31,Fund Whitestone,Equities,16.46,0.0,16.459999084472656,No Reference Price Found
HST,2023-05-31,Wallington,Equities,16.45,0.0,16.450000762939453,No Reference Price Found
HPE,2022-11-30,Report-of-Gohen,Equities,16.39,0.0,16.389999389648438,No Reference Price Found
HST,2023-03-31,Wallington,Equities,16.34,0.0,16.34000015258789,No Reference Price Found
PCG,2022-12-31,Belaware,Equities,16.26,0.0,16.260000228881836,No Reference Price Found
PCG,2023-03-31,Belaware,Equities,16.17,0.0,16.170000076293945,No Reference Price Found
AAL,2023-01-31,Belaware,Equities,16.14,0.0,16.139999389648438,No Reference Price Found
CCL,2023-08-31,Magnum,Equities,16.09,0.0,16.09000015258789,No Reference Price Found
PARA,2023-07-31,Leeder,Equities,16.03,0.0,16.030000686645508,No Reference Price Found
HST,2023-04-30,Wallington,Equities,16.02,0.0,16.020000457763672,No Reference Price Found
AAL,2023-02-28,Belaware,Equities,15.98,0.0,15.979999542236328,No Reference Price Found
PARA,2023-06-30,Leeder,Equities,15.91,0.0,15.90999984741211,No Reference Price Found
PCG,2023-01-31,Belaware,Equities,15.9,0.0,15.899999618530273,No Reference Price Found
HPE,2023-01-31,Report-of-Gohen,Equities,15.88,0.0,15.880000114440918,No Reference Price Found
KMI,2023-05-31,Report-of-Gohen,Equities,15.85,0.0,15.850000381469727,No Reference Price Found
HPE,2023-03-31,Report-of-Gohen,Equities,15.82,0.0,15.819999694824219,No Reference Price Found
HST,2022-12-31,Wallington,Equities,15.78,0.0,15.779999732971191,No Reference Price Found
HPE,2022-12-31,Report-of-Gohen,Equities,15.71,0.0,15.710000038146973,No Reference Price Found
PCG,2022-11-30,Belaware,Equities,15.7,0.0,15.699999809265137,No Reference Price Found
T,2023-06-30,Fund Whitestone,Equities,15.67,0.0,15.670000076293945,No Reference Price Found
PCG,2023-02-28,Belaware,Equities,15.62,0.0,15.619999885559082,No Reference Price Found
KMI,2022-09-30,Report-of-Gohen,Equities,15.62,0.0,15.619999885559082,No Reference Price Found
NWL,2023-01-31,Applebead,Equities,15.58,0.0,15.579999923706055,No Reference Price Found
HST,2022-09-30,Wallington,Equities,15.5,0.0,15.5,No Reference Price Found
T,2023-05-31,Fund Whitestone,Equities,15.45,0.0,15.449999809265137,No Reference Price Found
HST,2023-08-31,Wallington,Equities,15.4,0.0,15.399999618530273,No Reference Price Found
HPE,2023-02-28,Report-of-Gohen,Equities,15.36,0.0,15.359999656677246,No Reference Price Found
KEY,2022-09-30,Leeder,Equities,15.35,0.0,15.350000381469727,No Reference Price Found
PARA,2023-05-31,Leeder,Equities,15.16,0.0,15.15999984741211,No Reference Price Found
AAL,2023-08-31,Belaware,Equities,15.11,0.0,15.109999656677246,No Reference Price Found
PARA,2023-08-31,Leeder,Equities,15.02,0.0,15.020000457763672,No Reference Price Found
PCG,2022-10-31,Belaware,Equities,14.93,0.0,14.930000305175781,No Reference Price Found
AAL,2023-05-31,Belaware,Equities,14.78,0.0,14.779999732971191,No Reference Price Found
AAL,2023-03-31,Belaware,Equities,14.75,0.0,14.75,No Reference Price Found
NWL,2023-02-28,Applebead,Equities,14.57,0.0,14.569999694824219,No Reference Price Found
T,2023-07-31,Fund Whitestone,Equities,14.52,0.0,14.520000457763672,No Reference Price Found
AAL,2022-11-30,Belaware,Equities,14.43,0.0,14.430000305175781,No Reference Price Found
T,2022-09-30,Fund Whitestone,Equities,14.4,0.0,14.399999618530273,No Reference Price Found
HPE,2023-05-31,Report-of-Gohen,Equities,14.32,0.0,14.319999694824219,No Reference Price Found
HPE,2023-04-30,Report-of-Gohen,Equities,14.22,0.0,14.220000267028809,No Reference Price Found
AAL,2022-10-31,Belaware,Equities,14.18,0.0,14.180000305175781,No Reference Price Found
HPE,2022-10-31,Report-of-Gohen,Equities,13.94,0.0,13.9399995803833,No Reference Price Found
AAL,2023-04-30,Belaware,Equities,13.64,0.0,13.640000343322754,No Reference Price Found
T,2023-08-31,Fund Whitestone,Equities,13.55,0.0,13.550000190734863,No Reference Price Found
NWL,2022-09-30,Applebead,Equities,13.32,0.0,13.319999694824219,No Reference Price Found
NWL,2022-10-31,Applebead,Equities,13.25,0.0,13.25,No Reference Price Found
HPE,2022-08-31,Report-of-Gohen,Equities,13.17,0.0,13.170000076293945,No Reference Price Found
AAL,2022-08-31,Belaware,Equities,12.99,0.0,12.989999771118164,No Reference Price Found
NWL,2022-12-31,Applebead,Equities,12.77,0.0,12.770000457763672,No Reference Price Found
AAL,2022-12-31,Belaware,Equities,12.72,0.0,12.720000267028809,No Reference Price Found
NWL,2022-11-30,Applebead,Equities,12.66,0.0,12.65999984741211,No Reference Price Found
PCG,2022-09-30,Belaware,Equities,12.5,0.0,12.5,No Reference Price Found
NWL,2023-03-31,Applebead,Equities,12.34,0.0,12.34000015258789,No Reference Price Found
PCG,2022-08-31,Belaware,Equities,12.33,0.0,12.329999923706055,No Reference Price Found
KEY,2023-07-31,Leeder,Equities,12.31,0.0,12.3100004196167,No Reference Price Found
KEY,2023-03-31,Leeder,Equities,12.27,0.0,12.270000457763672,No Reference Price Found
NWL,2023-04-30,Applebead,Equities,12.05,0.0,12.050000190734863,No Reference Price Found
AAL,2022-09-30,Belaware,Equities,12.04,0.0,12.039999961853027,No Reference Price Found
VTRS,2023-01-31,Report-of-Gohen,Equities,11.74,0.0,11.739999771118164,No Reference Price Found
HPE,2022-09-30,Report-of-Gohen,Equities,11.7,0.0,11.699999809265137,No Reference Price Found
CCL,2023-05-31,Magnum,Equities,11.23,0.0,11.229999542236328,No Reference Price Found
NWL,2023-07-31,Applebead,Equities,11.16,0.0,11.15999984741211,No Reference Price Found
KEY,2023-04-30,Leeder,Equities,11.03,0.0,11.029999732971191,No Reference Price Found
VTRS,2023-02-28,Report-of-Gohen,Equities,11.01,0.0,11.010000228881836,No Reference Price Found
CCL,2023-01-31,Magnum,Equities,10.82,0.0,10.819999694824219,No Reference Price Found
VTRS,2022-12-31,Report-of-Gohen,Equities,10.75,0.0,10.75,No Reference Price Found
VTRS,2022-11-30,Report-of-Gohen,Equities,10.65,0.0,10.649999618530273,No Reference Price Found
VTRS,2023-08-31,Report-of-Gohen,Equities,10.64,0.0,10.640000343322754,No Reference Price Found
CCL,2023-02-28,Magnum,Equities,10.62,0.0,10.619999885559082,No Reference Price Found
VTRS,2023-07-31,Report-of-Gohen,Equities,10.42,0.0,10.420000076293945,No Reference Price Found
CCL,2023-03-31,Magnum,Equities,10.15,0.0,10.149999618530273,No Reference Price Found
KEY,2023-08-31,Leeder,Equities,10.06,0.0,10.0600004196167,No Reference Price Found
CCL,2022-11-30,Magnum,Equities,9.93,0.0,9.930000305175781,No Reference Price Found
VTRS,2023-06-30,Report-of-Gohen,Equities,9.87,0.0,9.869999885559082,No Reference Price Found
VTRS,2022-10-31,Report-of-Gohen,Equities,9.68,0.0,9.680000305175781,No Reference Price Found
CCL,2022-08-31,Magnum,Equities,9.46,0.0,9.460000038146973,No Reference Price Found
VTRS,2023-03-31,Report-of-Gohen,Equities,9.4,0.0,9.399999618530273,No Reference Price Found
KEY,2023-05-31,Leeder,Equities,9.34,0.0,9.34000015258789,No Reference Price Found
KEY,2023-06-30,Leeder,Equities,9.24,0.0,9.239999771118164,No Reference Price Found
CCL,2023-04-30,Magnum,Equities,9.21,0.0,9.210000038146973,No Reference Price Found
VTRS,2022-08-31,Report-of-Gohen,Equities,9.12,0.0,9.119999885559082,No Reference Price Found
VTRS,2023-04-30,Report-of-Gohen,Equities,9.11,0.0,9.109999656677246,No Reference Price Found
CCL,2022-10-31,Magnum,Equities,9.06,0.0,9.0600004196167,No Reference Price Found
NWL,2023-08-31,Applebead,Equities,9.06,0.0,9.0600004196167,No Reference Price Found
VTRS,2023-05-31,Report-of-Gohen,Equities,9.05,0.0,9.050000190734863,No Reference Price Found
NWL,2023-06-30,Applebead,Equities,8.7,0.0,8.699999809265137,No Reference Price Found
NWL,2023-05-31,Applebead,Equities,8.31,0.0,8.3100004196167,No Reference Price Found
VTRS,2022-09-30,Report-of-Gohen,Equities,8.14,0.0,8.140000343322754,No Reference Price Found
CCL,2022-12-31,Magnum,Equities,8.06,0.0,8.0600004196167,No Reference Price Found
CCL,2022-09-30,Magnum,Equities,7.03,0.0,7.03000020980835,No Reference Price Found
